image_id,tumor,has_image,image_path,has_annotation,annotation_path,width,height
IMG000001.jpeg,1,True,data\raw\images\IMG000001.jpeg,True,data\raw\Annotations\IMG000001.json,3213,2397
IMG000002.jpeg,1,True,data\raw\images\IMG000002.jpeg,True,data\raw\Annotations\IMG000002.json,1640,3032
IMG000003.jpeg,1,True,data\raw\images\IMG000003.jpeg,True,data\raw\Annotations\IMG000003.json,2276,3032
IMG000004.jpeg,1,True,data\raw\images\IMG000004.jpeg,True,data\raw\Annotations\IMG000004.json,2561,2817
IMG000005.jpeg,1,True,data\raw\images\IMG000005.jpeg,True,data\raw\Annotations\IMG000005.json,2642,2656
IMG000006.jpeg,1,True,data\raw\images\IMG000006.jpeg,True,data\raw\Annotations\IMG000006.json,1886,2984
IMG000007.jpeg,1,True,data\raw\images\IMG000007.jpeg,True,data\raw\Annotations\IMG000007.json,2064,2506
IMG000008.jpeg,1,True,data\raw\images\IMG000008.jpeg,True,data\raw\Annotations\IMG000008.json,1250,2120
IMG000009.jpeg,1,True,data\raw\images\IMG000009.jpeg,True,data\raw\Annotations\IMG000009.json,1250,2468
IMG000010.jpeg,1,True,data\raw\images\IMG000010.jpeg,True,data\raw\Annotations\IMG000010.json,2395,2032
IMG000011.jpeg,1,True,data\raw\images\IMG000011.jpeg,True,data\raw\Annotations\IMG000011.json,3320,3408
IMG000012.jpeg,1,True,data\raw\images\IMG000012.jpeg,True,data\raw\Annotations\IMG000012.json,2800,3408
IMG000013.jpeg,1,True,data\raw\images\IMG000013.jpeg,True,data\raw\Annotations\IMG000013.json,3320,3408
IMG000014.jpeg,1,True,data\raw\images\IMG000014.jpeg,True,data\raw\Annotations\IMG000014.json,3320,2880
IMG000015.jpeg,1,True,data\raw\images\IMG000015.jpeg,True,data\raw\Annotations\IMG000015.json,2015,3408
IMG000016.jpeg,1,True,data\raw\images\IMG000016.jpeg,True,data\raw\Annotations\IMG000016.json,2157,3408
IMG000017.jpeg,1,True,data\raw\images\IMG000017.jpeg,True,data\raw\Annotations\IMG000017.json,2039,3056
IMG000018.jpeg,1,True,data\raw\images\IMG000018.jpeg,True,data\raw\Annotations\IMG000018.json,2135,3056
IMG000019.jpeg,1,True,data\raw\images\IMG000019.jpeg,True,data\raw\Annotations\IMG000019.json,1900,3056
IMG000020.jpeg,1,True,data\raw\images\IMG000020.jpeg,True,data\raw\Annotations\IMG000020.json,2232,3056
IMG000021.jpeg,1,True,data\raw\images\IMG000021.jpeg,True,data\raw\Annotations\IMG000021.json,1940,3056
IMG000022.jpeg,1,True,data\raw\images\IMG000022.jpeg,True,data\raw\Annotations\IMG000022.json,1951,3056
IMG000023.jpeg,1,True,data\raw\images\IMG000023.jpeg,True,data\raw\Annotations\IMG000023.json,1723,3056
IMG000024.jpeg,1,True,data\raw\images\IMG000024.jpeg,True,data\raw\Annotations\IMG000024.json,2544,3056
IMG000025.jpeg,1,True,data\raw\images\IMG000025.jpeg,True,data\raw\Annotations\IMG000025.json,2544,3056
IMG000026.jpeg,1,True,data\raw\images\IMG000026.jpeg,True,data\raw\Annotations\IMG000026.json,3056,2544
IMG000027.jpeg,1,True,data\raw\images\IMG000027.jpeg,True,data\raw\Annotations\IMG000027.json,2544,3056
IMG000028.jpeg,1,True,data\raw\images\IMG000028.jpeg,True,data\raw\Annotations\IMG000028.json,2544,3056
IMG000029.jpeg,1,True,data\raw\images\IMG000029.jpeg,True,data\raw\Annotations\IMG000029.json,2544,3056
IMG000030.jpeg,1,True,data\raw\images\IMG000030.jpeg,True,data\raw\Annotations\IMG000030.json,2544,3056
IMG000031.jpeg,1,True,data\raw\images\IMG000031.jpeg,True,data\raw\Annotations\IMG000031.json,2544,3056
IMG000032.jpeg,1,True,data\raw\images\IMG000032.jpeg,True,data\raw\Annotations\IMG000032.json,2544,3056
IMG000033.jpeg,1,True,data\raw\images\IMG000033.jpeg,True,data\raw\Annotations\IMG000033.json,1511,3294
IMG000034.jpeg,1,True,data\raw\images\IMG000034.jpeg,True,data\raw\Annotations\IMG000034.json,1616,3408
IMG000035.jpeg,1,True,data\raw\images\IMG000035.jpeg,True,data\raw\Annotations\IMG000035.json,611,815
IMG000036.jpeg,1,True,data\raw\images\IMG000036.jpeg,True,data\raw\Annotations\IMG000036.json,817,811
IMG000037.jpeg,1,True,data\raw\images\IMG000037.jpeg,True,data\raw\Annotations\IMG000037.json,731,809
IMG000038.jpeg,1,True,data\raw\images\IMG000038.jpeg,True,data\raw\Annotations\IMG000038.json,669,818
IMG000039.jpeg,1,True,data\raw\images\IMG000039.jpeg,True,data\raw\Annotations\IMG000039.json,935,808
IMG000040.jpeg,1,True,data\raw\images\IMG000040.jpeg,True,data\raw\Annotations\IMG000040.json,549,819
IMG000041.jpeg,1,True,data\raw\images\IMG000041.jpeg,True,data\raw\Annotations\IMG000041.json,609,815
IMG000042.jpeg,1,True,data\raw\images\IMG000042.jpeg,True,data\raw\Annotations\IMG000042.json,607,808
IMG000043.jpeg,1,True,data\raw\images\IMG000043.jpeg,True,data\raw\Annotations\IMG000043.json,604,814
IMG000044.jpeg,1,True,data\raw\images\IMG000044.jpeg,True,data\raw\Annotations\IMG000044.json,505,815
IMG000045.jpeg,1,True,data\raw\images\IMG000045.jpeg,True,data\raw\Annotations\IMG000045.json,517,814
IMG000046.jpeg,1,True,data\raw\images\IMG000046.jpeg,True,data\raw\Annotations\IMG000046.json,455,809
IMG000047.jpeg,1,True,data\raw\images\IMG000047.jpeg,True,data\raw\Annotations\IMG000047.json,462,817
IMG000048.jpeg,1,True,data\raw\images\IMG000048.jpeg,True,data\raw\Annotations\IMG000048.json,586,804
IMG000049.jpeg,1,True,data\raw\images\IMG000049.jpeg,True,data\raw\Annotations\IMG000049.json,720,719
IMG000050.jpeg,1,True,data\raw\images\IMG000050.jpeg,True,data\raw\Annotations\IMG000050.json,917,812
IMG000051.jpeg,1,True,data\raw\images\IMG000051.jpeg,True,data\raw\Annotations\IMG000051.json,813,815
IMG000052.jpeg,1,True,data\raw\images\IMG000052.jpeg,True,data\raw\Annotations\IMG000052.json,501,813
IMG000053.jpeg,1,True,data\raw\images\IMG000053.jpeg,True,data\raw\Annotations\IMG000053.json,630,815
IMG000054.jpeg,1,True,data\raw\images\IMG000054.jpeg,True,data\raw\Annotations\IMG000054.json,628,816
IMG000055.jpeg,1,True,data\raw\images\IMG000055.jpeg,True,data\raw\Annotations\IMG000055.json,680,818
IMG000056.jpeg,1,True,data\raw\images\IMG000056.jpeg,True,data\raw\Annotations\IMG000056.json,730,809
IMG000057.jpeg,1,True,data\raw\images\IMG000057.jpeg,True,data\raw\Annotations\IMG000057.json,534,815
IMG000058.jpeg,1,True,data\raw\images\IMG000058.jpeg,True,data\raw\Annotations\IMG000058.json,510,813
IMG000059.jpeg,1,True,data\raw\images\IMG000059.jpeg,True,data\raw\Annotations\IMG000059.json,581,802
IMG000060.jpeg,1,True,data\raw\images\IMG000060.jpeg,True,data\raw\Annotations\IMG000060.json,588,790
IMG000061.jpeg,1,True,data\raw\images\IMG000061.jpeg,True,data\raw\Annotations\IMG000061.json,517,728
IMG000062.jpeg,1,True,data\raw\images\IMG000062.jpeg,True,data\raw\Annotations\IMG000062.json,501,735
IMG000063.jpeg,1,True,data\raw\images\IMG000063.jpeg,True,data\raw\Annotations\IMG000063.json,467,812
IMG000064.jpeg,1,True,data\raw\images\IMG000064.jpeg,True,data\raw\Annotations\IMG000064.json,481,813
IMG000065.jpeg,1,True,data\raw\images\IMG000065.jpeg,True,data\raw\Annotations\IMG000065.json,428,769
IMG000066.jpeg,1,True,data\raw\images\IMG000066.jpeg,True,data\raw\Annotations\IMG000066.json,492,787
IMG000067.jpeg,1,True,data\raw\images\IMG000067.jpeg,True,data\raw\Annotations\IMG000067.json,408,719
IMG000068.jpeg,1,True,data\raw\images\IMG000068.jpeg,True,data\raw\Annotations\IMG000068.json,418,722
IMG000069.jpeg,1,True,data\raw\images\IMG000069.jpeg,True,data\raw\Annotations\IMG000069.json,564,802
IMG000070.jpeg,1,True,data\raw\images\IMG000070.jpeg,True,data\raw\Annotations\IMG000070.json,508,808
IMG000071.jpeg,1,True,data\raw\images\IMG000071.jpeg,True,data\raw\Annotations\IMG000071.json,898,805
IMG000072.jpeg,1,True,data\raw\images\IMG000072.jpeg,True,data\raw\Annotations\IMG000072.json,548,811
IMG000073.jpeg,1,True,data\raw\images\IMG000073.jpeg,True,data\raw\Annotations\IMG000073.json,599,816
IMG000074.jpeg,1,True,data\raw\images\IMG000074.jpeg,True,data\raw\Annotations\IMG000074.json,537,747
IMG000075.jpeg,1,True,data\raw\images\IMG000075.jpeg,True,data\raw\Annotations\IMG000075.json,592,782
IMG000076.jpeg,1,True,data\raw\images\IMG000076.jpeg,True,data\raw\Annotations\IMG000076.json,499,813
IMG000077.jpeg,1,True,data\raw\images\IMG000077.jpeg,True,data\raw\Annotations\IMG000077.json,809,740
IMG000078.jpeg,1,True,data\raw\images\IMG000078.jpeg,True,data\raw\Annotations\IMG000078.json,410,809
IMG000079.jpeg,1,True,data\raw\images\IMG000079.jpeg,True,data\raw\Annotations\IMG000079.json,432,813
IMG000080.jpeg,1,True,data\raw\images\IMG000080.jpeg,True,data\raw\Annotations\IMG000080.json,738,805
IMG000081.jpeg,1,True,data\raw\images\IMG000081.jpeg,True,data\raw\Annotations\IMG000081.json,561,815
IMG000082.jpeg,1,True,data\raw\images\IMG000082.jpeg,True,data\raw\Annotations\IMG000082.json,589,816
IMG000083.jpeg,1,True,data\raw\images\IMG000083.jpeg,True,data\raw\Annotations\IMG000083.json,474,812
IMG000084.jpeg,1,True,data\raw\images\IMG000084.jpeg,True,data\raw\Annotations\IMG000084.json,620,817
IMG000085.jpeg,1,True,data\raw\images\IMG000085.jpeg,True,data\raw\Annotations\IMG000085.json,652,818
IMG000086.jpeg,1,True,data\raw\images\IMG000086.jpeg,True,data\raw\Annotations\IMG000086.json,697,812
IMG000087.jpeg,1,True,data\raw\images\IMG000087.jpeg,True,data\raw\Annotations\IMG000087.json,541,806
IMG000088.jpeg,1,True,data\raw\images\IMG000088.jpeg,True,data\raw\Annotations\IMG000088.json,578,809
IMG000089.jpeg,1,True,data\raw\images\IMG000089.jpeg,True,data\raw\Annotations\IMG000089.json,699,817
IMG000090.jpeg,1,True,data\raw\images\IMG000090.jpeg,True,data\raw\Annotations\IMG000090.json,687,803
IMG000091.jpeg,1,True,data\raw\images\IMG000091.jpeg,True,data\raw\Annotations\IMG000091.json,496,816
IMG000092.jpeg,1,True,data\raw\images\IMG000092.jpeg,True,data\raw\Annotations\IMG000092.json,508,813
IMG000093.jpeg,1,True,data\raw\images\IMG000093.jpeg,True,data\raw\Annotations\IMG000093.json,415,803
IMG000094.jpeg,1,True,data\raw\images\IMG000094.jpeg,True,data\raw\Annotations\IMG000094.json,447,810
IMG000095.jpeg,1,True,data\raw\images\IMG000095.jpeg,True,data\raw\Annotations\IMG000095.json,530,814
IMG000096.jpeg,1,True,data\raw\images\IMG000096.jpeg,True,data\raw\Annotations\IMG000096.json,608,819
IMG000097.jpeg,1,True,data\raw\images\IMG000097.jpeg,True,data\raw\Annotations\IMG000097.json,497,817
IMG000098.jpeg,1,True,data\raw\images\IMG000098.jpeg,True,data\raw\Annotations\IMG000098.json,671,815
IMG000099.jpeg,1,True,data\raw\images\IMG000099.jpeg,True,data\raw\Annotations\IMG000099.json,560,392
IMG000100.jpeg,1,True,data\raw\images\IMG000100.jpeg,True,data\raw\Annotations\IMG000100.json,555,816
IMG000101.jpeg,1,True,data\raw\images\IMG000101.jpeg,True,data\raw\Annotations\IMG000101.json,567,609
IMG000102.jpeg,1,True,data\raw\images\IMG000102.jpeg,True,data\raw\Annotations\IMG000102.json,527,780
IMG000103.jpeg,1,True,data\raw\images\IMG000103.jpeg,True,data\raw\Annotations\IMG000103.json,497,803
IMG000104.jpeg,1,True,data\raw\images\IMG000104.jpeg,True,data\raw\Annotations\IMG000104.json,515,778
IMG000105.jpeg,1,True,data\raw\images\IMG000105.jpeg,True,data\raw\Annotations\IMG000105.json,583,782
IMG000106.jpeg,1,True,data\raw\images\IMG000106.jpeg,True,data\raw\Annotations\IMG000106.json,493,800
IMG000107.jpeg,1,True,data\raw\images\IMG000107.jpeg,True,data\raw\Annotations\IMG000107.json,475,812
IMG000108.jpeg,1,True,data\raw\images\IMG000108.jpeg,True,data\raw\Annotations\IMG000108.json,606,769
IMG000109.jpeg,1,True,data\raw\images\IMG000109.jpeg,True,data\raw\Annotations\IMG000109.json,616,806
IMG000110.jpeg,1,True,data\raw\images\IMG000110.jpeg,True,data\raw\Annotations\IMG000110.json,524,532
IMG000111.jpeg,1,True,data\raw\images\IMG000111.jpeg,True,data\raw\Annotations\IMG000111.json,603,813
IMG000112.jpeg,1,True,data\raw\images\IMG000112.jpeg,True,data\raw\Annotations\IMG000112.json,611,804
IMG000113.jpeg,1,True,data\raw\images\IMG000113.jpeg,True,data\raw\Annotations\IMG000113.json,774,813
IMG000114.jpeg,1,True,data\raw\images\IMG000114.jpeg,True,data\raw\Annotations\IMG000114.json,1028,812
IMG000115.jpeg,1,True,data\raw\images\IMG000115.jpeg,True,data\raw\Annotations\IMG000115.json,516,789
IMG000116.jpeg,1,True,data\raw\images\IMG000116.jpeg,True,data\raw\Annotations\IMG000116.json,403,786
IMG000117.jpeg,1,True,data\raw\images\IMG000117.jpeg,True,data\raw\Annotations\IMG000117.json,443,684
IMG000118.jpeg,1,True,data\raw\images\IMG000118.jpeg,True,data\raw\Annotations\IMG000118.json,601,811
IMG000119.jpeg,1,True,data\raw\images\IMG000119.jpeg,True,data\raw\Annotations\IMG000119.json,497,815
IMG000120.jpeg,1,True,data\raw\images\IMG000120.jpeg,True,data\raw\Annotations\IMG000120.json,486,815
IMG000121.jpeg,1,True,data\raw\images\IMG000121.jpeg,True,data\raw\Annotations\IMG000121.json,553,811
IMG000122.jpeg,1,True,data\raw\images\IMG000122.jpeg,True,data\raw\Annotations\IMG000122.json,517,816
IMG000123.jpeg,1,True,data\raw\images\IMG000123.jpeg,True,data\raw\Annotations\IMG000123.json,620,814
IMG000124.jpeg,1,True,data\raw\images\IMG000124.jpeg,True,data\raw\Annotations\IMG000124.json,643,820
IMG000125.jpeg,1,True,data\raw\images\IMG000125.jpeg,True,data\raw\Annotations\IMG000125.json,641,815
IMG000126.jpeg,1,True,data\raw\images\IMG000126.jpeg,True,data\raw\Annotations\IMG000126.json,570,820
IMG000127.jpeg,1,True,data\raw\images\IMG000127.jpeg,True,data\raw\Annotations\IMG000127.json,562,817
IMG000128.jpeg,1,True,data\raw\images\IMG000128.jpeg,True,data\raw\Annotations\IMG000128.json,620,821
IMG000129.jpeg,1,True,data\raw\images\IMG000129.jpeg,True,data\raw\Annotations\IMG000129.json,611,810
IMG000130.jpeg,1,True,data\raw\images\IMG000130.jpeg,True,data\raw\Annotations\IMG000130.json,650,814
IMG000131.jpeg,1,True,data\raw\images\IMG000131.jpeg,True,data\raw\Annotations\IMG000131.json,528,775
IMG000132.jpeg,1,True,data\raw\images\IMG000132.jpeg,True,data\raw\Annotations\IMG000132.json,583,817
IMG000133.jpeg,1,True,data\raw\images\IMG000133.jpeg,True,data\raw\Annotations\IMG000133.json,811,814
IMG000134.jpeg,1,True,data\raw\images\IMG000134.jpeg,True,data\raw\Annotations\IMG000134.json,753,815
IMG000135.jpeg,1,True,data\raw\images\IMG000135.jpeg,True,data\raw\Annotations\IMG000135.json,513,816
IMG000136.jpeg,1,True,data\raw\images\IMG000136.jpeg,True,data\raw\Annotations\IMG000136.json,515,817
IMG000137.jpeg,1,True,data\raw\images\IMG000137.jpeg,True,data\raw\Annotations\IMG000137.json,535,697
IMG000138.jpeg,1,True,data\raw\images\IMG000138.jpeg,True,data\raw\Annotations\IMG000138.json,539,817
IMG000139.jpeg,1,True,data\raw\images\IMG000139.jpeg,True,data\raw\Annotations\IMG000139.json,762,810
IMG000140.jpeg,1,True,data\raw\images\IMG000140.jpeg,True,data\raw\Annotations\IMG000140.json,740,817
IMG000141.jpeg,1,True,data\raw\images\IMG000141.jpeg,True,data\raw\Annotations\IMG000141.json,566,617
IMG000142.jpeg,1,True,data\raw\images\IMG000142.jpeg,True,data\raw\Annotations\IMG000142.json,629,823
IMG000143.jpeg,1,True,data\raw\images\IMG000143.jpeg,True,data\raw\Annotations\IMG000143.json,528,820
IMG000144.jpeg,1,True,data\raw\images\IMG000144.jpeg,True,data\raw\Annotations\IMG000144.json,818,814
IMG000145.jpeg,1,True,data\raw\images\IMG000145.jpeg,True,data\raw\Annotations\IMG000145.json,1115,807
IMG000146.jpeg,1,True,data\raw\images\IMG000146.jpeg,True,data\raw\Annotations\IMG000146.json,488,822
IMG000147.jpeg,1,True,data\raw\images\IMG000147.jpeg,True,data\raw\Annotations\IMG000147.json,525,818
IMG000148.jpeg,1,True,data\raw\images\IMG000148.jpeg,True,data\raw\Annotations\IMG000148.json,457,804
IMG000149.jpeg,1,True,data\raw\images\IMG000149.jpeg,True,data\raw\Annotations\IMG000149.json,1478,699
IMG000150.jpeg,1,True,data\raw\images\IMG000150.jpeg,True,data\raw\Annotations\IMG000150.json,430,807
IMG000151.jpeg,1,True,data\raw\images\IMG000151.jpeg,True,data\raw\Annotations\IMG000151.json,941,810
IMG000152.jpeg,1,True,data\raw\images\IMG000152.jpeg,True,data\raw\Annotations\IMG000152.json,922,811
IMG000153.jpeg,1,True,data\raw\images\IMG000153.jpeg,True,data\raw\Annotations\IMG000153.json,590,779
IMG000154.jpeg,1,True,data\raw\images\IMG000154.jpeg,True,data\raw\Annotations\IMG000154.json,579,808
IMG000155.jpeg,1,True,data\raw\images\IMG000155.jpeg,True,data\raw\Annotations\IMG000155.json,552,818
IMG000156.jpeg,1,True,data\raw\images\IMG000156.jpeg,True,data\raw\Annotations\IMG000156.json,511,822
IMG000157.jpeg,1,True,data\raw\images\IMG000157.jpeg,True,data\raw\Annotations\IMG000157.json,535,818
IMG000158.jpeg,1,True,data\raw\images\IMG000158.jpeg,True,data\raw\Annotations\IMG000158.json,454,814
IMG000159.jpeg,1,True,data\raw\images\IMG000159.jpeg,True,data\raw\Annotations\IMG000159.json,553,812
IMG000160.jpeg,1,True,data\raw\images\IMG000160.jpeg,True,data\raw\Annotations\IMG000160.json,600,816
IMG000161.jpeg,1,True,data\raw\images\IMG000161.jpeg,True,data\raw\Annotations\IMG000161.json,1011,816
IMG000162.jpeg,1,True,data\raw\images\IMG000162.jpeg,True,data\raw\Annotations\IMG000162.json,497,795
IMG000163.jpeg,1,True,data\raw\images\IMG000163.jpeg,True,data\raw\Annotations\IMG000163.json,526,795
IMG000164.jpeg,1,True,data\raw\images\IMG000164.jpeg,True,data\raw\Annotations\IMG000164.json,487,817
IMG000165.jpeg,1,True,data\raw\images\IMG000165.jpeg,True,data\raw\Annotations\IMG000165.json,530,817
IMG000166.jpeg,1,True,data\raw\images\IMG000166.jpeg,True,data\raw\Annotations\IMG000166.json,454,819
IMG000167.jpeg,1,True,data\raw\images\IMG000167.jpeg,True,data\raw\Annotations\IMG000167.json,560,815
IMG000168.jpeg,1,True,data\raw\images\IMG000168.jpeg,True,data\raw\Annotations\IMG000168.json,569,820
IMG000169.jpeg,1,True,data\raw\images\IMG000169.jpeg,True,data\raw\Annotations\IMG000169.json,570,822
IMG000170.jpeg,1,True,data\raw\images\IMG000170.jpeg,True,data\raw\Annotations\IMG000170.json,502,822
IMG000171.jpeg,1,True,data\raw\images\IMG000171.jpeg,True,data\raw\Annotations\IMG000171.json,540,815
IMG000172.jpeg,1,True,data\raw\images\IMG000172.jpeg,True,data\raw\Annotations\IMG000172.json,512,460
IMG000173.jpeg,1,True,data\raw\images\IMG000173.jpeg,True,data\raw\Annotations\IMG000173.json,575,818
IMG000174.jpeg,1,True,data\raw\images\IMG000174.jpeg,True,data\raw\Annotations\IMG000174.json,936,739
IMG000175.jpeg,1,True,data\raw\images\IMG000175.jpeg,True,data\raw\Annotations\IMG000175.json,347,818
IMG000176.jpeg,1,True,data\raw\images\IMG000176.jpeg,True,data\raw\Annotations\IMG000176.json,318,809
IMG000177.jpeg,1,True,data\raw\images\IMG000177.jpeg,True,data\raw\Annotations\IMG000177.json,473,654
IMG000178.jpeg,1,True,data\raw\images\IMG000178.jpeg,True,data\raw\Annotations\IMG000178.json,530,821
IMG000179.jpeg,1,True,data\raw\images\IMG000179.jpeg,True,data\raw\Annotations\IMG000179.json,764,815
IMG000180.jpeg,1,True,data\raw\images\IMG000180.jpeg,True,data\raw\Annotations\IMG000180.json,539,769
IMG000181.jpeg,1,True,data\raw\images\IMG000181.jpeg,True,data\raw\Annotations\IMG000181.json,622,771
IMG000182.jpeg,1,True,data\raw\images\IMG000182.jpeg,True,data\raw\Annotations\IMG000182.json,495,722
IMG000183.jpeg,1,True,data\raw\images\IMG000183.jpeg,True,data\raw\Annotations\IMG000183.json,483,726
IMG000184.jpeg,1,True,data\raw\images\IMG000184.jpeg,True,data\raw\Annotations\IMG000184.json,533,733
IMG000185.jpeg,1,True,data\raw\images\IMG000185.jpeg,True,data\raw\Annotations\IMG000185.json,662,772
IMG000186.jpeg,1,True,data\raw\images\IMG000186.jpeg,True,data\raw\Annotations\IMG000186.json,622,768
IMG000187.jpeg,1,True,data\raw\images\IMG000187.jpeg,True,data\raw\Annotations\IMG000187.json,661,767
IMG000188.jpeg,1,True,data\raw\images\IMG000188.jpeg,True,data\raw\Annotations\IMG000188.json,663,772
IMG000189.jpeg,1,True,data\raw\images\IMG000189.jpeg,True,data\raw\Annotations\IMG000189.json,726,763
IMG000190.jpeg,1,True,data\raw\images\IMG000190.jpeg,True,data\raw\Annotations\IMG000190.json,790,641
IMG000191.jpeg,1,True,data\raw\images\IMG000191.jpeg,True,data\raw\Annotations\IMG000191.json,462,765
IMG000192.jpeg,1,True,data\raw\images\IMG000192.jpeg,True,data\raw\Annotations\IMG000192.json,423,766
IMG000193.jpeg,1,True,data\raw\images\IMG000193.jpeg,True,data\raw\Annotations\IMG000193.json,385,767
IMG000194.jpeg,1,True,data\raw\images\IMG000194.jpeg,True,data\raw\Annotations\IMG000194.json,529,772
IMG000195.jpeg,1,True,data\raw\images\IMG000195.jpeg,True,data\raw\Annotations\IMG000195.json,542,773
IMG000196.jpeg,1,True,data\raw\images\IMG000196.jpeg,True,data\raw\Annotations\IMG000196.json,558,772
IMG000197.jpeg,1,True,data\raw\images\IMG000197.jpeg,True,data\raw\Annotations\IMG000197.json,867,771
IMG000198.jpeg,1,True,data\raw\images\IMG000198.jpeg,True,data\raw\Annotations\IMG000198.json,567,765
IMG000199.jpeg,1,True,data\raw\images\IMG000199.jpeg,True,data\raw\Annotations\IMG000199.json,566,771
IMG000200.jpeg,1,True,data\raw\images\IMG000200.jpeg,True,data\raw\Annotations\IMG000200.json,522,767
IMG000201.jpeg,1,True,data\raw\images\IMG000201.jpeg,True,data\raw\Annotations\IMG000201.json,605,767
IMG000202.jpeg,1,True,data\raw\images\IMG000202.jpeg,True,data\raw\Annotations\IMG000202.json,861,771
IMG000203.jpeg,1,True,data\raw\images\IMG000203.jpeg,True,data\raw\Annotations\IMG000203.json,623,774
IMG000204.jpeg,1,True,data\raw\images\IMG000204.jpeg,True,data\raw\Annotations\IMG000204.json,570,766
IMG000205.jpeg,1,True,data\raw\images\IMG000205.jpeg,True,data\raw\Annotations\IMG000205.json,584,769
IMG000206.jpeg,1,True,data\raw\images\IMG000206.jpeg,True,data\raw\Annotations\IMG000206.json,633,814
IMG000207.jpeg,1,True,data\raw\images\IMG000207.jpeg,True,data\raw\Annotations\IMG000207.json,608,794
IMG000208.jpeg,1,True,data\raw\images\IMG000208.jpeg,True,data\raw\Annotations\IMG000208.json,1610,2301
IMG000209.jpeg,1,True,data\raw\images\IMG000209.jpeg,True,data\raw\Annotations\IMG000209.json,1610,2301
IMG000210.jpeg,1,True,data\raw\images\IMG000210.jpeg,True,data\raw\Annotations\IMG000210.json,1344,1746
IMG000211.jpeg,1,True,data\raw\images\IMG000211.jpeg,True,data\raw\Annotations\IMG000211.json,1344,1746
IMG000212.jpeg,1,True,data\raw\images\IMG000212.jpeg,True,data\raw\Annotations\IMG000212.json,2966,2966
IMG000213.jpeg,1,True,data\raw\images\IMG000213.jpeg,True,data\raw\Annotations\IMG000213.json,2986,2986
IMG000214.jpeg,1,True,data\raw\images\IMG000214.jpeg,True,data\raw\Annotations\IMG000214.json,1610,2301
IMG000215.jpeg,1,True,data\raw\images\IMG000215.jpeg,True,data\raw\Annotations\IMG000215.json,1502,2603
IMG000216.jpeg,1,True,data\raw\images\IMG000216.jpeg,True,data\raw\Annotations\IMG000216.json,1740,2603
IMG000217.jpeg,1,True,data\raw\images\IMG000217.jpeg,True,data\raw\Annotations\IMG000217.json,1402,2804
IMG000218.jpeg,1,True,data\raw\images\IMG000218.jpeg,True,data\raw\Annotations\IMG000218.json,1384,2795
IMG000219.jpeg,1,True,data\raw\images\IMG000219.jpeg,True,data\raw\Annotations\IMG000219.json,1440,2795
IMG000220.jpeg,1,True,data\raw\images\IMG000220.jpeg,True,data\raw\Annotations\IMG000220.json,1470,1885
IMG000221.jpeg,1,True,data\raw\images\IMG000221.jpeg,True,data\raw\Annotations\IMG000221.json,1470,1885
IMG000222.jpeg,1,True,data\raw\images\IMG000222.jpeg,True,data\raw\Annotations\IMG000222.json,1773,2321
IMG000223.jpeg,1,True,data\raw\images\IMG000223.jpeg,True,data\raw\Annotations\IMG000223.json,2829,2829
IMG000224.jpeg,1,True,data\raw\images\IMG000224.jpeg,True,data\raw\Annotations\IMG000224.json,2002,2392
IMG000225.jpeg,1,True,data\raw\images\IMG000225.jpeg,True,data\raw\Annotations\IMG000225.json,2021,1185
IMG000226.jpeg,1,True,data\raw\images\IMG000226.jpeg,True,data\raw\Annotations\IMG000226.json,1608,2943
IMG000227.jpeg,1,True,data\raw\images\IMG000227.jpeg,True,data\raw\Annotations\IMG000227.json,1608,2943
IMG000228.jpeg,1,True,data\raw\images\IMG000228.jpeg,True,data\raw\Annotations\IMG000228.json,2010,2705
IMG000229.jpeg,1,True,data\raw\images\IMG000229.jpeg,True,data\raw\Annotations\IMG000229.json,2021,1208
IMG000230.jpeg,1,True,data\raw\images\IMG000230.jpeg,True,data\raw\Annotations\IMG000230.json,2228,2943
IMG000231.jpeg,1,True,data\raw\images\IMG000231.jpeg,True,data\raw\Annotations\IMG000231.json,1660,2895
IMG000232.jpeg,1,True,data\raw\images\IMG000232.jpeg,True,data\raw\Annotations\IMG000232.json,1606,2303
IMG000233.jpeg,1,True,data\raw\images\IMG000233.jpeg,True,data\raw\Annotations\IMG000233.json,1542,2031
IMG000234.jpeg,1,True,data\raw\images\IMG000234.jpeg,True,data\raw\Annotations\IMG000234.json,2544,3056
IMG000235.jpeg,1,True,data\raw\images\IMG000235.jpeg,True,data\raw\Annotations\IMG000235.json,2544,3056
IMG000236.jpeg,1,True,data\raw\images\IMG000236.jpeg,True,data\raw\Annotations\IMG000236.json,1560,2484
IMG000237.jpeg,1,True,data\raw\images\IMG000237.jpeg,True,data\raw\Annotations\IMG000237.json,1417,2569
IMG000238.jpeg,1,True,data\raw\images\IMG000238.jpeg,True,data\raw\Annotations\IMG000238.json,2544,3056
IMG000239.jpeg,1,True,data\raw\images\IMG000239.jpeg,True,data\raw\Annotations\IMG000239.json,2544,3056
IMG000240.jpeg,1,True,data\raw\images\IMG000240.jpeg,True,data\raw\Annotations\IMG000240.json,2544,3056
IMG000241.jpeg,1,True,data\raw\images\IMG000241.jpeg,True,data\raw\Annotations\IMG000241.json,2544,3056
IMG000242.jpeg,1,True,data\raw\images\IMG000242.jpeg,True,data\raw\Annotations\IMG000242.json,2544,3056
IMG000243.jpeg,1,True,data\raw\images\IMG000243.jpeg,True,data\raw\Annotations\IMG000243.json,2544,3056
IMG000244.jpeg,1,True,data\raw\images\IMG000244.jpeg,True,data\raw\Annotations\IMG000244.json,1640,1672
IMG000245.jpeg,1,True,data\raw\images\IMG000245.jpeg,True,data\raw\Annotations\IMG000245.json,3189,2306
IMG000246.jpeg,1,True,data\raw\images\IMG000246.jpeg,True,data\raw\Annotations\IMG000246.json,1343,2417
IMG000247.jpeg,1,True,data\raw\images\IMG000247.jpeg,True,data\raw\Annotations\IMG000247.json,3032,2343
IMG000248.jpeg,1,True,data\raw\images\IMG000248.jpeg,True,data\raw\Annotations\IMG000248.json,2201,2946
IMG000249.jpeg,1,True,data\raw\images\IMG000249.jpeg,True,data\raw\Annotations\IMG000249.json,1857,2542
IMG000250.jpeg,1,True,data\raw\images\IMG000250.jpeg,True,data\raw\Annotations\IMG000250.json,1758,2120
IMG000251.jpeg,1,True,data\raw\images\IMG000251.jpeg,True,data\raw\Annotations\IMG000251.json,1973,2844
IMG000252.jpeg,1,True,data\raw\images\IMG000252.jpeg,True,data\raw\Annotations\IMG000252.json,1740,2719
IMG000253.jpeg,1,True,data\raw\images\IMG000253.jpeg,True,data\raw\Annotations\IMG000253.json,602,1059
IMG000254.jpeg,1,True,data\raw\images\IMG000254.jpeg,True,data\raw\Annotations\IMG000254.json,1326,3408
IMG000255.jpeg,1,True,data\raw\images\IMG000255.jpeg,True,data\raw\Annotations\IMG000255.json,2058,3009
IMG000256.jpeg,1,True,data\raw\images\IMG000256.jpeg,True,data\raw\Annotations\IMG000256.json,2800,2024
IMG000257.jpeg,1,True,data\raw\images\IMG000257.jpeg,True,data\raw\Annotations\IMG000257.json,2503,1332
IMG000258.jpeg,1,True,data\raw\images\IMG000258.jpeg,True,data\raw\Annotations\IMG000258.json,3103,3217
IMG000259.jpeg,1,True,data\raw\images\IMG000259.jpeg,True,data\raw\Annotations\IMG000259.json,973,978
IMG000260.jpeg,1,True,data\raw\images\IMG000260.jpeg,True,data\raw\Annotations\IMG000260.json,785,781
IMG000261.jpeg,1,True,data\raw\images\IMG000261.jpeg,True,data\raw\Annotations\IMG000261.json,1091,1202
IMG000262.jpeg,1,True,data\raw\images\IMG000262.jpeg,True,data\raw\Annotations\IMG000262.json,1930,2226
IMG000263.jpeg,1,True,data\raw\images\IMG000263.jpeg,True,data\raw\Annotations\IMG000263.json,1585,2540
IMG000264.jpeg,1,True,data\raw\images\IMG000264.jpeg,True,data\raw\Annotations\IMG000264.json,1554,2290
IMG000265.jpeg,1,True,data\raw\images\IMG000265.jpeg,True,data\raw\Annotations\IMG000265.json,3408,2383
IMG000266.jpeg,1,True,data\raw\images\IMG000266.jpeg,True,data\raw\Annotations\IMG000266.json,2066,2258
IMG000267.jpeg,1,True,data\raw\images\IMG000267.jpeg,True,data\raw\Annotations\IMG000267.json,2485,2498
IMG000268.jpeg,1,True,data\raw\images\IMG000268.jpeg,True,data\raw\Annotations\IMG000268.json,1900,2715
IMG000269.jpeg,1,True,data\raw\images\IMG000269.jpeg,True,data\raw\Annotations\IMG000269.json,1663,3408
IMG000270.jpeg,1,True,data\raw\images\IMG000270.jpeg,True,data\raw\Annotations\IMG000270.json,1758,3408
IMG000271.jpeg,1,True,data\raw\images\IMG000271.jpeg,True,data\raw\Annotations\IMG000271.json,1613,1879
IMG000272.jpeg,1,True,data\raw\images\IMG000272.jpeg,True,data\raw\Annotations\IMG000272.json,1527,3408
IMG000273.jpeg,1,True,data\raw\images\IMG000273.jpeg,True,data\raw\Annotations\IMG000273.json,1687,3408
IMG000274.jpeg,1,True,data\raw\images\IMG000274.jpeg,True,data\raw\Annotations\IMG000274.json,1300,1520
IMG000275.jpeg,1,True,data\raw\images\IMG000275.jpeg,True,data\raw\Annotations\IMG000275.json,1129,1167
IMG000276.jpeg,1,True,data\raw\images\IMG000276.jpeg,True,data\raw\Annotations\IMG000276.json,1582,2395
IMG000277.jpeg,1,True,data\raw\images\IMG000277.jpeg,True,data\raw\Annotations\IMG000277.json,1636,1922
IMG000278.jpeg,1,True,data\raw\images\IMG000278.jpeg,True,data\raw\Annotations\IMG000278.json,1415,2414
IMG000279.jpeg,1,True,data\raw\images\IMG000279.jpeg,True,data\raw\Annotations\IMG000279.json,1614,1924
IMG000280.jpeg,1,True,data\raw\images\IMG000280.jpeg,True,data\raw\Annotations\IMG000280.json,2012,2410
IMG000281.jpeg,1,True,data\raw\images\IMG000281.jpeg,True,data\raw\Annotations\IMG000281.json,1972,2438
IMG000282.jpeg,1,True,data\raw\images\IMG000282.jpeg,True,data\raw\Annotations\IMG000282.json,1910,2265
IMG000283.jpeg,1,True,data\raw\images\IMG000283.jpeg,True,data\raw\Annotations\IMG000283.json,2460,2792
IMG000284.jpeg,1,True,data\raw\images\IMG000284.jpeg,True,data\raw\Annotations\IMG000284.json,1962,2800
IMG000285.jpeg,1,True,data\raw\images\IMG000285.jpeg,True,data\raw\Annotations\IMG000285.json,1798,2373
IMG000286.jpeg,1,True,data\raw\images\IMG000286.jpeg,True,data\raw\Annotations\IMG000286.json,1721,2296
IMG000287.jpeg,1,True,data\raw\images\IMG000287.jpeg,True,data\raw\Annotations\IMG000287.json,1488,1684
IMG000288.jpeg,1,True,data\raw\images\IMG000288.jpeg,True,data\raw\Annotations\IMG000288.json,1488,1684
IMG000289.jpeg,1,True,data\raw\images\IMG000289.jpeg,True,data\raw\Annotations\IMG000289.json,1513,3032
IMG000290.jpeg,1,True,data\raw\images\IMG000290.jpeg,True,data\raw\Annotations\IMG000290.json,3016,1584
IMG000291.jpeg,1,True,data\raw\images\IMG000291.jpeg,True,data\raw\Annotations\IMG000291.json,1868,2527
IMG000292.jpeg,1,True,data\raw\images\IMG000292.jpeg,True,data\raw\Annotations\IMG000292.json,1486,1968
IMG000293.jpeg,1,True,data\raw\images\IMG000293.jpeg,True,data\raw\Annotations\IMG000293.json,1384,2500
IMG000294.jpeg,1,True,data\raw\images\IMG000294.jpeg,True,data\raw\Annotations\IMG000294.json,1544,2277
IMG000295.jpeg,1,True,data\raw\images\IMG000295.jpeg,True,data\raw\Annotations\IMG000295.json,1728,2536
IMG000296.jpeg,1,True,data\raw\images\IMG000296.jpeg,True,data\raw\Annotations\IMG000296.json,1805,2277
IMG000297.jpeg,1,True,data\raw\images\IMG000297.jpeg,True,data\raw\Annotations\IMG000297.json,605,1272
IMG000298.jpeg,1,True,data\raw\images\IMG000298.jpeg,True,data\raw\Annotations\IMG000298.json,1808,1952
IMG000299.jpeg,1,True,data\raw\images\IMG000299.jpeg,True,data\raw\Annotations\IMG000299.json,1657,1952
IMG000300.jpeg,1,True,data\raw\images\IMG000300.jpeg,True,data\raw\Annotations\IMG000300.json,1388,1886
IMG000301.jpeg,1,True,data\raw\images\IMG000301.jpeg,True,data\raw\Annotations\IMG000301.json,2265,2333
IMG000302.jpeg,1,True,data\raw\images\IMG000302.jpeg,True,data\raw\Annotations\IMG000302.json,1884,1440
IMG000303.jpeg,1,True,data\raw\images\IMG000303.jpeg,True,data\raw\Annotations\IMG000303.json,2288,2821
IMG000304.jpeg,1,True,data\raw\images\IMG000304.jpeg,True,data\raw\Annotations\IMG000304.json,2288,3408
IMG000305.jpeg,1,True,data\raw\images\IMG000305.jpeg,True,data\raw\Annotations\IMG000305.json,1626,2032
IMG000306.jpeg,1,True,data\raw\images\IMG000306.jpeg,True,data\raw\Annotations\IMG000306.json,1137,840
IMG000307.jpeg,1,True,data\raw\images\IMG000307.jpeg,True,data\raw\Annotations\IMG000307.json,1409,1394
IMG000308.jpeg,1,True,data\raw\images\IMG000308.jpeg,True,data\raw\Annotations\IMG000308.json,627,912
IMG000309.jpeg,1,True,data\raw\images\IMG000309.jpeg,True,data\raw\Annotations\IMG000309.json,1678,2032
IMG000310.jpeg,1,True,data\raw\images\IMG000310.jpeg,True,data\raw\Annotations\IMG000310.json,2296,3244
IMG000311.jpeg,1,True,data\raw\images\IMG000311.jpeg,True,data\raw\Annotations\IMG000311.json,2509,3080
IMG000312.jpeg,1,True,data\raw\images\IMG000312.jpeg,True,data\raw\Annotations\IMG000312.json,1663,2274
IMG000313.jpeg,1,True,data\raw\images\IMG000313.jpeg,True,data\raw\Annotations\IMG000313.json,1533,2157
IMG000314.jpeg,1,True,data\raw\images\IMG000314.jpeg,True,data\raw\Annotations\IMG000314.json,2274,3032
IMG000315.jpeg,1,True,data\raw\images\IMG000315.jpeg,True,data\raw\Annotations\IMG000315.json,1861,1935
IMG000316.jpeg,1,True,data\raw\images\IMG000316.jpeg,True,data\raw\Annotations\IMG000316.json,2520,3032
IMG000317.jpeg,1,True,data\raw\images\IMG000317.jpeg,True,data\raw\Annotations\IMG000317.json,2520,2828
IMG000318.jpeg,1,True,data\raw\images\IMG000318.jpeg,True,data\raw\Annotations\IMG000318.json,2520,2828
IMG000319.jpeg,1,True,data\raw\images\IMG000319.jpeg,True,data\raw\Annotations\IMG000319.json,1604,3032
IMG000320.jpeg,1,True,data\raw\images\IMG000320.jpeg,True,data\raw\Annotations\IMG000320.json,1596,2249
IMG000321.jpeg,1,True,data\raw\images\IMG000321.jpeg,True,data\raw\Annotations\IMG000321.json,1080,1867
IMG000322.jpeg,1,True,data\raw\images\IMG000322.jpeg,True,data\raw\Annotations\IMG000322.json,1689,2432
IMG000323.jpeg,1,True,data\raw\images\IMG000323.jpeg,True,data\raw\Annotations\IMG000323.json,1399,1576
IMG000324.jpeg,1,True,data\raw\images\IMG000324.jpeg,True,data\raw\Annotations\IMG000324.json,848,1368
IMG000325.jpeg,1,True,data\raw\images\IMG000325.jpeg,True,data\raw\Annotations\IMG000325.json,1254,1245
IMG000326.jpeg,1,True,data\raw\images\IMG000326.jpeg,True,data\raw\Annotations\IMG000326.json,1112,1648
IMG000327.jpeg,1,True,data\raw\images\IMG000327.jpeg,True,data\raw\Annotations\IMG000327.json,581,1045
IMG000328.jpeg,1,True,data\raw\images\IMG000328.jpeg,True,data\raw\Annotations\IMG000328.json,2520,3032
IMG000329.jpeg,1,True,data\raw\images\IMG000329.jpeg,True,data\raw\Annotations\IMG000329.json,1134,1351
IMG000330.jpeg,1,True,data\raw\images\IMG000330.jpeg,True,data\raw\Annotations\IMG000330.json,1343,1494
IMG000331.jpeg,1,True,data\raw\images\IMG000331.jpeg,True,data\raw\Annotations\IMG000331.json,2544,3056
IMG000332.jpeg,1,True,data\raw\images\IMG000332.jpeg,True,data\raw\Annotations\IMG000332.json,1802,2617
IMG000333.jpeg,1,True,data\raw\images\IMG000333.jpeg,True,data\raw\Annotations\IMG000333.json,1947,2555
IMG000334.jpeg,1,True,data\raw\images\IMG000334.jpeg,True,data\raw\Annotations\IMG000334.json,1145,1277
IMG000335.jpeg,1,True,data\raw\images\IMG000335.jpeg,True,data\raw\Annotations\IMG000335.json,2058,3032
IMG000336.jpeg,1,True,data\raw\images\IMG000336.jpeg,True,data\raw\Annotations\IMG000336.json,1678,2046
IMG000337.jpeg,1,True,data\raw\images\IMG000337.jpeg,True,data\raw\Annotations\IMG000337.json,1732,2152
IMG000338.jpeg,1,True,data\raw\images\IMG000338.jpeg,True,data\raw\Annotations\IMG000338.json,1897,2688
IMG000339.jpeg,1,True,data\raw\images\IMG000339.jpeg,True,data\raw\Annotations\IMG000339.json,933,1612
IMG000340.jpeg,1,True,data\raw\images\IMG000340.jpeg,True,data\raw\Annotations\IMG000340.json,1560,3032
IMG000341.jpeg,1,True,data\raw\images\IMG000341.jpeg,True,data\raw\Annotations\IMG000341.json,1820,2020
IMG000342.jpeg,1,True,data\raw\images\IMG000342.jpeg,True,data\raw\Annotations\IMG000342.json,1840,3408
IMG000343.jpeg,1,True,data\raw\images\IMG000343.jpeg,True,data\raw\Annotations\IMG000343.json,1713,1061
IMG000344.jpeg,1,True,data\raw\images\IMG000344.jpeg,True,data\raw\Annotations\IMG000344.json,2152,2840
IMG000345.jpeg,1,True,data\raw\images\IMG000345.jpeg,True,data\raw\Annotations\IMG000345.json,2152,3056
IMG000346.jpeg,1,True,data\raw\images\IMG000346.jpeg,True,data\raw\Annotations\IMG000346.json,2520,1744
IMG000347.jpeg,1,True,data\raw\images\IMG000347.jpeg,True,data\raw\Annotations\IMG000347.json,2074,1668
IMG000348.jpeg,1,True,data\raw\images\IMG000348.jpeg,True,data\raw\Annotations\IMG000348.json,2544,3056
IMG000349.jpeg,1,True,data\raw\images\IMG000349.jpeg,True,data\raw\Annotations\IMG000349.json,1809,2596
IMG000350.jpeg,1,True,data\raw\images\IMG000350.jpeg,True,data\raw\Annotations\IMG000350.json,1948,2389
IMG000351.jpeg,1,True,data\raw\images\IMG000351.jpeg,True,data\raw\Annotations\IMG000351.json,1374,2131
IMG000352.jpeg,1,True,data\raw\images\IMG000352.jpeg,True,data\raw\Annotations\IMG000352.json,1630,2510
IMG000353.jpeg,1,True,data\raw\images\IMG000353.jpeg,True,data\raw\Annotations\IMG000353.json,1560,1929
IMG000354.jpeg,1,True,data\raw\images\IMG000354.jpeg,True,data\raw\Annotations\IMG000354.json,1761,2914
IMG000355.jpeg,1,True,data\raw\images\IMG000355.jpeg,True,data\raw\Annotations\IMG000355.json,1632,3408
IMG000356.jpeg,1,True,data\raw\images\IMG000356.jpeg,True,data\raw\Annotations\IMG000356.json,662,1291
IMG000357.jpeg,1,True,data\raw\images\IMG000357.jpeg,True,data\raw\Annotations\IMG000357.json,2115,2251
IMG000358.jpeg,1,True,data\raw\images\IMG000358.jpeg,True,data\raw\Annotations\IMG000358.json,982,834
IMG000359.jpeg,1,True,data\raw\images\IMG000359.jpeg,True,data\raw\Annotations\IMG000359.json,2520,2461
IMG000360.jpeg,1,True,data\raw\images\IMG000360.jpeg,True,data\raw\Annotations\IMG000360.json,2800,2832
IMG000361.jpeg,1,True,data\raw\images\IMG000361.jpeg,True,data\raw\Annotations\IMG000361.json,2800,1548
IMG000362.jpeg,1,True,data\raw\images\IMG000362.jpeg,True,data\raw\Annotations\IMG000362.json,2800,3068
IMG000363.jpeg,1,True,data\raw\images\IMG000363.jpeg,True,data\raw\Annotations\IMG000363.json,1969,2559
IMG000364.jpeg,1,True,data\raw\images\IMG000364.jpeg,True,data\raw\Annotations\IMG000364.json,604,1157
IMG000365.jpeg,1,True,data\raw\images\IMG000365.jpeg,True,data\raw\Annotations\IMG000365.json,1888,2632
IMG000366.jpeg,1,True,data\raw\images\IMG000366.jpeg,True,data\raw\Annotations\IMG000366.json,1615,2321
IMG000367.jpeg,1,True,data\raw\images\IMG000367.jpeg,True,data\raw\Annotations\IMG000367.json,1776,1712
IMG000368.jpeg,1,True,data\raw\images\IMG000368.jpeg,True,data\raw\Annotations\IMG000368.json,2800,2416
IMG000369.jpeg,1,True,data\raw\images\IMG000369.jpeg,True,data\raw\Annotations\IMG000369.json,1836,3022
IMG000370.jpeg,1,True,data\raw\images\IMG000370.jpeg,True,data\raw\Annotations\IMG000370.json,2089,2432
IMG000371.jpeg,1,True,data\raw\images\IMG000371.jpeg,True,data\raw\Annotations\IMG000371.json,2544,2356
IMG000372.jpeg,1,True,data\raw\images\IMG000372.jpeg,True,data\raw\Annotations\IMG000372.json,1626,2032
IMG000373.jpeg,1,True,data\raw\images\IMG000373.jpeg,True,data\raw\Annotations\IMG000373.json,2024,2100
IMG000374.jpeg,1,True,data\raw\images\IMG000374.jpeg,True,data\raw\Annotations\IMG000374.json,1110,1381
IMG000375.jpeg,1,True,data\raw\images\IMG000375.jpeg,True,data\raw\Annotations\IMG000375.json,1768,2889
IMG000376.jpeg,1,True,data\raw\images\IMG000376.jpeg,True,data\raw\Annotations\IMG000376.json,1981,2738
IMG000377.jpeg,1,True,data\raw\images\IMG000377.jpeg,True,data\raw\Annotations\IMG000377.json,2804,2226
IMG000378.jpeg,1,True,data\raw\images\IMG000378.jpeg,True,data\raw\Annotations\IMG000378.json,594,1433
IMG000379.jpeg,1,True,data\raw\images\IMG000379.jpeg,True,data\raw\Annotations\IMG000379.json,1576,3408
IMG000380.jpeg,1,True,data\raw\images\IMG000380.jpeg,True,data\raw\Annotations\IMG000380.json,1663,3408
IMG000381.jpeg,1,True,data\raw\images\IMG000381.jpeg,True,data\raw\Annotations\IMG000381.json,621,1420
IMG000382.jpeg,1,True,data\raw\images\IMG000382.jpeg,True,data\raw\Annotations\IMG000382.json,2042,3032
IMG000383.jpeg,1,True,data\raw\images\IMG000383.jpeg,True,data\raw\Annotations\IMG000383.json,1904,1911
IMG000384.jpeg,1,True,data\raw\images\IMG000384.jpeg,True,data\raw\Annotations\IMG000384.json,1625,1929
IMG000385.jpeg,1,True,data\raw\images\IMG000385.jpeg,True,data\raw\Annotations\IMG000385.json,2843,2691
IMG000386.jpeg,1,True,data\raw\images\IMG000386.jpeg,True,data\raw\Annotations\IMG000386.json,1503,1929
IMG000387.jpeg,1,True,data\raw\images\IMG000387.jpeg,True,data\raw\Annotations\IMG000387.json,1652,2001
IMG000388.jpeg,1,True,data\raw\images\IMG000388.jpeg,True,data\raw\Annotations\IMG000388.json,1250,1054
IMG000389.jpeg,1,True,data\raw\images\IMG000389.jpeg,True,data\raw\Annotations\IMG000389.json,1250,1250
IMG000390.jpeg,1,True,data\raw\images\IMG000390.jpeg,True,data\raw\Annotations\IMG000390.json,1641,3408
IMG000391.jpeg,1,True,data\raw\images\IMG000391.jpeg,True,data\raw\Annotations\IMG000391.json,1656,3167
IMG000392.jpeg,1,True,data\raw\images\IMG000392.jpeg,True,data\raw\Annotations\IMG000392.json,1709,3408
IMG000393.jpeg,1,True,data\raw\images\IMG000393.jpeg,True,data\raw\Annotations\IMG000393.json,1975,3257
IMG000394.jpeg,1,True,data\raw\images\IMG000394.jpeg,True,data\raw\Annotations\IMG000394.json,1108,1051
IMG000395.jpeg,1,True,data\raw\images\IMG000395.jpeg,True,data\raw\Annotations\IMG000395.json,1106,753
IMG000396.jpeg,1,True,data\raw\images\IMG000396.jpeg,True,data\raw\Annotations\IMG000396.json,506,1398
IMG000397.jpeg,1,True,data\raw\images\IMG000397.jpeg,True,data\raw\Annotations\IMG000397.json,539,1258
IMG000398.jpeg,1,True,data\raw\images\IMG000398.jpeg,True,data\raw\Annotations\IMG000398.json,1712,2651
IMG000399.jpeg,1,True,data\raw\images\IMG000399.jpeg,True,data\raw\Annotations\IMG000399.json,1681,2738
IMG000400.jpeg,1,True,data\raw\images\IMG000400.jpeg,True,data\raw\Annotations\IMG000400.json,1780,2602
IMG000401.jpeg,1,True,data\raw\images\IMG000401.jpeg,True,data\raw\Annotations\IMG000401.json,1734,2454
IMG000402.jpeg,1,True,data\raw\images\IMG000402.jpeg,True,data\raw\Annotations\IMG000402.json,2529,2773
IMG000403.jpeg,1,True,data\raw\images\IMG000403.jpeg,True,data\raw\Annotations\IMG000403.json,1626,2302
IMG000404.jpeg,1,True,data\raw\images\IMG000404.jpeg,True,data\raw\Annotations\IMG000404.json,2800,3408
IMG000405.jpeg,1,True,data\raw\images\IMG000405.jpeg,True,data\raw\Annotations\IMG000405.json,1863,3408
IMG000406.jpeg,1,True,data\raw\images\IMG000406.jpeg,True,data\raw\Annotations\IMG000406.json,1984,2562
IMG000407.jpeg,1,True,data\raw\images\IMG000407.jpeg,True,data\raw\Annotations\IMG000407.json,1026,1267
IMG000408.jpeg,1,True,data\raw\images\IMG000408.jpeg,True,data\raw\Annotations\IMG000408.json,2907,2335
IMG000409.jpeg,1,True,data\raw\images\IMG000409.jpeg,True,data\raw\Annotations\IMG000409.json,1930,1032
IMG000410.jpeg,1,True,data\raw\images\IMG000410.jpeg,True,data\raw\Annotations\IMG000410.json,1474,2036
IMG000411.jpeg,1,True,data\raw\images\IMG000411.jpeg,True,data\raw\Annotations\IMG000411.json,1880,1929
IMG000412.jpeg,1,True,data\raw\images\IMG000412.jpeg,True,data\raw\Annotations\IMG000412.json,2131,2290
IMG000413.jpeg,1,True,data\raw\images\IMG000413.jpeg,True,data\raw\Annotations\IMG000413.json,1898,1998
IMG000414.jpeg,1,True,data\raw\images\IMG000414.jpeg,True,data\raw\Annotations\IMG000414.json,1497,1927
IMG000415.jpeg,1,True,data\raw\images\IMG000415.jpeg,True,data\raw\Annotations\IMG000415.json,3000,2924
IMG000416.jpeg,1,True,data\raw\images\IMG000416.jpeg,True,data\raw\Annotations\IMG000416.json,1828,2520
IMG000417.jpeg,1,True,data\raw\images\IMG000417.jpeg,True,data\raw\Annotations\IMG000417.json,800,1570
IMG000418.jpeg,1,True,data\raw\images\IMG000418.jpeg,True,data\raw\Annotations\IMG000418.json,2150,3032
IMG000419.jpeg,1,True,data\raw\images\IMG000419.jpeg,True,data\raw\Annotations\IMG000419.json,2520,3032
IMG000420.jpeg,1,True,data\raw\images\IMG000420.jpeg,True,data\raw\Annotations\IMG000420.json,1980,2440
IMG000421.jpeg,1,True,data\raw\images\IMG000421.jpeg,True,data\raw\Annotations\IMG000421.json,1635,2280
IMG000422.jpeg,1,True,data\raw\images\IMG000422.jpeg,True,data\raw\Annotations\IMG000422.json,2036,2175
IMG000423.jpeg,1,True,data\raw\images\IMG000423.jpeg,True,data\raw\Annotations\IMG000423.json,2088,3408
IMG000424.jpeg,1,True,data\raw\images\IMG000424.jpeg,True,data\raw\Annotations\IMG000424.json,2485,2438
IMG000425.jpeg,1,True,data\raw\images\IMG000425.jpeg,True,data\raw\Annotations\IMG000425.json,1792,2345
IMG000426.jpeg,1,True,data\raw\images\IMG000426.jpeg,True,data\raw\Annotations\IMG000426.json,1796,2335
IMG000427.jpeg,1,True,data\raw\images\IMG000427.jpeg,True,data\raw\Annotations\IMG000427.json,1340,2880
IMG000428.jpeg,1,True,data\raw\images\IMG000428.jpeg,True,data\raw\Annotations\IMG000428.json,1343,2832
IMG000429.jpeg,1,True,data\raw\images\IMG000429.jpeg,True,data\raw\Annotations\IMG000429.json,1161,1244
IMG000430.jpeg,1,True,data\raw\images\IMG000430.jpeg,True,data\raw\Annotations\IMG000430.json,2800,2988
IMG000431.jpeg,1,True,data\raw\images\IMG000431.jpeg,True,data\raw\Annotations\IMG000431.json,1737,2506
IMG000432.jpeg,1,True,data\raw\images\IMG000432.jpeg,True,data\raw\Annotations\IMG000432.json,2160,2296
IMG000433.jpeg,1,True,data\raw\images\IMG000433.jpeg,True,data\raw\Annotations\IMG000433.json,1980,2256
IMG000434.jpeg,1,True,data\raw\images\IMG000434.jpeg,True,data\raw\Annotations\IMG000434.json,1976,2260
IMG000435.jpeg,1,True,data\raw\images\IMG000435.jpeg,True,data\raw\Annotations\IMG000435.json,1576,2661
IMG000436.jpeg,1,True,data\raw\images\IMG000436.jpeg,True,data\raw\Annotations\IMG000436.json,1944,3210
IMG000437.jpeg,1,True,data\raw\images\IMG000437.jpeg,True,data\raw\Annotations\IMG000437.json,1476,3032
IMG000438.jpeg,1,True,data\raw\images\IMG000438.jpeg,True,data\raw\Annotations\IMG000438.json,1476,3032
IMG000439.jpeg,1,True,data\raw\images\IMG000439.jpeg,True,data\raw\Annotations\IMG000439.json,1484,2020
IMG000440.jpeg,1,True,data\raw\images\IMG000440.jpeg,True,data\raw\Annotations\IMG000440.json,1530,1960
IMG000441.jpeg,1,True,data\raw\images\IMG000441.jpeg,True,data\raw\Annotations\IMG000441.json,1336,1634
IMG000442.jpeg,1,True,data\raw\images\IMG000442.jpeg,True,data\raw\Annotations\IMG000442.json,2520,2480
IMG000443.jpeg,1,True,data\raw\images\IMG000443.jpeg,True,data\raw\Annotations\IMG000443.json,2890,2685
IMG000444.jpeg,1,True,data\raw\images\IMG000444.jpeg,True,data\raw\Annotations\IMG000444.json,524,861
IMG000445.jpeg,1,True,data\raw\images\IMG000445.jpeg,True,data\raw\Annotations\IMG000445.json,2013,2343
IMG000446.jpeg,1,True,data\raw\images\IMG000446.jpeg,True,data\raw\Annotations\IMG000446.json,3408,2800
IMG000447.jpeg,1,True,data\raw\images\IMG000447.jpeg,True,data\raw\Annotations\IMG000447.json,1772,2167
IMG000448.jpeg,1,True,data\raw\images\IMG000448.jpeg,True,data\raw\Annotations\IMG000448.json,2174,2979
IMG000449.jpeg,1,True,data\raw\images\IMG000449.jpeg,True,data\raw\Annotations\IMG000449.json,2224,2803
IMG000450.jpeg,1,True,data\raw\images\IMG000450.jpeg,True,data\raw\Annotations\IMG000450.json,1816,2627
IMG000451.jpeg,1,True,data\raw\images\IMG000451.jpeg,True,data\raw\Annotations\IMG000451.json,1835,2471
IMG000452.jpeg,1,True,data\raw\images\IMG000452.jpeg,True,data\raw\Annotations\IMG000452.json,2074,1533
IMG000453.jpeg,1,True,data\raw\images\IMG000453.jpeg,True,data\raw\Annotations\IMG000453.json,1406,1833
IMG000454.jpeg,1,True,data\raw\images\IMG000454.jpeg,True,data\raw\Annotations\IMG000454.json,1724,2008
IMG000455.jpeg,1,True,data\raw\images\IMG000455.jpeg,True,data\raw\Annotations\IMG000455.json,2544,3056
IMG000456.jpeg,1,True,data\raw\images\IMG000456.jpeg,True,data\raw\Annotations\IMG000456.json,2544,3056
IMG000457.jpeg,1,True,data\raw\images\IMG000457.jpeg,True,data\raw\Annotations\IMG000457.json,2544,3056
IMG000458.jpeg,1,True,data\raw\images\IMG000458.jpeg,True,data\raw\Annotations\IMG000458.json,2544,3056
IMG000459.jpeg,1,True,data\raw\images\IMG000459.jpeg,True,data\raw\Annotations\IMG000459.json,1648,2212
IMG000460.jpeg,1,True,data\raw\images\IMG000460.jpeg,True,data\raw\Annotations\IMG000460.json,1624,2216
IMG000461.jpeg,1,True,data\raw\images\IMG000461.jpeg,True,data\raw\Annotations\IMG000461.json,2544,3056
IMG000462.jpeg,1,True,data\raw\images\IMG000462.jpeg,True,data\raw\Annotations\IMG000462.json,2544,3056
IMG000463.jpeg,1,True,data\raw\images\IMG000463.jpeg,True,data\raw\Annotations\IMG000463.json,2544,3056
IMG000464.jpeg,1,True,data\raw\images\IMG000464.jpeg,True,data\raw\Annotations\IMG000464.json,2544,3056
IMG000465.jpeg,1,True,data\raw\images\IMG000465.jpeg,True,data\raw\Annotations\IMG000465.json,2544,3056
IMG000466.jpeg,1,True,data\raw\images\IMG000466.jpeg,True,data\raw\Annotations\IMG000466.json,2544,3056
IMG000467.jpeg,1,True,data\raw\images\IMG000467.jpeg,True,data\raw\Annotations\IMG000467.json,2423,2039
IMG000468.jpeg,1,True,data\raw\images\IMG000468.jpeg,True,data\raw\Annotations\IMG000468.json,1940,1868
IMG000469.jpeg,1,True,data\raw\images\IMG000469.jpeg,True,data\raw\Annotations\IMG000469.json,2016,1856
IMG000470.jpeg,1,True,data\raw\images\IMG000470.jpeg,True,data\raw\Annotations\IMG000470.json,1737,1330
IMG000471.jpeg,1,True,data\raw\images\IMG000471.jpeg,True,data\raw\Annotations\IMG000471.json,1750,1452
IMG000472.jpeg,1,True,data\raw\images\IMG000472.jpeg,True,data\raw\Annotations\IMG000472.json,2508,2164
IMG000473.jpeg,1,True,data\raw\images\IMG000473.jpeg,True,data\raw\Annotations\IMG000473.json,2520,3032
IMG000474.jpeg,1,True,data\raw\images\IMG000474.jpeg,True,data\raw\Annotations\IMG000474.json,2004,2768
IMG000475.jpeg,1,True,data\raw\images\IMG000475.jpeg,True,data\raw\Annotations\IMG000475.json,2520,2780
IMG000476.jpeg,1,True,data\raw\images\IMG000476.jpeg,True,data\raw\Annotations\IMG000476.json,1634,2429
IMG000477.jpeg,1,True,data\raw\images\IMG000477.jpeg,True,data\raw\Annotations\IMG000477.json,2020,3032
IMG000478.jpeg,1,True,data\raw\images\IMG000478.jpeg,True,data\raw\Annotations\IMG000478.json,2020,3032
IMG000479.jpeg,1,True,data\raw\images\IMG000479.jpeg,True,data\raw\Annotations\IMG000479.json,1250,2020
IMG000480.jpeg,1,True,data\raw\images\IMG000480.jpeg,True,data\raw\Annotations\IMG000480.json,1250,2020
IMG000481.jpeg,1,True,data\raw\images\IMG000481.jpeg,True,data\raw\Annotations\IMG000481.json,1635,2589
IMG000482.jpeg,1,True,data\raw\images\IMG000482.jpeg,True,data\raw\Annotations\IMG000482.json,1614,2437
IMG000483.jpeg,1,True,data\raw\images\IMG000483.jpeg,True,data\raw\Annotations\IMG000483.json,2488,2696
IMG000484.jpeg,1,True,data\raw\images\IMG000484.jpeg,True,data\raw\Annotations\IMG000484.json,2368,3032
IMG000485.jpeg,1,True,data\raw\images\IMG000485.jpeg,True,data\raw\Annotations\IMG000485.json,2153,3032
IMG000486.jpeg,1,True,data\raw\images\IMG000486.jpeg,True,data\raw\Annotations\IMG000486.json,1845,2240
IMG000487.jpeg,1,True,data\raw\images\IMG000487.jpeg,True,data\raw\Annotations\IMG000487.json,1376,1262
IMG000488.jpeg,1,True,data\raw\images\IMG000488.jpeg,True,data\raw\Annotations\IMG000488.json,1618,1959
IMG000489.jpeg,1,True,data\raw\images\IMG000489.jpeg,True,data\raw\Annotations\IMG000489.json,1651,1704
IMG000490.jpeg,1,True,data\raw\images\IMG000490.jpeg,True,data\raw\Annotations\IMG000490.json,1807,2576
IMG000491.jpeg,1,True,data\raw\images\IMG000491.jpeg,True,data\raw\Annotations\IMG000491.json,1659,1764
IMG000492.jpeg,1,True,data\raw\images\IMG000492.jpeg,True,data\raw\Annotations\IMG000492.json,2179,2879
IMG000493.jpeg,1,True,data\raw\images\IMG000493.jpeg,True,data\raw\Annotations\IMG000493.json,2429,1643
IMG000494.jpeg,1,True,data\raw\images\IMG000494.jpeg,True,data\raw\Annotations\IMG000494.json,2204,1704
IMG000495.jpeg,1,True,data\raw\images\IMG000495.jpeg,True,data\raw\Annotations\IMG000495.json,2204,1700
IMG000496.jpeg,1,True,data\raw\images\IMG000496.jpeg,True,data\raw\Annotations\IMG000496.json,2376,1611
IMG000497.jpeg,1,True,data\raw\images\IMG000497.jpeg,True,data\raw\Annotations\IMG000497.json,3000,2924
IMG000498.jpeg,1,True,data\raw\images\IMG000498.jpeg,True,data\raw\Annotations\IMG000498.json,3056,2544
IMG000499.jpeg,1,True,data\raw\images\IMG000499.jpeg,True,data\raw\Annotations\IMG000499.json,3056,2544
IMG000500.jpeg,1,True,data\raw\images\IMG000500.jpeg,True,data\raw\Annotations\IMG000500.json,2544,3056
IMG000501.jpeg,1,True,data\raw\images\IMG000501.jpeg,True,data\raw\Annotations\IMG000501.json,2544,3056
IMG000502.jpeg,1,True,data\raw\images\IMG000502.jpeg,True,data\raw\Annotations\IMG000502.json,2544,3056
IMG000503.jpeg,1,True,data\raw\images\IMG000503.jpeg,True,data\raw\Annotations\IMG000503.json,2544,3056
IMG000504.jpeg,1,True,data\raw\images\IMG000504.jpeg,True,data\raw\Annotations\IMG000504.json,2544,3056
IMG000505.jpeg,1,True,data\raw\images\IMG000505.jpeg,True,data\raw\Annotations\IMG000505.json,2544,3056
IMG000506.jpeg,1,True,data\raw\images\IMG000506.jpeg,True,data\raw\Annotations\IMG000506.json,2544,3056
IMG000507.jpeg,1,True,data\raw\images\IMG000507.jpeg,True,data\raw\Annotations\IMG000507.json,1356,3056
IMG000508.jpeg,1,True,data\raw\images\IMG000508.jpeg,True,data\raw\Annotations\IMG000508.json,1259,3056
IMG000509.jpeg,1,True,data\raw\images\IMG000509.jpeg,True,data\raw\Annotations\IMG000509.json,2225,1893
IMG000510.jpeg,1,True,data\raw\images\IMG000510.jpeg,True,data\raw\Annotations\IMG000510.json,1860,2328
IMG000511.jpeg,1,True,data\raw\images\IMG000511.jpeg,True,data\raw\Annotations\IMG000511.json,3135,2439
IMG000512.jpeg,1,True,data\raw\images\IMG000512.jpeg,True,data\raw\Annotations\IMG000512.json,3320,2092
IMG000513.jpeg,1,True,data\raw\images\IMG000513.jpeg,True,data\raw\Annotations\IMG000513.json,2800,2676
IMG000514.jpeg,1,True,data\raw\images\IMG000514.jpeg,True,data\raw\Annotations\IMG000514.json,877,1685
IMG000515.jpeg,1,True,data\raw\images\IMG000515.jpeg,True,data\raw\Annotations\IMG000515.json,1791,2301
IMG000516.jpeg,1,True,data\raw\images\IMG000516.jpeg,True,data\raw\Annotations\IMG000516.json,2946,2356
IMG000517.jpeg,1,True,data\raw\images\IMG000517.jpeg,True,data\raw\Annotations\IMG000517.json,1947,2642
IMG000518.jpeg,1,True,data\raw\images\IMG000518.jpeg,True,data\raw\Annotations\IMG000518.json,2376,2960
IMG000519.jpeg,1,True,data\raw\images\IMG000519.jpeg,True,data\raw\Annotations\IMG000519.json,2420,2908
IMG000520.jpeg,1,True,data\raw\images\IMG000520.jpeg,True,data\raw\Annotations\IMG000520.json,2416,2868
IMG000521.jpeg,1,True,data\raw\images\IMG000521.jpeg,True,data\raw\Annotations\IMG000521.json,2376,2837
IMG000522.jpeg,1,True,data\raw\images\IMG000522.jpeg,True,data\raw\Annotations\IMG000522.json,1722,1727
IMG000523.jpeg,1,True,data\raw\images\IMG000523.jpeg,True,data\raw\Annotations\IMG000523.json,1790,2418
IMG000524.jpeg,1,True,data\raw\images\IMG000524.jpeg,True,data\raw\Annotations\IMG000524.json,2472,2800
IMG000525.jpeg,1,True,data\raw\images\IMG000525.jpeg,True,data\raw\Annotations\IMG000525.json,2280,2068
IMG000526.jpeg,1,True,data\raw\images\IMG000526.jpeg,True,data\raw\Annotations\IMG000526.json,1691,3032
IMG000527.jpeg,1,True,data\raw\images\IMG000527.jpeg,True,data\raw\Annotations\IMG000527.json,1794,3032
IMG000528.jpeg,1,True,data\raw\images\IMG000528.jpeg,True,data\raw\Annotations\IMG000528.json,1980,2208
IMG000529.jpeg,1,True,data\raw\images\IMG000529.jpeg,True,data\raw\Annotations\IMG000529.json,1962,2066
IMG000530.jpeg,1,True,data\raw\images\IMG000530.jpeg,True,data\raw\Annotations\IMG000530.json,2148,2708
IMG000531.jpeg,1,True,data\raw\images\IMG000531.jpeg,True,data\raw\Annotations\IMG000531.json,2152,2712
IMG000532.jpeg,1,True,data\raw\images\IMG000532.jpeg,True,data\raw\Annotations\IMG000532.json,1937,2180
IMG000533.jpeg,1,True,data\raw\images\IMG000533.jpeg,True,data\raw\Annotations\IMG000533.json,1882,1978
IMG000534.jpeg,1,True,data\raw\images\IMG000534.jpeg,True,data\raw\Annotations\IMG000534.json,1733,3056
IMG000535.jpeg,1,True,data\raw\images\IMG000535.jpeg,True,data\raw\Annotations\IMG000535.json,1703,3056
IMG000536.jpeg,1,True,data\raw\images\IMG000536.jpeg,True,data\raw\Annotations\IMG000536.json,1984,2562
IMG000537.jpeg,1,True,data\raw\images\IMG000537.jpeg,True,data\raw\Annotations\IMG000537.json,1697,2424
IMG000538.jpeg,1,True,data\raw\images\IMG000538.jpeg,True,data\raw\Annotations\IMG000538.json,1944,2206
IMG000539.jpeg,1,True,data\raw\images\IMG000539.jpeg,True,data\raw\Annotations\IMG000539.json,2055,2506
IMG000540.jpeg,1,True,data\raw\images\IMG000540.jpeg,True,data\raw\Annotations\IMG000540.json,2429,3405
IMG000541.jpeg,1,True,data\raw\images\IMG000541.jpeg,True,data\raw\Annotations\IMG000541.json,2311,3408
IMG000542.jpeg,1,True,data\raw\images\IMG000542.jpeg,True,data\raw\Annotations\IMG000542.json,1298,3408
IMG000543.jpeg,1,True,data\raw\images\IMG000543.jpeg,True,data\raw\Annotations\IMG000543.json,1640,2476
IMG000544.jpeg,1,True,data\raw\images\IMG000544.jpeg,True,data\raw\Annotations\IMG000544.json,1721,3408
IMG000545.jpeg,1,True,data\raw\images\IMG000545.jpeg,True,data\raw\Annotations\IMG000545.json,1932,1798
IMG000546.jpeg,1,True,data\raw\images\IMG000546.jpeg,True,data\raw\Annotations\IMG000546.json,1850,2712
IMG000547.jpeg,1,True,data\raw\images\IMG000547.jpeg,True,data\raw\Annotations\IMG000547.json,2147,2721
IMG000548.jpeg,1,True,data\raw\images\IMG000548.jpeg,True,data\raw\Annotations\IMG000548.json,1764,1580
IMG000549.jpeg,1,True,data\raw\images\IMG000549.jpeg,True,data\raw\Annotations\IMG000549.json,1888,1588
IMG000550.jpeg,1,True,data\raw\images\IMG000550.jpeg,True,data\raw\Annotations\IMG000550.json,2544,3056
IMG000551.jpeg,1,True,data\raw\images\IMG000551.jpeg,True,data\raw\Annotations\IMG000551.json,2544,3056
IMG000552.jpeg,1,True,data\raw\images\IMG000552.jpeg,True,data\raw\Annotations\IMG000552.json,2544,3056
IMG000553.jpeg,1,True,data\raw\images\IMG000553.jpeg,True,data\raw\Annotations\IMG000553.json,2544,3056
IMG000554.jpeg,1,True,data\raw\images\IMG000554.jpeg,True,data\raw\Annotations\IMG000554.json,2544,3056
IMG000555.jpeg,1,True,data\raw\images\IMG000555.jpeg,True,data\raw\Annotations\IMG000555.json,2544,3056
IMG000556.jpeg,1,True,data\raw\images\IMG000556.jpeg,True,data\raw\Annotations\IMG000556.json,2544,3056
IMG000557.jpeg,1,True,data\raw\images\IMG000557.jpeg,True,data\raw\Annotations\IMG000557.json,2544,3056
IMG000558.jpeg,1,True,data\raw\images\IMG000558.jpeg,True,data\raw\Annotations\IMG000558.json,2544,3056
IMG000559.jpeg,1,True,data\raw\images\IMG000559.jpeg,True,data\raw\Annotations\IMG000559.json,3056,2544
IMG000560.jpeg,1,True,data\raw\images\IMG000560.jpeg,True,data\raw\Annotations\IMG000560.json,2544,3056
IMG000561.jpeg,1,True,data\raw\images\IMG000561.jpeg,True,data\raw\Annotations\IMG000561.json,925,1253
IMG000562.jpeg,1,True,data\raw\images\IMG000562.jpeg,True,data\raw\Annotations\IMG000562.json,3056,2544
IMG000563.jpeg,1,True,data\raw\images\IMG000563.jpeg,True,data\raw\Annotations\IMG000563.json,2544,3056
IMG000564.jpeg,1,True,data\raw\images\IMG000564.jpeg,True,data\raw\Annotations\IMG000564.json,3222,2522
IMG000565.jpeg,1,True,data\raw\images\IMG000565.jpeg,True,data\raw\Annotations\IMG000565.json,1488,1336
IMG000566.jpeg,1,True,data\raw\images\IMG000566.jpeg,True,data\raw\Annotations\IMG000566.json,2544,3056
IMG000567.jpeg,1,True,data\raw\images\IMG000567.jpeg,True,data\raw\Annotations\IMG000567.json,1382,2182
IMG000568.jpeg,1,True,data\raw\images\IMG000568.jpeg,True,data\raw\Annotations\IMG000568.json,1626,1577
IMG000569.jpeg,1,True,data\raw\images\IMG000569.jpeg,True,data\raw\Annotations\IMG000569.json,1681,2169
IMG000570.jpeg,1,True,data\raw\images\IMG000570.jpeg,True,data\raw\Annotations\IMG000570.json,1680,1091
IMG000571.jpeg,1,True,data\raw\images\IMG000571.jpeg,True,data\raw\Annotations\IMG000571.json,1236,2059
IMG000572.jpeg,1,True,data\raw\images\IMG000572.jpeg,True,data\raw\Annotations\IMG000572.json,2070,1165
IMG000573.jpeg,1,True,data\raw\images\IMG000573.jpeg,True,data\raw\Annotations\IMG000573.json,2534,3408
IMG000574.jpeg,1,True,data\raw\images\IMG000574.jpeg,True,data\raw\Annotations\IMG000574.json,1459,3349
IMG000575.jpeg,1,True,data\raw\images\IMG000575.jpeg,True,data\raw\Annotations\IMG000575.json,1644,3408
IMG000576.jpeg,1,True,data\raw\images\IMG000576.jpeg,True,data\raw\Annotations\IMG000576.json,1789,3032
IMG000577.jpeg,1,True,data\raw\images\IMG000577.jpeg,True,data\raw\Annotations\IMG000577.json,2544,3056
IMG000578.jpeg,1,True,data\raw\images\IMG000578.jpeg,True,data\raw\Annotations\IMG000578.json,2131,2841
IMG000579.jpeg,1,True,data\raw\images\IMG000579.jpeg,True,data\raw\Annotations\IMG000579.json,2240,2724
IMG000580.jpeg,1,True,data\raw\images\IMG000580.jpeg,True,data\raw\Annotations\IMG000580.json,1816,3408
IMG000581.jpeg,1,True,data\raw\images\IMG000581.jpeg,True,data\raw\Annotations\IMG000581.json,1816,3408
IMG000582.jpeg,1,True,data\raw\images\IMG000582.jpeg,True,data\raw\Annotations\IMG000582.json,2544,3056
IMG000583.jpeg,1,True,data\raw\images\IMG000583.jpeg,True,data\raw\Annotations\IMG000583.json,1795,3408
IMG000584.jpeg,1,True,data\raw\images\IMG000584.jpeg,True,data\raw\Annotations\IMG000584.json,2209,3408
IMG000585.jpeg,1,True,data\raw\images\IMG000585.jpeg,True,data\raw\Annotations\IMG000585.json,2544,3056
IMG000586.jpeg,1,True,data\raw\images\IMG000586.jpeg,True,data\raw\Annotations\IMG000586.json,2544,3056
IMG000587.jpeg,1,True,data\raw\images\IMG000587.jpeg,True,data\raw\Annotations\IMG000587.json,1618,2480
IMG000588.jpeg,1,True,data\raw\images\IMG000588.jpeg,True,data\raw\Annotations\IMG000588.json,2040,2584
IMG000589.jpeg,1,True,data\raw\images\IMG000589.jpeg,True,data\raw\Annotations\IMG000589.json,2544,3056
IMG000590.jpeg,1,True,data\raw\images\IMG000590.jpeg,True,data\raw\Annotations\IMG000590.json,2544,3056
IMG000591.jpeg,1,True,data\raw\images\IMG000591.jpeg,True,data\raw\Annotations\IMG000591.json,1823,3408
IMG000592.jpeg,1,True,data\raw\images\IMG000592.jpeg,True,data\raw\Annotations\IMG000592.json,1279,3408
IMG000593.jpeg,1,True,data\raw\images\IMG000593.jpeg,True,data\raw\Annotations\IMG000593.json,1667,1877
IMG000594.jpeg,1,True,data\raw\images\IMG000594.jpeg,True,data\raw\Annotations\IMG000594.json,1499,1945
IMG000595.jpeg,1,True,data\raw\images\IMG000595.jpeg,True,data\raw\Annotations\IMG000595.json,1745,3032
IMG000596.jpeg,1,True,data\raw\images\IMG000596.jpeg,True,data\raw\Annotations\IMG000596.json,2544,3056
IMG000597.jpeg,1,True,data\raw\images\IMG000597.jpeg,True,data\raw\Annotations\IMG000597.json,1541,3032
IMG000598.jpeg,1,True,data\raw\images\IMG000598.jpeg,True,data\raw\Annotations\IMG000598.json,2350,2517
IMG000599.jpeg,1,True,data\raw\images\IMG000599.jpeg,True,data\raw\Annotations\IMG000599.json,2520,3032
IMG000600.jpeg,1,True,data\raw\images\IMG000600.jpeg,True,data\raw\Annotations\IMG000600.json,2520,2880
IMG000601.jpeg,1,True,data\raw\images\IMG000601.jpeg,True,data\raw\Annotations\IMG000601.json,1604,3325
IMG000602.jpeg,1,True,data\raw\images\IMG000602.jpeg,True,data\raw\Annotations\IMG000602.json,1873,3130
IMG000603.jpeg,1,True,data\raw\images\IMG000603.jpeg,True,data\raw\Annotations\IMG000603.json,1331,2872
IMG000604.jpeg,1,True,data\raw\images\IMG000604.jpeg,True,data\raw\Annotations\IMG000604.json,2038,1945
IMG000605.jpeg,1,True,data\raw\images\IMG000605.jpeg,True,data\raw\Annotations\IMG000605.json,2192,2520
IMG000606.jpeg,1,True,data\raw\images\IMG000606.jpeg,True,data\raw\Annotations\IMG000606.json,2192,2520
IMG000607.jpeg,1,True,data\raw\images\IMG000607.jpeg,True,data\raw\Annotations\IMG000607.json,2172,1972
IMG000608.jpeg,1,True,data\raw\images\IMG000608.jpeg,True,data\raw\Annotations\IMG000608.json,2284,2124
IMG000609.jpeg,1,True,data\raw\images\IMG000609.jpeg,True,data\raw\Annotations\IMG000609.json,3056,2544
IMG000610.jpeg,1,True,data\raw\images\IMG000610.jpeg,True,data\raw\Annotations\IMG000610.json,3056,2544
IMG000611.jpeg,1,True,data\raw\images\IMG000611.jpeg,True,data\raw\Annotations\IMG000611.json,3056,2544
IMG000612.jpeg,1,True,data\raw\images\IMG000612.jpeg,True,data\raw\Annotations\IMG000612.json,1400,1693
IMG000613.jpeg,1,True,data\raw\images\IMG000613.jpeg,True,data\raw\Annotations\IMG000613.json,1920,3408
IMG000614.jpeg,1,True,data\raw\images\IMG000614.jpeg,True,data\raw\Annotations\IMG000614.json,1904,3211
IMG000615.jpeg,1,True,data\raw\images\IMG000615.jpeg,True,data\raw\Annotations\IMG000615.json,2800,2368
IMG000616.jpeg,1,True,data\raw\images\IMG000616.jpeg,True,data\raw\Annotations\IMG000616.json,1811,2199
IMG000617.jpeg,1,True,data\raw\images\IMG000617.jpeg,True,data\raw\Annotations\IMG000617.json,1546,2373
IMG000618.jpeg,1,True,data\raw\images\IMG000618.jpeg,True,data\raw\Annotations\IMG000618.json,1221,2404
IMG000619.jpeg,1,True,data\raw\images\IMG000619.jpeg,True,data\raw\Annotations\IMG000619.json,1876,2883
IMG000620.jpeg,1,True,data\raw\images\IMG000620.jpeg,True,data\raw\Annotations\IMG000620.json,1968,2750
IMG000621.jpeg,1,True,data\raw\images\IMG000621.jpeg,True,data\raw\Annotations\IMG000621.json,3032,2520
IMG000622.jpeg,1,True,data\raw\images\IMG000622.jpeg,True,data\raw\Annotations\IMG000622.json,2266,2520
IMG000623.jpeg,1,True,data\raw\images\IMG000623.jpeg,True,data\raw\Annotations\IMG000623.json,2211,2520
IMG000624.jpeg,1,True,data\raw\images\IMG000624.jpeg,True,data\raw\Annotations\IMG000624.json,1925,2520
IMG000625.jpeg,1,True,data\raw\images\IMG000625.jpeg,True,data\raw\Annotations\IMG000625.json,1407,2125
IMG000626.jpeg,1,True,data\raw\images\IMG000626.jpeg,True,data\raw\Annotations\IMG000626.json,1826,2648
IMG000627.jpeg,1,True,data\raw\images\IMG000627.jpeg,True,data\raw\Annotations\IMG000627.json,1860,2670
IMG000628.jpeg,1,True,data\raw\images\IMG000628.jpeg,True,data\raw\Annotations\IMG000628.json,2228,3032
IMG000629.jpeg,1,True,data\raw\images\IMG000629.jpeg,True,data\raw\Annotations\IMG000629.json,1648,1933
IMG000630.jpeg,1,True,data\raw\images\IMG000630.jpeg,True,data\raw\Annotations\IMG000630.json,1961,1703
IMG000631.jpeg,1,True,data\raw\images\IMG000631.jpeg,True,data\raw\Annotations\IMG000631.json,1300,1360
IMG000632.jpeg,1,True,data\raw\images\IMG000632.jpeg,True,data\raw\Annotations\IMG000632.json,1353,1284
IMG000633.jpeg,1,True,data\raw\images\IMG000633.jpeg,True,data\raw\Annotations\IMG000633.json,2284,2220
IMG000634.jpeg,1,True,data\raw\images\IMG000634.jpeg,True,data\raw\Annotations\IMG000634.json,2284,2216
IMG000635.jpeg,1,True,data\raw\images\IMG000635.jpeg,True,data\raw\Annotations\IMG000635.json,1374,2018
IMG000636.jpeg,1,True,data\raw\images\IMG000636.jpeg,True,data\raw\Annotations\IMG000636.json,3056,2544
IMG000637.jpeg,1,True,data\raw\images\IMG000637.jpeg,True,data\raw\Annotations\IMG000637.json,1644,2064
IMG000638.jpeg,1,True,data\raw\images\IMG000638.jpeg,True,data\raw\Annotations\IMG000638.json,1595,2330
IMG000639.jpeg,1,True,data\raw\images\IMG000639.jpeg,True,data\raw\Annotations\IMG000639.json,661,1202
IMG000640.jpeg,1,True,data\raw\images\IMG000640.jpeg,True,data\raw\Annotations\IMG000640.json,2544,3056
IMG000641.jpeg,1,True,data\raw\images\IMG000641.jpeg,True,data\raw\Annotations\IMG000641.json,1962,2287
IMG000642.jpeg,1,True,data\raw\images\IMG000642.jpeg,True,data\raw\Annotations\IMG000642.json,2544,3056
IMG000643.jpeg,1,True,data\raw\images\IMG000643.jpeg,True,data\raw\Annotations\IMG000643.json,2544,3056
IMG000644.jpeg,1,True,data\raw\images\IMG000644.jpeg,True,data\raw\Annotations\IMG000644.json,1931,3032
IMG000645.jpeg,1,True,data\raw\images\IMG000645.jpeg,True,data\raw\Annotations\IMG000645.json,2053,3032
IMG000646.jpeg,1,True,data\raw\images\IMG000646.jpeg,True,data\raw\Annotations\IMG000646.json,1383,2008
IMG000647.jpeg,1,True,data\raw\images\IMG000647.jpeg,True,data\raw\Annotations\IMG000647.json,1338,1751
IMG000648.jpeg,1,True,data\raw\images\IMG000648.jpeg,True,data\raw\Annotations\IMG000648.json,2544,3056
IMG000649.jpeg,1,True,data\raw\images\IMG000649.jpeg,True,data\raw\Annotations\IMG000649.json,2544,3056
IMG000650.jpeg,1,True,data\raw\images\IMG000650.jpeg,True,data\raw\Annotations\IMG000650.json,2382,2280
IMG000651.jpeg,1,True,data\raw\images\IMG000651.jpeg,True,data\raw\Annotations\IMG000651.json,2039,2259
IMG000652.jpeg,1,True,data\raw\images\IMG000652.jpeg,True,data\raw\Annotations\IMG000652.json,2004,3032
IMG000653.jpeg,1,True,data\raw\images\IMG000653.jpeg,True,data\raw\Annotations\IMG000653.json,2544,3056
IMG000654.jpeg,1,True,data\raw\images\IMG000654.jpeg,True,data\raw\Annotations\IMG000654.json,2544,3056
IMG000655.jpeg,1,True,data\raw\images\IMG000655.jpeg,True,data\raw\Annotations\IMG000655.json,2544,3056
IMG000656.jpeg,1,True,data\raw\images\IMG000656.jpeg,True,data\raw\Annotations\IMG000656.json,2544,3056
IMG000657.jpeg,1,True,data\raw\images\IMG000657.jpeg,True,data\raw\Annotations\IMG000657.json,2544,3056
IMG000658.jpeg,1,True,data\raw\images\IMG000658.jpeg,True,data\raw\Annotations\IMG000658.json,2544,3056
IMG000659.jpeg,1,True,data\raw\images\IMG000659.jpeg,True,data\raw\Annotations\IMG000659.json,2441,3408
IMG000660.jpeg,1,True,data\raw\images\IMG000660.jpeg,True,data\raw\Annotations\IMG000660.json,1647,3408
IMG000661.jpeg,1,True,data\raw\images\IMG000661.jpeg,True,data\raw\Annotations\IMG000661.json,2314,3408
IMG000662.jpeg,1,True,data\raw\images\IMG000662.jpeg,True,data\raw\Annotations\IMG000662.json,2287,3408
IMG000663.jpeg,1,True,data\raw\images\IMG000663.jpeg,True,data\raw\Annotations\IMG000663.json,2472,2883
IMG000664.jpeg,1,True,data\raw\images\IMG000664.jpeg,True,data\raw\Annotations\IMG000664.json,2200,3312
IMG000665.jpeg,1,True,data\raw\images\IMG000665.jpeg,True,data\raw\Annotations\IMG000665.json,1245,1876
IMG000666.jpeg,1,True,data\raw\images\IMG000666.jpeg,True,data\raw\Annotations\IMG000666.json,1310,1860
IMG000667.jpeg,1,True,data\raw\images\IMG000667.jpeg,True,data\raw\Annotations\IMG000667.json,1412,1978
IMG000668.jpeg,1,True,data\raw\images\IMG000668.jpeg,True,data\raw\Annotations\IMG000668.json,1459,3408
IMG000669.jpeg,1,True,data\raw\images\IMG000669.jpeg,True,data\raw\Annotations\IMG000669.json,1668,2117
IMG000670.jpeg,1,True,data\raw\images\IMG000670.jpeg,True,data\raw\Annotations\IMG000670.json,1781,2055
IMG000671.jpeg,1,True,data\raw\images\IMG000671.jpeg,True,data\raw\Annotations\IMG000671.json,1505,1459
IMG000672.jpeg,1,True,data\raw\images\IMG000672.jpeg,True,data\raw\Annotations\IMG000672.json,1728,2796
IMG000673.jpeg,1,True,data\raw\images\IMG000673.jpeg,True,data\raw\Annotations\IMG000673.json,3408,2800
IMG000674.jpeg,1,True,data\raw\images\IMG000674.jpeg,True,data\raw\Annotations\IMG000674.json,1684,1852
IMG000675.jpeg,1,True,data\raw\images\IMG000675.jpeg,True,data\raw\Annotations\IMG000675.json,1433,1893
IMG000676.jpeg,1,True,data\raw\images\IMG000676.jpeg,True,data\raw\Annotations\IMG000676.json,1478,1250
IMG000677.jpeg,1,True,data\raw\images\IMG000677.jpeg,True,data\raw\Annotations\IMG000677.json,1817,3408
IMG000678.jpeg,1,True,data\raw\images\IMG000678.jpeg,True,data\raw\Annotations\IMG000678.json,1975,3408
IMG000679.jpeg,1,True,data\raw\images\IMG000679.jpeg,True,data\raw\Annotations\IMG000679.json,1008,1120
IMG000680.jpeg,1,True,data\raw\images\IMG000680.jpeg,True,data\raw\Annotations\IMG000680.json,1380,2028
IMG000681.jpeg,1,True,data\raw\images\IMG000681.jpeg,True,data\raw\Annotations\IMG000681.json,679,1001
IMG000682.jpeg,1,True,data\raw\images\IMG000682.jpeg,True,data\raw\Annotations\IMG000682.json,646,1155
IMG000683.jpeg,1,True,data\raw\images\IMG000683.jpeg,True,data\raw\Annotations\IMG000683.json,3189,2306
IMG000684.jpeg,1,True,data\raw\images\IMG000684.jpeg,True,data\raw\Annotations\IMG000684.json,1724,2719
IMG000685.jpeg,1,True,data\raw\images\IMG000685.jpeg,True,data\raw\Annotations\IMG000685.json,1978,2457
IMG000686.jpeg,1,True,data\raw\images\IMG000686.jpeg,True,data\raw\Annotations\IMG000686.json,1859,3056
IMG000687.jpeg,1,True,data\raw\images\IMG000687.jpeg,True,data\raw\Annotations\IMG000687.json,2396,3056
IMG000688.jpeg,1,True,data\raw\images\IMG000688.jpeg,True,data\raw\Annotations\IMG000688.json,1747,3056
IMG000689.jpeg,1,True,data\raw\images\IMG000689.jpeg,True,data\raw\Annotations\IMG000689.json,2163,3182
IMG000690.jpeg,1,True,data\raw\images\IMG000690.jpeg,True,data\raw\Annotations\IMG000690.json,2628,2503
IMG000691.jpeg,1,True,data\raw\images\IMG000691.jpeg,True,data\raw\Annotations\IMG000691.json,1110,3065
IMG000692.jpeg,1,True,data\raw\images\IMG000692.jpeg,True,data\raw\Annotations\IMG000692.json,2129,2438
IMG000693.jpeg,1,True,data\raw\images\IMG000693.jpeg,True,data\raw\Annotations\IMG000693.json,2520,2029
IMG000694.jpeg,1,True,data\raw\images\IMG000694.jpeg,True,data\raw\Annotations\IMG000694.json,2176,3408
IMG000695.jpeg,1,True,data\raw\images\IMG000695.jpeg,True,data\raw\Annotations\IMG000695.json,2176,3408
IMG000696.jpeg,1,True,data\raw\images\IMG000696.jpeg,True,data\raw\Annotations\IMG000696.json,1882,3408
IMG000697.jpeg,1,True,data\raw\images\IMG000697.jpeg,True,data\raw\Annotations\IMG000697.json,2760,3408
IMG000698.jpeg,1,True,data\raw\images\IMG000698.jpeg,True,data\raw\Annotations\IMG000698.json,2488,3408
IMG000699.jpeg,1,True,data\raw\images\IMG000699.jpeg,True,data\raw\Annotations\IMG000699.json,1508,2710
IMG000700.jpeg,1,True,data\raw\images\IMG000700.jpeg,True,data\raw\Annotations\IMG000700.json,3408,2800
IMG000701.jpeg,1,True,data\raw\images\IMG000701.jpeg,True,data\raw\Annotations\IMG000701.json,2312,2800
IMG000702.jpeg,1,True,data\raw\images\IMG000702.jpeg,True,data\raw\Annotations\IMG000702.json,2552,2872
IMG000703.jpeg,1,True,data\raw\images\IMG000703.jpeg,True,data\raw\Annotations\IMG000703.json,1641,2163
IMG000704.jpeg,1,True,data\raw\images\IMG000704.jpeg,True,data\raw\Annotations\IMG000704.json,1854,2648
IMG000705.jpeg,1,True,data\raw\images\IMG000705.jpeg,True,data\raw\Annotations\IMG000705.json,2382,2336
IMG000706.jpeg,1,True,data\raw\images\IMG000706.jpeg,True,data\raw\Annotations\IMG000706.json,1662,2568
IMG000707.jpeg,1,True,data\raw\images\IMG000707.jpeg,True,data\raw\Annotations\IMG000707.json,1387,2374
IMG000708.jpeg,1,True,data\raw\images\IMG000708.jpeg,True,data\raw\Annotations\IMG000708.json,2304,3032
IMG000709.jpeg,1,True,data\raw\images\IMG000709.jpeg,True,data\raw\Annotations\IMG000709.json,1968,2728
IMG000710.jpeg,1,True,data\raw\images\IMG000710.jpeg,True,data\raw\Annotations\IMG000710.json,1984,2704
IMG000711.jpeg,1,True,data\raw\images\IMG000711.jpeg,True,data\raw\Annotations\IMG000711.json,1428,2472
IMG000712.jpeg,1,True,data\raw\images\IMG000712.jpeg,True,data\raw\Annotations\IMG000712.json,1414,2051
IMG000713.jpeg,1,True,data\raw\images\IMG000713.jpeg,True,data\raw\Annotations\IMG000713.json,1264,2055
IMG000714.jpeg,1,True,data\raw\images\IMG000714.jpeg,True,data\raw\Annotations\IMG000714.json,2544,3056
IMG000715.jpeg,1,True,data\raw\images\IMG000715.jpeg,True,data\raw\Annotations\IMG000715.json,2544,3056
IMG000716.jpeg,1,True,data\raw\images\IMG000716.jpeg,True,data\raw\Annotations\IMG000716.json,1629,2416
IMG000717.jpeg,1,True,data\raw\images\IMG000717.jpeg,True,data\raw\Annotations\IMG000717.json,1502,2364
IMG000718.jpeg,1,True,data\raw\images\IMG000718.jpeg,True,data\raw\Annotations\IMG000718.json,1743,1975
IMG000719.jpeg,1,True,data\raw\images\IMG000719.jpeg,True,data\raw\Annotations\IMG000719.json,1842,2089
IMG000720.jpeg,1,True,data\raw\images\IMG000720.jpeg,True,data\raw\Annotations\IMG000720.json,1703,3032
IMG000721.jpeg,1,True,data\raw\images\IMG000721.jpeg,True,data\raw\Annotations\IMG000721.json,1952,3032
IMG000722.jpeg,1,True,data\raw\images\IMG000722.jpeg,True,data\raw\Annotations\IMG000722.json,2204,2584
IMG000723.jpeg,1,True,data\raw\images\IMG000723.jpeg,True,data\raw\Annotations\IMG000723.json,1520,3408
IMG000724.jpeg,1,True,data\raw\images\IMG000724.jpeg,True,data\raw\Annotations\IMG000724.json,1746,2370
IMG000725.jpeg,1,True,data\raw\images\IMG000725.jpeg,True,data\raw\Annotations\IMG000725.json,1863,1975
IMG000726.jpeg,1,True,data\raw\images\IMG000726.jpeg,True,data\raw\Annotations\IMG000726.json,1811,2314
IMG000727.jpeg,1,True,data\raw\images\IMG000727.jpeg,True,data\raw\Annotations\IMG000727.json,2296,2454
IMG000728.jpeg,1,True,data\raw\images\IMG000728.jpeg,True,data\raw\Annotations\IMG000728.json,1468,3408
IMG000729.jpeg,1,True,data\raw\images\IMG000729.jpeg,True,data\raw\Annotations\IMG000729.json,1029,1488
IMG000730.jpeg,1,True,data\raw\images\IMG000730.jpeg,True,data\raw\Annotations\IMG000730.json,898,1233
IMG000731.jpeg,1,True,data\raw\images\IMG000731.jpeg,True,data\raw\Annotations\IMG000731.json,2312,3152
IMG000732.jpeg,1,True,data\raw\images\IMG000732.jpeg,True,data\raw\Annotations\IMG000732.json,1418,2287
IMG000733.jpeg,1,True,data\raw\images\IMG000733.jpeg,True,data\raw\Annotations\IMG000733.json,1483,2661
IMG000734.jpeg,1,True,data\raw\images\IMG000734.jpeg,True,data\raw\Annotations\IMG000734.json,1483,2379
IMG000735.jpeg,1,True,data\raw\images\IMG000735.jpeg,True,data\raw\Annotations\IMG000735.json,1579,2704
IMG000736.jpeg,1,True,data\raw\images\IMG000736.jpeg,True,data\raw\Annotations\IMG000736.json,623,1102
IMG000737.jpeg,1,True,data\raw\images\IMG000737.jpeg,True,data\raw\Annotations\IMG000737.json,1675,2676
IMG000738.jpeg,1,True,data\raw\images\IMG000738.jpeg,True,data\raw\Annotations\IMG000738.json,1805,2849
IMG000739.jpeg,1,True,data\raw\images\IMG000739.jpeg,True,data\raw\Annotations\IMG000739.json,1858,2200
IMG000740.jpeg,1,True,data\raw\images\IMG000740.jpeg,True,data\raw\Annotations\IMG000740.json,2072,2167
IMG000741.jpeg,1,True,data\raw\images\IMG000741.jpeg,True,data\raw\Annotations\IMG000741.json,2446,3032
IMG000742.jpeg,1,True,data\raw\images\IMG000742.jpeg,True,data\raw\Annotations\IMG000742.json,483,1097
IMG000743.jpeg,1,True,data\raw\images\IMG000743.jpeg,True,data\raw\Annotations\IMG000743.json,1694,2255
IMG000744.jpeg,1,True,data\raw\images\IMG000744.jpeg,True,data\raw\Annotations\IMG000744.json,1851,2348
IMG000745.jpeg,1,True,data\raw\images\IMG000745.jpeg,True,data\raw\Annotations\IMG000745.json,1901,2279
IMG000746.jpeg,1,True,data\raw\images\IMG000746.jpeg,True,data\raw\Annotations\IMG000746.json,1959,2377
IMG000747.jpeg,1,True,data\raw\images\IMG000747.jpeg,True,data\raw\Annotations\IMG000747.json,937,722
IMG000748.jpeg,1,True,data\raw\images\IMG000748.jpeg,True,data\raw\Annotations\IMG000748.json,2182,2608
IMG000749.jpeg,1,True,data\raw\images\IMG000749.jpeg,True,data\raw\Annotations\IMG000749.json,493,1014
IMG000750.jpeg,1,True,data\raw\images\IMG000750.jpeg,True,data\raw\Annotations\IMG000750.json,2340,2945
IMG000751.jpeg,1,True,data\raw\images\IMG000751.jpeg,True,data\raw\Annotations\IMG000751.json,1872,3032
IMG000752.jpeg,1,True,data\raw\images\IMG000752.jpeg,True,data\raw\Annotations\IMG000752.json,1625,2355
IMG000753.jpeg,1,True,data\raw\images\IMG000753.jpeg,True,data\raw\Annotations\IMG000753.json,1927,3032
IMG000754.jpeg,1,True,data\raw\images\IMG000754.jpeg,True,data\raw\Annotations\IMG000754.json,2016,2052
IMG000755.jpeg,1,True,data\raw\images\IMG000755.jpeg,True,data\raw\Annotations\IMG000755.json,1801,1776
IMG000756.jpeg,1,True,data\raw\images\IMG000756.jpeg,True,data\raw\Annotations\IMG000756.json,1761,3408
IMG000757.jpeg,1,True,data\raw\images\IMG000757.jpeg,True,data\raw\Annotations\IMG000757.json,1746,3173
IMG000758.jpeg,1,True,data\raw\images\IMG000758.jpeg,True,data\raw\Annotations\IMG000758.json,3056,2544
IMG000759.jpeg,1,True,data\raw\images\IMG000759.jpeg,True,data\raw\Annotations\IMG000759.json,2544,3056
IMG000760.jpeg,1,True,data\raw\images\IMG000760.jpeg,True,data\raw\Annotations\IMG000760.json,1122,999
IMG000761.jpeg,1,True,data\raw\images\IMG000761.jpeg,True,data\raw\Annotations\IMG000761.json,712,1118
IMG000762.jpeg,1,True,data\raw\images\IMG000762.jpeg,True,data\raw\Annotations\IMG000762.json,609,950
IMG000763.jpeg,1,True,data\raw\images\IMG000763.jpeg,True,data\raw\Annotations\IMG000763.json,677,1228
IMG000764.jpeg,1,True,data\raw\images\IMG000764.jpeg,True,data\raw\Annotations\IMG000764.json,1354,2021
IMG000765.jpeg,1,True,data\raw\images\IMG000765.jpeg,True,data\raw\Annotations\IMG000765.json,2800,2988
IMG000766.jpeg,1,True,data\raw\images\IMG000766.jpeg,True,data\raw\Annotations\IMG000766.json,2112,3008
IMG000767.jpeg,1,True,data\raw\images\IMG000767.jpeg,True,data\raw\Annotations\IMG000767.json,2080,2992
IMG000768.jpeg,1,True,data\raw\images\IMG000768.jpeg,True,data\raw\Annotations\IMG000768.json,1131,949
IMG000769.jpeg,1,True,data\raw\images\IMG000769.jpeg,True,data\raw\Annotations\IMG000769.json,1854,2677
IMG000770.jpeg,1,True,data\raw\images\IMG000770.jpeg,True,data\raw\Annotations\IMG000770.json,611,1036
IMG000771.jpeg,1,True,data\raw\images\IMG000771.jpeg,True,data\raw\Annotations\IMG000771.json,1221,1920
IMG000772.jpeg,1,True,data\raw\images\IMG000772.jpeg,True,data\raw\Annotations\IMG000772.json,1376,1872
IMG000773.jpeg,1,True,data\raw\images\IMG000773.jpeg,True,data\raw\Annotations\IMG000773.json,1594,1295
IMG000774.jpeg,1,True,data\raw\images\IMG000774.jpeg,True,data\raw\Annotations\IMG000774.json,1174,2052
IMG000775.jpeg,1,True,data\raw\images\IMG000775.jpeg,True,data\raw\Annotations\IMG000775.json,1480,1777
IMG000776.jpeg,1,True,data\raw\images\IMG000776.jpeg,True,data\raw\Annotations\IMG000776.json,1326,3096
IMG000777.jpeg,1,True,data\raw\images\IMG000777.jpeg,True,data\raw\Annotations\IMG000777.json,1224,3408
IMG000778.jpeg,1,True,data\raw\images\IMG000778.jpeg,True,data\raw\Annotations\IMG000778.json,1644,3408
IMG000779.jpeg,1,True,data\raw\images\IMG000779.jpeg,True,data\raw\Annotations\IMG000779.json,1301,3139
IMG000780.jpeg,1,True,data\raw\images\IMG000780.jpeg,True,data\raw\Annotations\IMG000780.json,2800,2583
IMG000781.jpeg,1,True,data\raw\images\IMG000781.jpeg,True,data\raw\Annotations\IMG000781.json,784,770
IMG000782.jpeg,1,True,data\raw\images\IMG000782.jpeg,True,data\raw\Annotations\IMG000782.json,672,769
IMG000783.jpeg,1,True,data\raw\images\IMG000783.jpeg,True,data\raw\Annotations\IMG000783.json,715,774
IMG000784.jpeg,1,True,data\raw\images\IMG000784.jpeg,True,data\raw\Annotations\IMG000784.json,525,773
IMG000785.jpeg,1,True,data\raw\images\IMG000785.jpeg,True,data\raw\Annotations\IMG000785.json,715,765
IMG000786.jpeg,1,True,data\raw\images\IMG000786.jpeg,True,data\raw\Annotations\IMG000786.json,835,769
IMG000787.jpeg,1,True,data\raw\images\IMG000787.jpeg,True,data\raw\Annotations\IMG000787.json,1058,780
IMG000788.jpeg,1,True,data\raw\images\IMG000788.jpeg,True,data\raw\Annotations\IMG000788.json,829,769
IMG000789.jpeg,1,True,data\raw\images\IMG000789.jpeg,True,data\raw\Annotations\IMG000789.json,899,768
IMG000790.jpeg,1,True,data\raw\images\IMG000790.jpeg,True,data\raw\Annotations\IMG000790.json,490,767
IMG000791.jpeg,1,True,data\raw\images\IMG000791.jpeg,True,data\raw\Annotations\IMG000791.json,656,768
IMG000792.jpeg,1,True,data\raw\images\IMG000792.jpeg,True,data\raw\Annotations\IMG000792.json,676,769
IMG000793.jpeg,1,True,data\raw\images\IMG000793.jpeg,True,data\raw\Annotations\IMG000793.json,567,770
IMG000794.jpeg,1,True,data\raw\images\IMG000794.jpeg,True,data\raw\Annotations\IMG000794.json,608,767
IMG000795.jpeg,1,True,data\raw\images\IMG000795.jpeg,True,data\raw\Annotations\IMG000795.json,1088,770
IMG000796.jpeg,1,True,data\raw\images\IMG000796.jpeg,True,data\raw\Annotations\IMG000796.json,674,768
IMG000797.jpeg,1,True,data\raw\images\IMG000797.jpeg,True,data\raw\Annotations\IMG000797.json,672,758
IMG000798.jpeg,1,True,data\raw\images\IMG000798.jpeg,True,data\raw\Annotations\IMG000798.json,668,771
IMG000799.jpeg,1,True,data\raw\images\IMG000799.jpeg,True,data\raw\Annotations\IMG000799.json,680,771
IMG000800.jpeg,1,True,data\raw\images\IMG000800.jpeg,True,data\raw\Annotations\IMG000800.json,516,689
IMG000801.jpeg,1,True,data\raw\images\IMG000801.jpeg,True,data\raw\Annotations\IMG000801.json,431,692
IMG000802.jpeg,1,True,data\raw\images\IMG000802.jpeg,True,data\raw\Annotations\IMG000802.json,739,771
IMG000803.jpeg,1,True,data\raw\images\IMG000803.jpeg,True,data\raw\Annotations\IMG000803.json,685,770
IMG000804.jpeg,1,True,data\raw\images\IMG000804.jpeg,True,data\raw\Annotations\IMG000804.json,568,766
IMG000805.jpeg,1,True,data\raw\images\IMG000805.jpeg,True,data\raw\Annotations\IMG000805.json,538,766
IMG000806.jpeg,1,True,data\raw\images\IMG000806.jpeg,True,data\raw\Annotations\IMG000806.json,775,772
IMG000807.jpeg,1,True,data\raw\images\IMG000807.jpeg,True,data\raw\Annotations\IMG000807.json,692,766
IMG000808.jpeg,1,True,data\raw\images\IMG000808.jpeg,True,data\raw\Annotations\IMG000808.json,670,771
IMG000809.jpeg,1,True,data\raw\images\IMG000809.jpeg,True,data\raw\Annotations\IMG000809.json,413,767
IMG000810.jpeg,1,True,data\raw\images\IMG000810.jpeg,True,data\raw\Annotations\IMG000810.json,569,773
IMG000811.jpeg,1,True,data\raw\images\IMG000811.jpeg,True,data\raw\Annotations\IMG000811.json,535,770
IMG000812.jpeg,1,True,data\raw\images\IMG000812.jpeg,True,data\raw\Annotations\IMG000812.json,652,772
IMG000813.jpeg,1,True,data\raw\images\IMG000813.jpeg,True,data\raw\Annotations\IMG000813.json,601,768
IMG000814.jpeg,1,True,data\raw\images\IMG000814.jpeg,True,data\raw\Annotations\IMG000814.json,568,763
IMG000815.jpeg,1,True,data\raw\images\IMG000815.jpeg,True,data\raw\Annotations\IMG000815.json,631,768
IMG000816.jpeg,1,True,data\raw\images\IMG000816.jpeg,True,data\raw\Annotations\IMG000816.json,706,767
IMG000817.jpeg,1,True,data\raw\images\IMG000817.jpeg,True,data\raw\Annotations\IMG000817.json,463,768
IMG000818.jpeg,1,True,data\raw\images\IMG000818.jpeg,True,data\raw\Annotations\IMG000818.json,864,769
IMG000819.jpeg,1,True,data\raw\images\IMG000819.jpeg,True,data\raw\Annotations\IMG000819.json,554,772
IMG000820.jpeg,1,True,data\raw\images\IMG000820.jpeg,True,data\raw\Annotations\IMG000820.json,611,771
IMG000821.jpeg,1,True,data\raw\images\IMG000821.jpeg,True,data\raw\Annotations\IMG000821.json,514,741
IMG000822.jpeg,1,True,data\raw\images\IMG000822.jpeg,True,data\raw\Annotations\IMG000822.json,540,774
IMG000823.jpeg,1,True,data\raw\images\IMG000823.jpeg,True,data\raw\Annotations\IMG000823.json,650,767
IMG000824.jpeg,1,True,data\raw\images\IMG000824.jpeg,True,data\raw\Annotations\IMG000824.json,677,769
IMG000825.jpeg,1,True,data\raw\images\IMG000825.jpeg,True,data\raw\Annotations\IMG000825.json,648,768
IMG000826.jpeg,1,True,data\raw\images\IMG000826.jpeg,True,data\raw\Annotations\IMG000826.json,703,757
IMG000827.jpeg,1,True,data\raw\images\IMG000827.jpeg,True,data\raw\Annotations\IMG000827.json,724,769
IMG000828.jpeg,1,True,data\raw\images\IMG000828.jpeg,True,data\raw\Annotations\IMG000828.json,903,773
IMG000829.jpeg,1,True,data\raw\images\IMG000829.jpeg,True,data\raw\Annotations\IMG000829.json,669,770
IMG000830.jpeg,1,True,data\raw\images\IMG000830.jpeg,True,data\raw\Annotations\IMG000830.json,688,771
IMG000831.jpeg,1,True,data\raw\images\IMG000831.jpeg,True,data\raw\Annotations\IMG000831.json,702,769
IMG000832.jpeg,1,True,data\raw\images\IMG000832.jpeg,True,data\raw\Annotations\IMG000832.json,576,768
IMG000833.jpeg,1,True,data\raw\images\IMG000833.jpeg,True,data\raw\Annotations\IMG000833.json,608,767
IMG000834.jpeg,1,True,data\raw\images\IMG000834.jpeg,True,data\raw\Annotations\IMG000834.json,583,768
IMG000835.jpeg,1,True,data\raw\images\IMG000835.jpeg,True,data\raw\Annotations\IMG000835.json,758,690
IMG000836.jpeg,1,True,data\raw\images\IMG000836.jpeg,True,data\raw\Annotations\IMG000836.json,976,2020
IMG000837.jpeg,1,True,data\raw\images\IMG000837.jpeg,True,data\raw\Annotations\IMG000837.json,956,1929
IMG000838.jpeg,1,True,data\raw\images\IMG000838.jpeg,True,data\raw\Annotations\IMG000838.json,2860,2305
IMG000839.jpeg,1,True,data\raw\images\IMG000839.jpeg,True,data\raw\Annotations\IMG000839.json,1344,2706
IMG000840.jpeg,1,True,data\raw\images\IMG000840.jpeg,True,data\raw\Annotations\IMG000840.json,2306,2941
IMG000841.jpeg,1,True,data\raw\images\IMG000841.jpeg,True,data\raw\Annotations\IMG000841.json,958,1272
IMG000842.jpeg,1,True,data\raw\images\IMG000842.jpeg,True,data\raw\Annotations\IMG000842.json,1129,1305
IMG000843.jpeg,1,True,data\raw\images\IMG000843.jpeg,True,data\raw\Annotations\IMG000843.json,1533,1534
IMG000844.jpeg,1,True,data\raw\images\IMG000844.jpeg,True,data\raw\Annotations\IMG000844.json,2850,1953
IMG000845.jpeg,1,True,data\raw\images\IMG000845.jpeg,True,data\raw\Annotations\IMG000845.json,1632,2939
IMG000846.jpeg,1,True,data\raw\images\IMG000846.jpeg,True,data\raw\Annotations\IMG000846.json,1610,2301
IMG000847.jpeg,1,True,data\raw\images\IMG000847.jpeg,True,data\raw\Annotations\IMG000847.json,1610,2301
IMG000848.jpeg,1,True,data\raw\images\IMG000848.jpeg,True,data\raw\Annotations\IMG000848.json,1610,2301
IMG000849.jpeg,1,True,data\raw\images\IMG000849.jpeg,True,data\raw\Annotations\IMG000849.json,1223,1514
IMG000850.jpeg,1,True,data\raw\images\IMG000850.jpeg,True,data\raw\Annotations\IMG000850.json,1222,1513
IMG000851.jpeg,1,True,data\raw\images\IMG000851.jpeg,True,data\raw\Annotations\IMG000851.json,1017,1139
IMG000852.jpeg,1,True,data\raw\images\IMG000852.jpeg,True,data\raw\Annotations\IMG000852.json,1358,1683
IMG000853.jpeg,1,True,data\raw\images\IMG000853.jpeg,True,data\raw\Annotations\IMG000853.json,1608,2303
IMG000854.jpeg,1,True,data\raw\images\IMG000854.jpeg,True,data\raw\Annotations\IMG000854.json,1608,2303
IMG000855.jpeg,1,True,data\raw\images\IMG000855.jpeg,True,data\raw\Annotations\IMG000855.json,1608,2303
IMG000856.jpeg,1,True,data\raw\images\IMG000856.jpeg,True,data\raw\Annotations\IMG000856.json,1848,1848
IMG000857.jpeg,1,True,data\raw\images\IMG000857.jpeg,True,data\raw\Annotations\IMG000857.json,1654,1654
IMG000858.jpeg,1,True,data\raw\images\IMG000858.jpeg,True,data\raw\Annotations\IMG000858.json,1606,2301
IMG000859.jpeg,1,True,data\raw\images\IMG000859.jpeg,True,data\raw\Annotations\IMG000859.json,1606,2301
IMG000860.jpeg,1,True,data\raw\images\IMG000860.jpeg,True,data\raw\Annotations\IMG000860.json,1610,2859
IMG000861.jpeg,1,True,data\raw\images\IMG000861.jpeg,True,data\raw\Annotations\IMG000861.json,2320,2461
IMG000862.jpeg,1,True,data\raw\images\IMG000862.jpeg,True,data\raw\Annotations\IMG000862.json,2940,2303
IMG000863.jpeg,1,True,data\raw\images\IMG000863.jpeg,True,data\raw\Annotations\IMG000863.json,1502,2941
IMG000864.jpeg,1,True,data\raw\images\IMG000864.jpeg,True,data\raw\Annotations\IMG000864.json,2360,2360
IMG000865.jpeg,1,True,data\raw\images\IMG000865.jpeg,True,data\raw\Annotations\IMG000865.json,2322,2322
IMG000866.jpeg,1,True,data\raw\images\IMG000866.jpeg,True,data\raw\Annotations\IMG000866.json,2770,1976
IMG000867.jpeg,1,True,data\raw\images\IMG000867.jpeg,True,data\raw\Annotations\IMG000867.json,1826,1797
IMG000868.jpeg,1,True,data\raw\images\IMG000868.jpeg,True,data\raw\Annotations\IMG000868.json,1427,1396
IMG000869.jpeg,1,True,data\raw\images\IMG000869.jpeg,True,data\raw\Annotations\IMG000869.json,1359,1399
IMG000870.jpeg,1,True,data\raw\images\IMG000870.jpeg,True,data\raw\Annotations\IMG000870.json,1608,2301
IMG000871.jpeg,1,True,data\raw\images\IMG000871.jpeg,True,data\raw\Annotations\IMG000871.json,1608,2301
IMG000872.jpeg,1,True,data\raw\images\IMG000872.jpeg,True,data\raw\Annotations\IMG000872.json,2040,2939
IMG000873.jpeg,1,True,data\raw\images\IMG000873.jpeg,True,data\raw\Annotations\IMG000873.json,2040,2939
IMG000874.jpeg,1,True,data\raw\images\IMG000874.jpeg,True,data\raw\Annotations\IMG000874.json,2306,2939
IMG000875.jpeg,1,True,data\raw\images\IMG000875.jpeg,True,data\raw\Annotations\IMG000875.json,1344,1376
IMG000876.jpeg,1,True,data\raw\images\IMG000876.jpeg,True,data\raw\Annotations\IMG000876.json,1398,2316
IMG000877.jpeg,1,True,data\raw\images\IMG000877.jpeg,True,data\raw\Annotations\IMG000877.json,1616,1888
IMG000878.jpeg,1,True,data\raw\images\IMG000878.jpeg,True,data\raw\Annotations\IMG000878.json,1332,2859
IMG000879.jpeg,1,True,data\raw\images\IMG000879.jpeg,True,data\raw\Annotations\IMG000879.json,1332,2859
IMG000880.jpeg,1,True,data\raw\images\IMG000880.jpeg,True,data\raw\Annotations\IMG000880.json,1472,1887
IMG000881.jpeg,1,True,data\raw\images\IMG000881.jpeg,True,data\raw\Annotations\IMG000881.json,1608,2301
IMG000882.jpeg,1,True,data\raw\images\IMG000882.jpeg,True,data\raw\Annotations\IMG000882.json,1250,2061
IMG000883.jpeg,1,True,data\raw\images\IMG000883.jpeg,True,data\raw\Annotations\IMG000883.json,1890,1947
IMG000884.jpeg,1,True,data\raw\images\IMG000884.jpeg,True,data\raw\Annotations\IMG000884.json,2186,2941
IMG000885.jpeg,1,True,data\raw\images\IMG000885.jpeg,True,data\raw\Annotations\IMG000885.json,1790,2941
IMG000886.jpeg,1,True,data\raw\images\IMG000886.jpeg,True,data\raw\Annotations\IMG000886.json,1614,2309
IMG000887.jpeg,1,True,data\raw\images\IMG000887.jpeg,True,data\raw\Annotations\IMG000887.json,1614,2309
IMG000888.jpeg,1,True,data\raw\images\IMG000888.jpeg,True,data\raw\Annotations\IMG000888.json,2898,2898
IMG000889.jpeg,1,True,data\raw\images\IMG000889.jpeg,True,data\raw\Annotations\IMG000889.json,2161,1514
IMG000890.jpeg,1,True,data\raw\images\IMG000890.jpeg,True,data\raw\Annotations\IMG000890.json,1610,2303
IMG000891.jpeg,1,True,data\raw\images\IMG000891.jpeg,True,data\raw\Annotations\IMG000891.json,1402,1685
IMG000892.jpeg,1,True,data\raw\images\IMG000892.jpeg,True,data\raw\Annotations\IMG000892.json,1728,1816
IMG000893.jpeg,1,True,data\raw\images\IMG000893.jpeg,True,data\raw\Annotations\IMG000893.json,2002,2002
IMG000894.jpeg,1,True,data\raw\images\IMG000894.jpeg,True,data\raw\Annotations\IMG000894.json,2020,2020
IMG000895.jpeg,1,True,data\raw\images\IMG000895.jpeg,True,data\raw\Annotations\IMG000895.json,1960,1518
IMG000896.jpeg,1,True,data\raw\images\IMG000896.jpeg,True,data\raw\Annotations\IMG000896.json,1360,1284
IMG000897.jpeg,1,True,data\raw\images\IMG000897.jpeg,True,data\raw\Annotations\IMG000897.json,1601,1629
IMG000898.jpeg,1,True,data\raw\images\IMG000898.jpeg,True,data\raw\Annotations\IMG000898.json,2169,1503
IMG000899.jpeg,1,True,data\raw\images\IMG000899.jpeg,True,data\raw\Annotations\IMG000899.json,767,825
IMG000900.jpeg,1,True,data\raw\images\IMG000900.jpeg,True,data\raw\Annotations\IMG000900.json,1504,2944
IMG000901.jpeg,1,True,data\raw\images\IMG000901.jpeg,True,data\raw\Annotations\IMG000901.json,1376,2046
IMG000902.jpeg,1,True,data\raw\images\IMG000902.jpeg,True,data\raw\Annotations\IMG000902.json,1310,1733
IMG000903.jpeg,1,True,data\raw\images\IMG000903.jpeg,True,data\raw\Annotations\IMG000903.json,1608,2305
IMG000904.jpeg,1,True,data\raw\images\IMG000904.jpeg,True,data\raw\Annotations\IMG000904.json,1608,2305
IMG000905.jpeg,1,True,data\raw\images\IMG000905.jpeg,True,data\raw\Annotations\IMG000905.json,1302,2321
IMG000906.jpeg,1,True,data\raw\images\IMG000906.jpeg,True,data\raw\Annotations\IMG000906.json,1330,2943
IMG000907.jpeg,1,True,data\raw\images\IMG000907.jpeg,True,data\raw\Annotations\IMG000907.json,1330,2943
IMG000908.jpeg,1,True,data\raw\images\IMG000908.jpeg,True,data\raw\Annotations\IMG000908.json,1330,2857
IMG000909.jpeg,1,True,data\raw\images\IMG000909.jpeg,True,data\raw\Annotations\IMG000909.json,1419,2054
IMG000910.jpeg,1,True,data\raw\images\IMG000910.jpeg,True,data\raw\Annotations\IMG000910.json,1608,2303
IMG000911.jpeg,1,True,data\raw\images\IMG000911.jpeg,True,data\raw\Annotations\IMG000911.json,1608,2303
IMG000912.jpeg,1,True,data\raw\images\IMG000912.jpeg,True,data\raw\Annotations\IMG000912.json,1744,2303
IMG000913.jpeg,1,True,data\raw\images\IMG000913.jpeg,True,data\raw\Annotations\IMG000913.json,1608,2305
IMG000914.jpeg,1,True,data\raw\images\IMG000914.jpeg,True,data\raw\Annotations\IMG000914.json,1608,2305
IMG000915.jpeg,1,True,data\raw\images\IMG000915.jpeg,True,data\raw\Annotations\IMG000915.json,1608,2305
IMG000916.jpeg,1,True,data\raw\images\IMG000916.jpeg,True,data\raw\Annotations\IMG000916.json,1608,2305
IMG000917.jpeg,1,True,data\raw\images\IMG000917.jpeg,True,data\raw\Annotations\IMG000917.json,1472,2023
IMG000918.jpeg,1,True,data\raw\images\IMG000918.jpeg,True,data\raw\Annotations\IMG000918.json,2552,2552
IMG000919.jpeg,1,True,data\raw\images\IMG000919.jpeg,True,data\raw\Annotations\IMG000919.json,2318,1709
IMG000920.jpeg,1,True,data\raw\images\IMG000920.jpeg,True,data\raw\Annotations\IMG000920.json,1328,2943
IMG000921.jpeg,1,True,data\raw\images\IMG000921.jpeg,True,data\raw\Annotations\IMG000921.json,1328,2943
IMG000922.jpeg,1,True,data\raw\images\IMG000922.jpeg,True,data\raw\Annotations\IMG000922.json,1792,1482
IMG000923.jpeg,1,True,data\raw\images\IMG000923.jpeg,True,data\raw\Annotations\IMG000923.json,1608,2303
IMG000924.jpeg,1,True,data\raw\images\IMG000924.jpeg,True,data\raw\Annotations\IMG000924.json,2940,2303
IMG000925.jpeg,1,True,data\raw\images\IMG000925.jpeg,True,data\raw\Annotations\IMG000925.json,2021,2021
IMG000926.jpeg,1,True,data\raw\images\IMG000926.jpeg,True,data\raw\Annotations\IMG000926.json,1175,2021
IMG000927.jpeg,1,True,data\raw\images\IMG000927.jpeg,True,data\raw\Annotations\IMG000927.json,1343,2021
IMG000928.jpeg,1,True,data\raw\images\IMG000928.jpeg,True,data\raw\Annotations\IMG000928.json,1586,2171
IMG000929.jpeg,1,True,data\raw\images\IMG000929.jpeg,True,data\raw\Annotations\IMG000929.json,1600,2303
IMG000930.jpeg,1,True,data\raw\images\IMG000930.jpeg,True,data\raw\Annotations\IMG000930.json,2300,2300
IMG000931.jpeg,1,True,data\raw\images\IMG000931.jpeg,True,data\raw\Annotations\IMG000931.json,2846,2846
IMG000932.jpeg,1,True,data\raw\images\IMG000932.jpeg,True,data\raw\Annotations\IMG000932.json,1610,2301
IMG000933.jpeg,1,True,data\raw\images\IMG000933.jpeg,True,data\raw\Annotations\IMG000933.json,2021,1263
IMG000934.jpeg,1,True,data\raw\images\IMG000934.jpeg,True,data\raw\Annotations\IMG000934.json,1874,1961
IMG000935.jpeg,1,True,data\raw\images\IMG000935.jpeg,True,data\raw\Annotations\IMG000935.json,2946,2946
IMG000936.jpeg,1,True,data\raw\images\IMG000936.jpeg,True,data\raw\Annotations\IMG000936.json,2940,2301
IMG000937.jpeg,1,True,data\raw\images\IMG000937.jpeg,True,data\raw\Annotations\IMG000937.json,1548,1981
IMG000938.jpeg,1,True,data\raw\images\IMG000938.jpeg,True,data\raw\Annotations\IMG000938.json,1548,1981
IMG000939.jpeg,1,True,data\raw\images\IMG000939.jpeg,True,data\raw\Annotations\IMG000939.json,1584,1855
IMG000940.jpeg,1,True,data\raw\images\IMG000940.jpeg,True,data\raw\Annotations\IMG000940.json,1584,1855
IMG000941.jpeg,1,True,data\raw\images\IMG000941.jpeg,True,data\raw\Annotations\IMG000941.json,896,1604
IMG000942.jpeg,1,True,data\raw\images\IMG000942.jpeg,True,data\raw\Annotations\IMG000942.json,864,1515
IMG000943.jpeg,1,True,data\raw\images\IMG000943.jpeg,True,data\raw\Annotations\IMG000943.json,1824,1824
IMG000944.jpeg,1,True,data\raw\images\IMG000944.jpeg,True,data\raw\Annotations\IMG000944.json,2122,2122
IMG000945.jpeg,1,True,data\raw\images\IMG000945.jpeg,True,data\raw\Annotations\IMG000945.json,1612,1612
IMG000946.jpeg,1,True,data\raw\images\IMG000946.jpeg,True,data\raw\Annotations\IMG000946.json,1808,1808
IMG000947.jpeg,1,True,data\raw\images\IMG000947.jpeg,True,data\raw\Annotations\IMG000947.json,1332,2859
IMG000948.jpeg,1,True,data\raw\images\IMG000948.jpeg,True,data\raw\Annotations\IMG000948.json,2306,2943
IMG000949.jpeg,1,True,data\raw\images\IMG000949.jpeg,True,data\raw\Annotations\IMG000949.json,1671,1117
IMG000950.jpeg,1,True,data\raw\images\IMG000950.jpeg,True,data\raw\Annotations\IMG000950.json,2860,2303
IMG000951.jpeg,1,True,data\raw\images\IMG000951.jpeg,True,data\raw\Annotations\IMG000951.json,2148,2410
IMG000952.jpeg,1,True,data\raw\images\IMG000952.jpeg,True,data\raw\Annotations\IMG000952.json,1610,2301
IMG000953.jpeg,1,True,data\raw\images\IMG000953.jpeg,True,data\raw\Annotations\IMG000953.json,2512,2512
IMG000954.jpeg,1,True,data\raw\images\IMG000954.jpeg,True,data\raw\Annotations\IMG000954.json,2300,2300
IMG000955.jpeg,1,True,data\raw\images\IMG000955.jpeg,True,data\raw\Annotations\IMG000955.json,2292,2292
IMG000956.jpeg,1,True,data\raw\images\IMG000956.jpeg,True,data\raw\Annotations\IMG000956.json,2056,2056
IMG000957.jpeg,1,True,data\raw\images\IMG000957.jpeg,True,data\raw\Annotations\IMG000957.json,2356,2356
IMG000958.jpeg,1,True,data\raw\images\IMG000958.jpeg,True,data\raw\Annotations\IMG000958.json,2982,2982
IMG000959.jpeg,1,True,data\raw\images\IMG000959.jpeg,True,data\raw\Annotations\IMG000959.json,2990,2990
IMG000960.jpeg,1,True,data\raw\images\IMG000960.jpeg,True,data\raw\Annotations\IMG000960.json,1046,2010
IMG000961.jpeg,1,True,data\raw\images\IMG000961.jpeg,True,data\raw\Annotations\IMG000961.json,1006,1981
IMG000962.jpeg,1,True,data\raw\images\IMG000962.jpeg,True,data\raw\Annotations\IMG000962.json,1979,4881
IMG000963.jpeg,1,True,data\raw\images\IMG000963.jpeg,True,data\raw\Annotations\IMG000963.json,1016,2857
IMG000964.jpeg,1,True,data\raw\images\IMG000964.jpeg,True,data\raw\Annotations\IMG000964.json,1062,2863
IMG000965.jpeg,1,True,data\raw\images\IMG000965.jpeg,True,data\raw\Annotations\IMG000965.json,1472,2553
IMG000966.jpeg,1,True,data\raw\images\IMG000966.jpeg,True,data\raw\Annotations\IMG000966.json,1168,2345
IMG000967.jpeg,1,True,data\raw\images\IMG000967.jpeg,True,data\raw\Annotations\IMG000967.json,2021,1179
IMG000968.jpeg,1,True,data\raw\images\IMG000968.jpeg,True,data\raw\Annotations\IMG000968.json,2021,1173
IMG000969.jpeg,1,True,data\raw\images\IMG000969.jpeg,True,data\raw\Annotations\IMG000969.json,2021,1168
IMG000970.jpeg,1,True,data\raw\images\IMG000970.jpeg,True,data\raw\Annotations\IMG000970.json,2021,1167
IMG000971.jpeg,1,True,data\raw\images\IMG000971.jpeg,True,data\raw\Annotations\IMG000971.json,2021,1159
IMG000972.jpeg,1,True,data\raw\images\IMG000972.jpeg,True,data\raw\Annotations\IMG000972.json,1472,2857
IMG000973.jpeg,1,True,data\raw\images\IMG000973.jpeg,True,data\raw\Annotations\IMG000973.json,1220,2943
IMG000974.jpeg,1,True,data\raw\images\IMG000974.jpeg,True,data\raw\Annotations\IMG000974.json,2970,2970
IMG000975.jpeg,1,True,data\raw\images\IMG000975.jpeg,True,data\raw\Annotations\IMG000975.json,1268,1307
IMG000976.jpeg,1,True,data\raw\images\IMG000976.jpeg,True,data\raw\Annotations\IMG000976.json,1273,1307
IMG000977.jpeg,1,True,data\raw\images\IMG000977.jpeg,True,data\raw\Annotations\IMG000977.json,2026,2023
IMG000978.jpeg,1,True,data\raw\images\IMG000978.jpeg,True,data\raw\Annotations\IMG000978.json,2026,2023
IMG000979.jpeg,1,True,data\raw\images\IMG000979.jpeg,True,data\raw\Annotations\IMG000979.json,2304,2649
IMG000980.jpeg,1,True,data\raw\images\IMG000980.jpeg,True,data\raw\Annotations\IMG000980.json,1218,2513
IMG000981.jpeg,1,True,data\raw\images\IMG000981.jpeg,True,data\raw\Annotations\IMG000981.json,1472,2025
IMG000982.jpeg,1,True,data\raw\images\IMG000982.jpeg,True,data\raw\Annotations\IMG000982.json,2966,2966
IMG000983.jpeg,1,True,data\raw\images\IMG000983.jpeg,True,data\raw\Annotations\IMG000983.json,2946,2946
IMG000984.jpeg,1,True,data\raw\images\IMG000984.jpeg,True,data\raw\Annotations\IMG000984.json,2946,2946
IMG000985.jpeg,1,True,data\raw\images\IMG000985.jpeg,True,data\raw\Annotations\IMG000985.json,928,1434
IMG000986.jpeg,1,True,data\raw\images\IMG000986.jpeg,True,data\raw\Annotations\IMG000986.json,1608,2303
IMG000987.jpeg,1,True,data\raw\images\IMG000987.jpeg,True,data\raw\Annotations\IMG000987.json,1484,2131
IMG000988.jpeg,1,True,data\raw\images\IMG000988.jpeg,True,data\raw\Annotations\IMG000988.json,2302,2302
IMG000989.jpeg,1,True,data\raw\images\IMG000989.jpeg,True,data\raw\Annotations\IMG000989.json,2302,2302
IMG000990.jpeg,1,True,data\raw\images\IMG000990.jpeg,True,data\raw\Annotations\IMG000990.json,2324,2324
IMG000991.jpeg,1,True,data\raw\images\IMG000991.jpeg,True,data\raw\Annotations\IMG000991.json,1598,2303
IMG000992.jpeg,1,True,data\raw\images\IMG000992.jpeg,True,data\raw\Annotations\IMG000992.json,1598,2303
IMG000993.jpeg,1,True,data\raw\images\IMG000993.jpeg,True,data\raw\Annotations\IMG000993.json,1608,2305
IMG000994.jpeg,1,True,data\raw\images\IMG000994.jpeg,True,data\raw\Annotations\IMG000994.json,1608,2303
IMG000995.jpeg,1,True,data\raw\images\IMG000995.jpeg,True,data\raw\Annotations\IMG000995.json,1608,2303
IMG000996.jpeg,1,True,data\raw\images\IMG000996.jpeg,True,data\raw\Annotations\IMG000996.json,2304,2773
IMG000997.jpeg,1,True,data\raw\images\IMG000997.jpeg,True,data\raw\Annotations\IMG000997.json,1800,2021
IMG000998.jpeg,1,True,data\raw\images\IMG000998.jpeg,True,data\raw\Annotations\IMG000998.json,2021,2021
IMG000999.jpeg,1,True,data\raw\images\IMG000999.jpeg,True,data\raw\Annotations\IMG000999.json,1370,2409
IMG001000.jpeg,1,True,data\raw\images\IMG001000.jpeg,True,data\raw\Annotations\IMG001000.json,1508,2409
IMG001001.jpeg,1,True,data\raw\images\IMG001001.jpeg,True,data\raw\Annotations\IMG001001.json,1602,2409
IMG001002.jpeg,1,True,data\raw\images\IMG001002.jpeg,True,data\raw\Annotations\IMG001002.json,1053,2021
IMG001003.jpeg,1,True,data\raw\images\IMG001003.jpeg,True,data\raw\Annotations\IMG001003.json,1222,1913
IMG001004.jpeg,1,True,data\raw\images\IMG001004.jpeg,True,data\raw\Annotations\IMG001004.json,1222,1913
IMG001005.jpeg,1,True,data\raw\images\IMG001005.jpeg,True,data\raw\Annotations\IMG001005.json,1432,2211
IMG001006.jpeg,1,True,data\raw\images\IMG001006.jpeg,True,data\raw\Annotations\IMG001006.json,1432,2211
IMG001007.jpeg,1,True,data\raw\images\IMG001007.jpeg,True,data\raw\Annotations\IMG001007.json,1053,2021
IMG001008.jpeg,1,True,data\raw\images\IMG001008.jpeg,True,data\raw\Annotations\IMG001008.json,1785,2021
IMG001009.jpeg,1,True,data\raw\images\IMG001009.jpeg,True,data\raw\Annotations\IMG001009.json,1768,2021
IMG001010.jpeg,1,True,data\raw\images\IMG001010.jpeg,True,data\raw\Annotations\IMG001010.json,1776,2021
IMG001011.jpeg,1,True,data\raw\images\IMG001011.jpeg,True,data\raw\Annotations\IMG001011.json,1616,1886
IMG001012.jpeg,1,True,data\raw\images\IMG001012.jpeg,True,data\raw\Annotations\IMG001012.json,1616,1886
IMG001013.jpeg,1,True,data\raw\images\IMG001013.jpeg,True,data\raw\Annotations\IMG001013.json,1612,2043
IMG001014.jpeg,1,True,data\raw\images\IMG001014.jpeg,True,data\raw\Annotations\IMG001014.json,1634,2005
IMG001015.jpeg,1,True,data\raw\images\IMG001015.jpeg,True,data\raw\Annotations\IMG001015.json,1612,2049
IMG001016.jpeg,1,True,data\raw\images\IMG001016.jpeg,True,data\raw\Annotations\IMG001016.json,1608,2305
IMG001017.jpeg,1,True,data\raw\images\IMG001017.jpeg,True,data\raw\Annotations\IMG001017.json,1296,1897
IMG001018.jpeg,1,True,data\raw\images\IMG001018.jpeg,True,data\raw\Annotations\IMG001018.json,1244,1900
IMG001019.jpeg,1,True,data\raw\images\IMG001019.jpeg,True,data\raw\Annotations\IMG001019.json,1610,2303
IMG001020.jpeg,1,True,data\raw\images\IMG001020.jpeg,True,data\raw\Annotations\IMG001020.json,1344,2286
IMG001021.jpeg,1,True,data\raw\images\IMG001021.jpeg,True,data\raw\Annotations\IMG001021.json,1700,2647
IMG001022.jpeg,1,True,data\raw\images\IMG001022.jpeg,True,data\raw\Annotations\IMG001022.json,1610,2303
IMG001023.jpeg,1,True,data\raw\images\IMG001023.jpeg,True,data\raw\Annotations\IMG001023.json,1610,2303
IMG001024.jpeg,1,True,data\raw\images\IMG001024.jpeg,True,data\raw\Annotations\IMG001024.json,2944,3425
IMG001025.jpeg,1,True,data\raw\images\IMG001025.jpeg,True,data\raw\Annotations\IMG001025.json,3584,3731
IMG001026.jpeg,1,True,data\raw\images\IMG001026.jpeg,True,data\raw\Annotations\IMG001026.json,1540,2259
IMG001027.jpeg,1,True,data\raw\images\IMG001027.jpeg,True,data\raw\Annotations\IMG001027.json,1446,2095
IMG001028.jpeg,1,True,data\raw\images\IMG001028.jpeg,True,data\raw\Annotations\IMG001028.json,1448,1826
IMG001029.jpeg,1,True,data\raw\images\IMG001029.jpeg,True,data\raw\Annotations\IMG001029.json,1608,2303
IMG001030.jpeg,1,True,data\raw\images\IMG001030.jpeg,True,data\raw\Annotations\IMG001030.json,2021,1182
IMG001031.jpeg,1,True,data\raw\images\IMG001031.jpeg,True,data\raw\Annotations\IMG001031.json,1608,2301
IMG001032.jpeg,1,True,data\raw\images\IMG001032.jpeg,True,data\raw\Annotations\IMG001032.json,1608,2301
IMG001033.jpeg,1,True,data\raw\images\IMG001033.jpeg,True,data\raw\Annotations\IMG001033.json,1608,2301
IMG001034.jpeg,1,True,data\raw\images\IMG001034.jpeg,True,data\raw\Annotations\IMG001034.json,1714,2371
IMG001035.jpeg,1,True,data\raw\images\IMG001035.jpeg,True,data\raw\Annotations\IMG001035.json,1606,2305
IMG001036.jpeg,1,True,data\raw\images\IMG001036.jpeg,True,data\raw\Annotations\IMG001036.json,1606,2305
IMG001037.jpeg,1,True,data\raw\images\IMG001037.jpeg,True,data\raw\Annotations\IMG001037.json,1610,2303
IMG001038.jpeg,1,True,data\raw\images\IMG001038.jpeg,True,data\raw\Annotations\IMG001038.json,1610,2303
IMG001039.jpeg,1,True,data\raw\images\IMG001039.jpeg,True,data\raw\Annotations\IMG001039.json,1824,2271
IMG001040.jpeg,1,True,data\raw\images\IMG001040.jpeg,True,data\raw\Annotations\IMG001040.json,1610,2163
IMG001041.jpeg,1,True,data\raw\images\IMG001041.jpeg,True,data\raw\Annotations\IMG001041.json,2144,1955
IMG001042.jpeg,1,True,data\raw\images\IMG001042.jpeg,True,data\raw\Annotations\IMG001042.json,1264,1864
IMG001043.jpeg,1,True,data\raw\images\IMG001043.jpeg,True,data\raw\Annotations\IMG001043.json,1394,1633
IMG001044.jpeg,1,True,data\raw\images\IMG001044.jpeg,True,data\raw\Annotations\IMG001044.json,1332,2943
IMG001045.jpeg,1,True,data\raw\images\IMG001045.jpeg,True,data\raw\Annotations\IMG001045.json,1332,2943
IMG001046.jpeg,1,True,data\raw\images\IMG001046.jpeg,True,data\raw\Annotations\IMG001046.json,1904,1785
IMG001047.jpeg,1,True,data\raw\images\IMG001047.jpeg,True,data\raw\Annotations\IMG001047.json,1610,2303
IMG001048.jpeg,1,True,data\raw\images\IMG001048.jpeg,True,data\raw\Annotations\IMG001048.json,1700,2303
IMG001049.jpeg,1,True,data\raw\images\IMG001049.jpeg,True,data\raw\Annotations\IMG001049.json,2304,1662
IMG001050.jpeg,1,True,data\raw\images\IMG001050.jpeg,True,data\raw\Annotations\IMG001050.json,1610,2941
IMG001051.jpeg,1,True,data\raw\images\IMG001051.jpeg,True,data\raw\Annotations\IMG001051.json,1504,2146
IMG001052.jpeg,1,True,data\raw\images\IMG001052.jpeg,True,data\raw\Annotations\IMG001052.json,2453,2453
IMG001053.jpeg,1,True,data\raw\images\IMG001053.jpeg,True,data\raw\Annotations\IMG001053.json,2054,2054
IMG001054.jpeg,1,True,data\raw\images\IMG001054.jpeg,True,data\raw\Annotations\IMG001054.json,1694,2751
IMG001055.jpeg,1,True,data\raw\images\IMG001055.jpeg,True,data\raw\Annotations\IMG001055.json,1828,2941
IMG001056.jpeg,1,True,data\raw\images\IMG001056.jpeg,True,data\raw\Annotations\IMG001056.json,2021,2021
IMG001057.jpeg,1,True,data\raw\images\IMG001057.jpeg,True,data\raw\Annotations\IMG001057.json,1404,2351
IMG001058.jpeg,1,True,data\raw\images\IMG001058.jpeg,True,data\raw\Annotations\IMG001058.json,1610,2301
IMG001059.jpeg,1,True,data\raw\images\IMG001059.jpeg,True,data\raw\Annotations\IMG001059.json,2942,2305
IMG001060.jpeg,1,True,data\raw\images\IMG001060.jpeg,True,data\raw\Annotations\IMG001060.json,1330,2859
IMG001061.jpeg,1,True,data\raw\images\IMG001061.jpeg,True,data\raw\Annotations\IMG001061.json,1360,1789
IMG001062.jpeg,1,True,data\raw\images\IMG001062.jpeg,True,data\raw\Annotations\IMG001062.json,2016,2024
IMG001063.jpeg,1,True,data\raw\images\IMG001063.jpeg,True,data\raw\Annotations\IMG001063.json,1610,2301
IMG001064.jpeg,1,True,data\raw\images\IMG001064.jpeg,True,data\raw\Annotations\IMG001064.json,1610,2301
IMG001065.jpeg,1,True,data\raw\images\IMG001065.jpeg,True,data\raw\Annotations\IMG001065.json,1874,1874
IMG001066.jpeg,1,True,data\raw\images\IMG001066.jpeg,True,data\raw\Annotations\IMG001066.json,1736,1736
IMG001067.jpeg,1,True,data\raw\images\IMG001067.jpeg,True,data\raw\Annotations\IMG001067.json,1300,1560
IMG001068.jpeg,1,True,data\raw\images\IMG001068.jpeg,True,data\raw\Annotations\IMG001068.json,1378,1824
IMG001069.jpeg,1,True,data\raw\images\IMG001069.jpeg,True,data\raw\Annotations\IMG001069.json,1944,2734
IMG001070.jpeg,1,True,data\raw\images\IMG001070.jpeg,True,data\raw\Annotations\IMG001070.json,1330,2767
IMG001071.jpeg,1,True,data\raw\images\IMG001071.jpeg,True,data\raw\Annotations\IMG001071.json,1330,2767
IMG001072.jpeg,1,True,data\raw\images\IMG001072.jpeg,True,data\raw\Annotations\IMG001072.json,1610,2307
IMG001073.jpeg,1,True,data\raw\images\IMG001073.jpeg,True,data\raw\Annotations\IMG001073.json,1368,1665
IMG001074.jpeg,1,True,data\raw\images\IMG001074.jpeg,True,data\raw\Annotations\IMG001074.json,1632,1902
IMG001075.jpeg,1,True,data\raw\images\IMG001075.jpeg,True,data\raw\Annotations\IMG001075.json,1596,1431
IMG001076.jpeg,1,True,data\raw\images\IMG001076.jpeg,True,data\raw\Annotations\IMG001076.json,1186,1966
IMG001077.jpeg,1,True,data\raw\images\IMG001077.jpeg,True,data\raw\Annotations\IMG001077.json,2021,1239
IMG001078.jpeg,1,True,data\raw\images\IMG001078.jpeg,True,data\raw\Annotations\IMG001078.json,2021,1235
IMG001079.jpeg,1,True,data\raw\images\IMG001079.jpeg,True,data\raw\Annotations\IMG001079.json,1330,2941
IMG001080.jpeg,1,True,data\raw\images\IMG001080.jpeg,True,data\raw\Annotations\IMG001080.json,1306,2941
IMG001081.jpeg,1,True,data\raw\images\IMG001081.jpeg,True,data\raw\Annotations\IMG001081.json,1208,2860
IMG001082.jpeg,1,True,data\raw\images\IMG001082.jpeg,True,data\raw\Annotations\IMG001082.json,1136,2793
IMG001083.jpeg,1,True,data\raw\images\IMG001083.jpeg,True,data\raw\Annotations\IMG001083.json,1250,2611
IMG001084.jpeg,1,True,data\raw\images\IMG001084.jpeg,True,data\raw\Annotations\IMG001084.json,1238,2872
IMG001085.jpeg,1,True,data\raw\images\IMG001085.jpeg,True,data\raw\Annotations\IMG001085.json,1384,2506
IMG001086.jpeg,1,True,data\raw\images\IMG001086.jpeg,True,data\raw\Annotations\IMG001086.json,1630,2641
IMG001087.jpeg,1,True,data\raw\images\IMG001087.jpeg,True,data\raw\Annotations\IMG001087.json,1330,2859
IMG001088.jpeg,1,True,data\raw\images\IMG001088.jpeg,True,data\raw\Annotations\IMG001088.json,1552,2919
IMG001089.jpeg,1,True,data\raw\images\IMG001089.jpeg,True,data\raw\Annotations\IMG001089.json,1362,2880
IMG001090.jpeg,1,True,data\raw\images\IMG001090.jpeg,True,data\raw\Annotations\IMG001090.json,1232,2359
IMG001091.jpeg,1,True,data\raw\images\IMG001091.jpeg,True,data\raw\Annotations\IMG001091.json,1132,2260
IMG001092.jpeg,1,True,data\raw\images\IMG001092.jpeg,True,data\raw\Annotations\IMG001092.json,1000,2290
IMG001093.jpeg,1,True,data\raw\images\IMG001093.jpeg,True,data\raw\Annotations\IMG001093.json,1390,2896
IMG001094.jpeg,1,True,data\raw\images\IMG001094.jpeg,True,data\raw\Annotations\IMG001094.json,1420,2784
IMG001095.jpeg,1,True,data\raw\images\IMG001095.jpeg,True,data\raw\Annotations\IMG001095.json,1376,2943
IMG001096.jpeg,1,True,data\raw\images\IMG001096.jpeg,True,data\raw\Annotations\IMG001096.json,2100,2943
IMG001097.jpeg,1,True,data\raw\images\IMG001097.jpeg,True,data\raw\Annotations\IMG001097.json,1514,1600
IMG001098.jpeg,1,True,data\raw\images\IMG001098.jpeg,True,data\raw\Annotations\IMG001098.json,1986,1986
IMG001099.jpeg,1,True,data\raw\images\IMG001099.jpeg,True,data\raw\Annotations\IMG001099.json,809,617
IMG001100.jpeg,1,True,data\raw\images\IMG001100.jpeg,True,data\raw\Annotations\IMG001100.json,1712,2987
IMG001101.jpeg,1,True,data\raw\images\IMG001101.jpeg,True,data\raw\Annotations\IMG001101.json,1430,2941
IMG001102.jpeg,1,True,data\raw\images\IMG001102.jpeg,True,data\raw\Annotations\IMG001102.json,2992,2991
IMG001103.jpeg,1,True,data\raw\images\IMG001103.jpeg,True,data\raw\Annotations\IMG001103.json,2458,2991
IMG001104.jpeg,1,True,data\raw\images\IMG001104.jpeg,True,data\raw\Annotations\IMG001104.json,2882,2882
IMG001105.jpeg,1,True,data\raw\images\IMG001105.jpeg,True,data\raw\Annotations\IMG001105.json,2950,2950
IMG001106.jpeg,1,True,data\raw\images\IMG001106.jpeg,True,data\raw\Annotations\IMG001106.json,2942,2942
IMG001107.jpeg,1,True,data\raw\images\IMG001107.jpeg,True,data\raw\Annotations\IMG001107.json,2840,2840
IMG001108.jpeg,1,True,data\raw\images\IMG001108.jpeg,True,data\raw\Annotations\IMG001108.json,2046,2991
IMG001109.jpeg,1,True,data\raw\images\IMG001109.jpeg,True,data\raw\Annotations\IMG001109.json,2170,2929
IMG001110.jpeg,1,True,data\raw\images\IMG001110.jpeg,True,data\raw\Annotations\IMG001110.json,1384,2682
IMG001111.jpeg,1,True,data\raw\images\IMG001111.jpeg,True,data\raw\Annotations\IMG001111.json,1608,2727
IMG001112.jpeg,1,True,data\raw\images\IMG001112.jpeg,True,data\raw\Annotations\IMG001112.json,1172,1812
IMG001113.jpeg,1,True,data\raw\images\IMG001113.jpeg,True,data\raw\Annotations\IMG001113.json,1546,1924
IMG001114.jpeg,1,True,data\raw\images\IMG001114.jpeg,True,data\raw\Annotations\IMG001114.json,1744,1744
IMG001115.jpeg,1,True,data\raw\images\IMG001115.jpeg,True,data\raw\Annotations\IMG001115.json,2064,2064
IMG001116.jpeg,1,True,data\raw\images\IMG001116.jpeg,True,data\raw\Annotations\IMG001116.json,2306,2773
IMG001117.jpeg,1,True,data\raw\images\IMG001117.jpeg,True,data\raw\Annotations\IMG001117.json,1610,2791
IMG001118.jpeg,1,True,data\raw\images\IMG001118.jpeg,True,data\raw\Annotations\IMG001118.json,1620,1653
IMG001119.jpeg,1,True,data\raw\images\IMG001119.jpeg,True,data\raw\Annotations\IMG001119.json,2946,2946
IMG001120.jpeg,1,True,data\raw\images\IMG001120.jpeg,True,data\raw\Annotations\IMG001120.json,2946,2946
IMG001121.jpeg,1,True,data\raw\images\IMG001121.jpeg,True,data\raw\Annotations\IMG001121.json,1330,2859
IMG001122.jpeg,1,True,data\raw\images\IMG001122.jpeg,True,data\raw\Annotations\IMG001122.json,2592,3338
IMG001123.jpeg,1,True,data\raw\images\IMG001123.jpeg,True,data\raw\Annotations\IMG001123.json,2942,2303
IMG001124.jpeg,1,True,data\raw\images\IMG001124.jpeg,True,data\raw\Annotations\IMG001124.json,918,1137
IMG001125.jpeg,1,True,data\raw\images\IMG001125.jpeg,True,data\raw\Annotations\IMG001125.json,968,1126
IMG001126.jpeg,1,True,data\raw\images\IMG001126.jpeg,True,data\raw\Annotations\IMG001126.json,1552,1537
IMG001127.jpeg,1,True,data\raw\images\IMG001127.jpeg,True,data\raw\Annotations\IMG001127.json,1550,1536
IMG001128.jpeg,1,True,data\raw\images\IMG001128.jpeg,True,data\raw\Annotations\IMG001128.json,2889,2889
IMG001129.jpeg,1,True,data\raw\images\IMG001129.jpeg,True,data\raw\Annotations\IMG001129.json,2879,2879
IMG001130.jpeg,1,True,data\raw\images\IMG001130.jpeg,True,data\raw\Annotations\IMG001130.json,1610,2301
IMG001131.jpeg,1,True,data\raw\images\IMG001131.jpeg,True,data\raw\Annotations\IMG001131.json,1372,2278
IMG001132.jpeg,1,True,data\raw\images\IMG001132.jpeg,True,data\raw\Annotations\IMG001132.json,1672,1733
IMG001133.jpeg,1,True,data\raw\images\IMG001133.jpeg,True,data\raw\Annotations\IMG001133.json,2802,2802
IMG001134.jpeg,1,True,data\raw\images\IMG001134.jpeg,True,data\raw\Annotations\IMG001134.json,1966,1588
IMG001135.jpeg,1,True,data\raw\images\IMG001135.jpeg,True,data\raw\Annotations\IMG001135.json,1600,1631
IMG001136.jpeg,1,True,data\raw\images\IMG001136.jpeg,True,data\raw\Annotations\IMG001136.json,2032,2024
IMG001137.jpeg,1,True,data\raw\images\IMG001137.jpeg,True,data\raw\Annotations\IMG001137.json,1118,1094
IMG001138.jpeg,1,True,data\raw\images\IMG001138.jpeg,True,data\raw\Annotations\IMG001138.json,1132,1123
IMG001139.jpeg,1,True,data\raw\images\IMG001139.jpeg,True,data\raw\Annotations\IMG001139.json,2264,2264
IMG001140.jpeg,1,True,data\raw\images\IMG001140.jpeg,True,data\raw\Annotations\IMG001140.json,1330,2859
IMG001141.jpeg,1,True,data\raw\images\IMG001141.jpeg,True,data\raw\Annotations\IMG001141.json,1578,1990
IMG001142.jpeg,1,True,data\raw\images\IMG001142.jpeg,True,data\raw\Annotations\IMG001142.json,1162,1694
IMG001143.jpeg,1,True,data\raw\images\IMG001143.jpeg,True,data\raw\Annotations\IMG001143.json,1588,2301
IMG001144.jpeg,1,True,data\raw\images\IMG001144.jpeg,True,data\raw\Annotations\IMG001144.json,2052,2052
IMG001145.jpeg,1,True,data\raw\images\IMG001145.jpeg,True,data\raw\Annotations\IMG001145.json,2334,2883
IMG001146.jpeg,1,True,data\raw\images\IMG001146.jpeg,True,data\raw\Annotations\IMG001146.json,2888,2888
IMG001147.jpeg,1,True,data\raw\images\IMG001147.jpeg,True,data\raw\Annotations\IMG001147.json,1616,2305
IMG001148.jpeg,1,True,data\raw\images\IMG001148.jpeg,True,data\raw\Annotations\IMG001148.json,1014,1762
IMG001149.jpeg,1,True,data\raw\images\IMG001149.jpeg,True,data\raw\Annotations\IMG001149.json,1562,1562
IMG001150.jpeg,1,True,data\raw\images\IMG001150.jpeg,True,data\raw\Annotations\IMG001150.json,1462,1462
IMG001151.jpeg,1,True,data\raw\images\IMG001151.jpeg,True,data\raw\Annotations\IMG001151.json,2944,2303
IMG001152.jpeg,1,True,data\raw\images\IMG001152.jpeg,True,data\raw\Annotations\IMG001152.json,1842,2303
IMG001153.jpeg,1,True,data\raw\images\IMG001153.jpeg,True,data\raw\Annotations\IMG001153.json,1610,2303
IMG001154.jpeg,1,True,data\raw\images\IMG001154.jpeg,True,data\raw\Annotations\IMG001154.json,1430,1888
IMG001155.jpeg,1,True,data\raw\images\IMG001155.jpeg,True,data\raw\Annotations\IMG001155.json,2864,2864
IMG001156.jpeg,1,True,data\raw\images\IMG001156.jpeg,True,data\raw\Annotations\IMG001156.json,2902,2902
IMG001157.jpeg,1,True,data\raw\images\IMG001157.jpeg,True,data\raw\Annotations\IMG001157.json,1608,2857
IMG001158.jpeg,1,True,data\raw\images\IMG001158.jpeg,True,data\raw\Annotations\IMG001158.json,1608,2857
IMG001159.jpeg,1,True,data\raw\images\IMG001159.jpeg,True,data\raw\Annotations\IMG001159.json,2570,2570
IMG001160.jpeg,1,True,data\raw\images\IMG001160.jpeg,True,data\raw\Annotations\IMG001160.json,1144,2099
IMG001161.jpeg,1,True,data\raw\images\IMG001161.jpeg,True,data\raw\Annotations\IMG001161.json,2021,1214
IMG001162.jpeg,1,True,data\raw\images\IMG001162.jpeg,True,data\raw\Annotations\IMG001162.json,2021,1204
IMG001163.jpeg,1,True,data\raw\images\IMG001163.jpeg,True,data\raw\Annotations\IMG001163.json,1608,2941
IMG001164.jpeg,1,True,data\raw\images\IMG001164.jpeg,True,data\raw\Annotations\IMG001164.json,1608,2941
IMG001165.jpeg,1,True,data\raw\images\IMG001165.jpeg,True,data\raw\Annotations\IMG001165.json,2021,1192
IMG001166.jpeg,1,True,data\raw\images\IMG001166.jpeg,True,data\raw\Annotations\IMG001166.json,2048,2651
IMG001167.jpeg,1,True,data\raw\images\IMG001167.jpeg,True,data\raw\Annotations\IMG001167.json,2084,2397
IMG001168.jpeg,1,True,data\raw\images\IMG001168.jpeg,True,data\raw\Annotations\IMG001168.json,485,759
IMG001169.jpeg,1,True,data\raw\images\IMG001169.jpeg,True,data\raw\Annotations\IMG001169.json,1612,2299
IMG001170.jpeg,1,True,data\raw\images\IMG001170.jpeg,True,data\raw\Annotations\IMG001170.json,1616,2246
IMG001171.jpeg,1,True,data\raw\images\IMG001171.jpeg,True,data\raw\Annotations\IMG001171.json,1616,2246
IMG001172.jpeg,1,True,data\raw\images\IMG001172.jpeg,True,data\raw\Annotations\IMG001172.json,1535,1529
IMG001173.jpeg,1,True,data\raw\images\IMG001173.jpeg,True,data\raw\Annotations\IMG001173.json,1537,1531
IMG001174.jpeg,1,True,data\raw\images\IMG001174.jpeg,True,data\raw\Annotations\IMG001174.json,2940,2307
IMG001175.jpeg,1,True,data\raw\images\IMG001175.jpeg,True,data\raw\Annotations\IMG001175.json,1118,1472
IMG001176.jpeg,1,True,data\raw\images\IMG001176.jpeg,True,data\raw\Annotations\IMG001176.json,1608,2303
IMG001177.jpeg,1,True,data\raw\images\IMG001177.jpeg,True,data\raw\Annotations\IMG001177.json,1608,2301
IMG001178.jpeg,1,True,data\raw\images\IMG001178.jpeg,True,data\raw\Annotations\IMG001178.json,2016,2018
IMG001179.jpeg,1,True,data\raw\images\IMG001179.jpeg,True,data\raw\Annotations\IMG001179.json,2016,2018
IMG001180.jpeg,1,True,data\raw\images\IMG001180.jpeg,True,data\raw\Annotations\IMG001180.json,1610,2939
IMG001181.jpeg,1,True,data\raw\images\IMG001181.jpeg,True,data\raw\Annotations\IMG001181.json,1610,2939
IMG001182.jpeg,1,True,data\raw\images\IMG001182.jpeg,True,data\raw\Annotations\IMG001182.json,2242,2242
IMG001183.jpeg,1,True,data\raw\images\IMG001183.jpeg,True,data\raw\Annotations\IMG001183.json,2650,2650
IMG001184.jpeg,1,True,data\raw\images\IMG001184.jpeg,True,data\raw\Annotations\IMG001184.json,1610,2303
IMG001185.jpeg,1,True,data\raw\images\IMG001185.jpeg,True,data\raw\Annotations\IMG001185.json,2016,2655
IMG001186.jpeg,1,True,data\raw\images\IMG001186.jpeg,True,data\raw\Annotations\IMG001186.json,1478,1680
IMG001187.jpeg,1,True,data\raw\images\IMG001187.jpeg,True,data\raw\Annotations\IMG001187.json,1432,1788
IMG001188.jpeg,1,True,data\raw\images\IMG001188.jpeg,True,data\raw\Annotations\IMG001188.json,1344,1746
IMG001189.jpeg,1,True,data\raw\images\IMG001189.jpeg,True,data\raw\Annotations\IMG001189.json,1344,1746
IMG001190.jpeg,1,True,data\raw\images\IMG001190.jpeg,True,data\raw\Annotations\IMG001190.json,2282,2282
IMG001191.jpeg,1,True,data\raw\images\IMG001191.jpeg,True,data\raw\Annotations\IMG001191.json,2292,2292
IMG001192.jpeg,1,True,data\raw\images\IMG001192.jpeg,True,data\raw\Annotations\IMG001192.json,1322,2939
IMG001193.jpeg,1,True,data\raw\images\IMG001193.jpeg,True,data\raw\Annotations\IMG001193.json,1322,2939
IMG001194.jpeg,1,True,data\raw\images\IMG001194.jpeg,True,data\raw\Annotations\IMG001194.json,1344,1748
IMG001195.jpeg,1,True,data\raw\images\IMG001195.jpeg,True,data\raw\Annotations\IMG001195.json,1344,1748
IMG001196.jpeg,1,True,data\raw\images\IMG001196.jpeg,True,data\raw\Annotations\IMG001196.json,1608,2301
IMG001197.jpeg,1,True,data\raw\images\IMG001197.jpeg,True,data\raw\Annotations\IMG001197.json,1608,2301
IMG001198.jpeg,1,True,data\raw\images\IMG001198.jpeg,True,data\raw\Annotations\IMG001198.json,1608,2301
IMG001199.jpeg,1,True,data\raw\images\IMG001199.jpeg,True,data\raw\Annotations\IMG001199.json,1608,2301
IMG001200.jpeg,1,True,data\raw\images\IMG001200.jpeg,True,data\raw\Annotations\IMG001200.json,1472,2405
IMG001201.jpeg,1,True,data\raw\images\IMG001201.jpeg,True,data\raw\Annotations\IMG001201.json,2958,2958
IMG001202.jpeg,1,True,data\raw\images\IMG001202.jpeg,True,data\raw\Annotations\IMG001202.json,1344,1748
IMG001203.jpeg,1,True,data\raw\images\IMG001203.jpeg,True,data\raw\Annotations\IMG001203.json,2032,2024
IMG001204.jpeg,1,True,data\raw\images\IMG001204.jpeg,True,data\raw\Annotations\IMG001204.json,1610,2303
IMG001205.jpeg,1,True,data\raw\images\IMG001205.jpeg,True,data\raw\Annotations\IMG001205.json,1610,2303
IMG001206.jpeg,1,True,data\raw\images\IMG001206.jpeg,True,data\raw\Annotations\IMG001206.json,2021,1266
IMG001207.jpeg,1,True,data\raw\images\IMG001207.jpeg,True,data\raw\Annotations\IMG001207.json,1536,1560
IMG001208.jpeg,1,True,data\raw\images\IMG001208.jpeg,True,data\raw\Annotations\IMG001208.json,1488,1419
IMG001209.jpeg,1,True,data\raw\images\IMG001209.jpeg,True,data\raw\Annotations\IMG001209.json,1392,1262
IMG001210.jpeg,1,True,data\raw\images\IMG001210.jpeg,True,data\raw\Annotations\IMG001210.json,1360,1308
IMG001211.jpeg,1,True,data\raw\images\IMG001211.jpeg,True,data\raw\Annotations\IMG001211.json,923,1216
IMG001212.jpeg,1,True,data\raw\images\IMG001212.jpeg,True,data\raw\Annotations\IMG001212.json,943,1281
IMG001213.jpeg,1,True,data\raw\images\IMG001213.jpeg,True,data\raw\Annotations\IMG001213.json,1330,2859
IMG001214.jpeg,1,True,data\raw\images\IMG001214.jpeg,True,data\raw\Annotations\IMG001214.json,1210,2103
IMG001215.jpeg,1,True,data\raw\images\IMG001215.jpeg,True,data\raw\Annotations\IMG001215.json,2336,2872
IMG001216.jpeg,1,True,data\raw\images\IMG001216.jpeg,True,data\raw\Annotations\IMG001216.json,1630,2867
IMG001217.jpeg,1,True,data\raw\images\IMG001217.jpeg,True,data\raw\Annotations\IMG001217.json,1768,2305
IMG001218.jpeg,1,True,data\raw\images\IMG001218.jpeg,True,data\raw\Annotations\IMG001218.json,1768,2305
IMG001219.jpeg,1,True,data\raw\images\IMG001219.jpeg,True,data\raw\Annotations\IMG001219.json,1906,2081
IMG001220.jpeg,1,True,data\raw\images\IMG001220.jpeg,True,data\raw\Annotations\IMG001220.json,2858,2307
IMG001221.jpeg,1,True,data\raw\images\IMG001221.jpeg,True,data\raw\Annotations\IMG001221.json,1608,2307
IMG001222.jpeg,1,True,data\raw\images\IMG001222.jpeg,True,data\raw\Annotations\IMG001222.json,1608,2307
IMG001223.jpeg,1,True,data\raw\images\IMG001223.jpeg,True,data\raw\Annotations\IMG001223.json,1416,2311
IMG001224.jpeg,1,True,data\raw\images\IMG001224.jpeg,True,data\raw\Annotations\IMG001224.json,1472,2739
IMG001225.jpeg,1,True,data\raw\images\IMG001225.jpeg,True,data\raw\Annotations\IMG001225.json,2990,2990
IMG001226.jpeg,1,True,data\raw\images\IMG001226.jpeg,True,data\raw\Annotations\IMG001226.json,1748,2134
IMG001227.jpeg,1,True,data\raw\images\IMG001227.jpeg,True,data\raw\Annotations\IMG001227.json,1472,2303
IMG001228.jpeg,1,True,data\raw\images\IMG001228.jpeg,True,data\raw\Annotations\IMG001228.json,2913,2913
IMG001229.jpeg,1,True,data\raw\images\IMG001229.jpeg,True,data\raw\Annotations\IMG001229.json,2532,2532
IMG001230.jpeg,1,True,data\raw\images\IMG001230.jpeg,True,data\raw\Annotations\IMG001230.json,2422,2422
IMG001231.jpeg,1,True,data\raw\images\IMG001231.jpeg,True,data\raw\Annotations\IMG001231.json,1954,1870
IMG001232.jpeg,1,True,data\raw\images\IMG001232.jpeg,True,data\raw\Annotations\IMG001232.json,1063,1494
IMG001233.jpeg,1,True,data\raw\images\IMG001233.jpeg,True,data\raw\Annotations\IMG001233.json,1810,2301
IMG001234.jpeg,1,True,data\raw\images\IMG001234.jpeg,True,data\raw\Annotations\IMG001234.json,1810,2301
IMG001235.jpeg,1,True,data\raw\images\IMG001235.jpeg,True,data\raw\Annotations\IMG001235.json,1330,2943
IMG001236.jpeg,1,True,data\raw\images\IMG001236.jpeg,True,data\raw\Annotations\IMG001236.json,1610,2305
IMG001237.jpeg,1,True,data\raw\images\IMG001237.jpeg,True,data\raw\Annotations\IMG001237.json,1610,2305
IMG001238.jpeg,1,True,data\raw\images\IMG001238.jpeg,True,data\raw\Annotations\IMG001238.json,1610,2305
IMG001239.jpeg,1,True,data\raw\images\IMG001239.jpeg,True,data\raw\Annotations\IMG001239.json,1610,2305
IMG001240.jpeg,1,True,data\raw\images\IMG001240.jpeg,True,data\raw\Annotations\IMG001240.json,1076,2992
IMG001241.jpeg,1,True,data\raw\images\IMG001241.jpeg,True,data\raw\Annotations\IMG001241.json,1608,2303
IMG001242.jpeg,1,True,data\raw\images\IMG001242.jpeg,True,data\raw\Annotations\IMG001242.json,1608,2191
IMG001243.jpeg,1,True,data\raw\images\IMG001243.jpeg,True,data\raw\Annotations\IMG001243.json,736,1454
IMG001244.jpeg,1,True,data\raw\images\IMG001244.jpeg,True,data\raw\Annotations\IMG001244.json,690,1469
IMG001245.jpeg,1,True,data\raw\images\IMG001245.jpeg,True,data\raw\Annotations\IMG001245.json,1270,2277
IMG001246.jpeg,1,True,data\raw\images\IMG001246.jpeg,True,data\raw\Annotations\IMG001246.json,1268,2861
IMG001247.jpeg,1,True,data\raw\images\IMG001247.jpeg,True,data\raw\Annotations\IMG001247.json,1704,2969
IMG001248.jpeg,1,True,data\raw\images\IMG001248.jpeg,True,data\raw\Annotations\IMG001248.json,2304,2344
IMG001249.jpeg,1,True,data\raw\images\IMG001249.jpeg,True,data\raw\Annotations\IMG001249.json,1696,2026
IMG001250.jpeg,1,True,data\raw\images\IMG001250.jpeg,True,data\raw\Annotations\IMG001250.json,2308,2308
IMG001251.jpeg,1,True,data\raw\images\IMG001251.jpeg,True,data\raw\Annotations\IMG001251.json,858,1231
IMG001252.jpeg,1,True,data\raw\images\IMG001252.jpeg,True,data\raw\Annotations\IMG001252.json,1608,2301
IMG001253.jpeg,1,True,data\raw\images\IMG001253.jpeg,True,data\raw\Annotations\IMG001253.json,2021,1521
IMG001254.jpeg,1,True,data\raw\images\IMG001254.jpeg,True,data\raw\Annotations\IMG001254.json,1844,2309
IMG001255.jpeg,1,True,data\raw\images\IMG001255.jpeg,True,data\raw\Annotations\IMG001255.json,1438,2843
IMG001256.jpeg,1,True,data\raw\images\IMG001256.jpeg,True,data\raw\Annotations\IMG001256.json,1402,2960
IMG001257.jpeg,1,True,data\raw\images\IMG001257.jpeg,True,data\raw\Annotations\IMG001257.json,1327,1568
IMG001258.jpeg,1,True,data\raw\images\IMG001258.jpeg,True,data\raw\Annotations\IMG001258.json,1328,2857
IMG001259.jpeg,1,True,data\raw\images\IMG001259.jpeg,True,data\raw\Annotations\IMG001259.json,1610,2461
IMG001260.jpeg,1,True,data\raw\images\IMG001260.jpeg,True,data\raw\Annotations\IMG001260.json,1608,1871
IMG001261.jpeg,1,True,data\raw\images\IMG001261.jpeg,True,data\raw\Annotations\IMG001261.json,1626,1871
IMG001262.jpeg,1,True,data\raw\images\IMG001262.jpeg,True,data\raw\Annotations\IMG001262.json,1428,1574
IMG001263.jpeg,1,True,data\raw\images\IMG001263.jpeg,True,data\raw\Annotations\IMG001263.json,2516,1745
IMG001264.jpeg,1,True,data\raw\images\IMG001264.jpeg,True,data\raw\Annotations\IMG001264.json,2026,2301
IMG001265.jpeg,1,True,data\raw\images\IMG001265.jpeg,True,data\raw\Annotations\IMG001265.json,1464,2966
IMG001266.jpeg,1,True,data\raw\images\IMG001266.jpeg,True,data\raw\Annotations\IMG001266.json,1464,2968
IMG001267.jpeg,1,True,data\raw\images\IMG001267.jpeg,True,data\raw\Annotations\IMG001267.json,1589,1373
IMG001268.jpeg,1,True,data\raw\images\IMG001268.jpeg,True,data\raw\Annotations\IMG001268.json,1007,1353
IMG001269.jpeg,1,True,data\raw\images\IMG001269.jpeg,True,data\raw\Annotations\IMG001269.json,1608,2301
IMG001270.jpeg,1,True,data\raw\images\IMG001270.jpeg,True,data\raw\Annotations\IMG001270.json,2390,2309
IMG001271.jpeg,1,True,data\raw\images\IMG001271.jpeg,True,data\raw\Annotations\IMG001271.json,1604,2305
IMG001272.jpeg,1,True,data\raw\images\IMG001272.jpeg,True,data\raw\Annotations\IMG001272.json,1344,1748
IMG001273.jpeg,1,True,data\raw\images\IMG001273.jpeg,True,data\raw\Annotations\IMG001273.json,1608,2303
IMG001274.jpeg,1,True,data\raw\images\IMG001274.jpeg,True,data\raw\Annotations\IMG001274.json,1608,2303
IMG001275.jpeg,1,True,data\raw\images\IMG001275.jpeg,True,data\raw\Annotations\IMG001275.json,2942,2305
IMG001276.jpeg,1,True,data\raw\images\IMG001276.jpeg,True,data\raw\Annotations\IMG001276.json,2146,2363
IMG001277.jpeg,1,True,data\raw\images\IMG001277.jpeg,True,data\raw\Annotations\IMG001277.json,1328,2857
IMG001278.jpeg,1,True,data\raw\images\IMG001278.jpeg,True,data\raw\Annotations\IMG001278.json,1340,2893
IMG001279.jpeg,1,True,data\raw\images\IMG001279.jpeg,True,data\raw\Annotations\IMG001279.json,1608,2303
IMG001280.jpeg,1,True,data\raw\images\IMG001280.jpeg,True,data\raw\Annotations\IMG001280.json,1470,2941
IMG001281.jpeg,1,True,data\raw\images\IMG001281.jpeg,True,data\raw\Annotations\IMG001281.json,2308,2941
IMG001282.jpeg,1,True,data\raw\images\IMG001282.jpeg,True,data\raw\Annotations\IMG001282.json,2288,2941
IMG001283.jpeg,1,True,data\raw\images\IMG001283.jpeg,True,data\raw\Annotations\IMG001283.json,1773,2021
IMG001284.jpeg,1,True,data\raw\images\IMG001284.jpeg,True,data\raw\Annotations\IMG001284.json,1530,2927
IMG001285.jpeg,1,True,data\raw\images\IMG001285.jpeg,True,data\raw\Annotations\IMG001285.json,2304,2941
IMG001286.jpeg,1,True,data\raw\images\IMG001286.jpeg,True,data\raw\Annotations\IMG001286.json,2304,2941
IMG001287.jpeg,1,True,data\raw\images\IMG001287.jpeg,True,data\raw\Annotations\IMG001287.json,2304,2941
IMG001288.jpeg,1,True,data\raw\images\IMG001288.jpeg,True,data\raw\Annotations\IMG001288.json,2326,2951
IMG001289.jpeg,1,True,data\raw\images\IMG001289.jpeg,True,data\raw\Annotations\IMG001289.json,2028,2439
IMG001290.jpeg,1,True,data\raw\images\IMG001290.jpeg,True,data\raw\Annotations\IMG001290.json,2860,2303
IMG001291.jpeg,1,True,data\raw\images\IMG001291.jpeg,True,data\raw\Annotations\IMG001291.json,1936,2306
IMG001292.jpeg,1,True,data\raw\images\IMG001292.jpeg,True,data\raw\Annotations\IMG001292.json,1936,2306
IMG001293.jpeg,1,True,data\raw\images\IMG001293.jpeg,True,data\raw\Annotations\IMG001293.json,1454,1941
IMG001294.jpeg,1,True,data\raw\images\IMG001294.jpeg,True,data\raw\Annotations\IMG001294.json,1610,2303
IMG001295.jpeg,1,True,data\raw\images\IMG001295.jpeg,True,data\raw\Annotations\IMG001295.json,2172,2136
IMG001296.jpeg,1,True,data\raw\images\IMG001296.jpeg,True,data\raw\Annotations\IMG001296.json,1870,2033
IMG001297.jpeg,1,True,data\raw\images\IMG001297.jpeg,True,data\raw\Annotations\IMG001297.json,1330,2941
IMG001298.jpeg,1,True,data\raw\images\IMG001298.jpeg,True,data\raw\Annotations\IMG001298.json,1330,2941
IMG001299.jpeg,1,True,data\raw\images\IMG001299.jpeg,True,data\raw\Annotations\IMG001299.json,2021,1177
IMG001300.jpeg,1,True,data\raw\images\IMG001300.jpeg,True,data\raw\Annotations\IMG001300.json,1608,2303
IMG001301.jpeg,1,True,data\raw\images\IMG001301.jpeg,True,data\raw\Annotations\IMG001301.json,1616,2305
IMG001302.jpeg,1,True,data\raw\images\IMG001302.jpeg,True,data\raw\Annotations\IMG001302.json,1616,2305
IMG001303.jpeg,1,True,data\raw\images\IMG001303.jpeg,True,data\raw\Annotations\IMG001303.json,1472,1885
IMG001304.jpeg,1,True,data\raw\images\IMG001304.jpeg,True,data\raw\Annotations\IMG001304.json,1472,1885
IMG001305.jpeg,1,True,data\raw\images\IMG001305.jpeg,True,data\raw\Annotations\IMG001305.json,1472,1885
IMG001306.jpeg,1,True,data\raw\images\IMG001306.jpeg,True,data\raw\Annotations\IMG001306.json,1568,2318
IMG001307.jpeg,1,True,data\raw\images\IMG001307.jpeg,True,data\raw\Annotations\IMG001307.json,1472,1885
IMG001308.jpeg,1,True,data\raw\images\IMG001308.jpeg,True,data\raw\Annotations\IMG001308.json,2542,2205
IMG001309.jpeg,1,True,data\raw\images\IMG001309.jpeg,True,data\raw\Annotations\IMG001309.json,2304,2941
IMG001310.jpeg,1,True,data\raw\images\IMG001310.jpeg,True,data\raw\Annotations\IMG001310.json,1572,2941
IMG001311.jpeg,1,True,data\raw\images\IMG001311.jpeg,True,data\raw\Annotations\IMG001311.json,2942,2305
IMG001312.jpeg,1,True,data\raw\images\IMG001312.jpeg,True,data\raw\Annotations\IMG001312.json,1964,2305
IMG001313.jpeg,1,True,data\raw\images\IMG001313.jpeg,True,data\raw\Annotations\IMG001313.json,1470,2857
IMG001314.jpeg,1,True,data\raw\images\IMG001314.jpeg,True,data\raw\Annotations\IMG001314.json,2134,2857
IMG001315.jpeg,1,True,data\raw\images\IMG001315.jpeg,True,data\raw\Annotations\IMG001315.json,1360,1873
IMG001316.jpeg,1,True,data\raw\images\IMG001316.jpeg,True,data\raw\Annotations\IMG001316.json,1472,1794
IMG001317.jpeg,1,True,data\raw\images\IMG001317.jpeg,True,data\raw\Annotations\IMG001317.json,1258,2035
IMG001318.jpeg,1,True,data\raw\images\IMG001318.jpeg,True,data\raw\Annotations\IMG001318.json,1608,2303
IMG001319.jpeg,1,True,data\raw\images\IMG001319.jpeg,True,data\raw\Annotations\IMG001319.json,1608,2303
IMG001320.jpeg,1,True,data\raw\images\IMG001320.jpeg,True,data\raw\Annotations\IMG001320.json,1472,2025
IMG001321.jpeg,1,True,data\raw\images\IMG001321.jpeg,True,data\raw\Annotations\IMG001321.json,1472,2025
IMG001322.jpeg,1,True,data\raw\images\IMG001322.jpeg,True,data\raw\Annotations\IMG001322.json,2942,2301
IMG001323.jpeg,1,True,data\raw\images\IMG001323.jpeg,True,data\raw\Annotations\IMG001323.json,1606,2941
IMG001324.jpeg,1,True,data\raw\images\IMG001324.jpeg,True,data\raw\Annotations\IMG001324.json,1610,2301
IMG001325.jpeg,1,True,data\raw\images\IMG001325.jpeg,True,data\raw\Annotations\IMG001325.json,1330,2941
IMG001326.jpeg,1,True,data\raw\images\IMG001326.jpeg,True,data\raw\Annotations\IMG001326.json,1330,2941
IMG001327.jpeg,1,True,data\raw\images\IMG001327.jpeg,True,data\raw\Annotations\IMG001327.json,1554,2353
IMG001328.jpeg,1,True,data\raw\images\IMG001328.jpeg,True,data\raw\Annotations\IMG001328.json,1470,1973
IMG001329.jpeg,1,True,data\raw\images\IMG001329.jpeg,True,data\raw\Annotations\IMG001329.json,1470,1887
IMG001330.jpeg,1,True,data\raw\images\IMG001330.jpeg,True,data\raw\Annotations\IMG001330.json,1947,3062
IMG001331.jpeg,1,True,data\raw\images\IMG001331.jpeg,True,data\raw\Annotations\IMG001331.json,2021,1116
IMG001332.jpeg,1,True,data\raw\images\IMG001332.jpeg,True,data\raw\Annotations\IMG001332.json,2021,1027
IMG001333.jpeg,1,True,data\raw\images\IMG001333.jpeg,True,data\raw\Annotations\IMG001333.json,2580,2090
IMG001334.jpeg,1,True,data\raw\images\IMG001334.jpeg,True,data\raw\Annotations\IMG001334.json,2384,2248
IMG001335.jpeg,1,True,data\raw\images\IMG001335.jpeg,True,data\raw\Annotations\IMG001335.json,2660,2303
IMG001336.jpeg,1,True,data\raw\images\IMG001336.jpeg,True,data\raw\Annotations\IMG001336.json,2942,2305
IMG001337.jpeg,1,True,data\raw\images\IMG001337.jpeg,True,data\raw\Annotations\IMG001337.json,2021,1147
IMG001338.jpeg,1,True,data\raw\images\IMG001338.jpeg,True,data\raw\Annotations\IMG001338.json,1472,2023
IMG001339.jpeg,1,True,data\raw\images\IMG001339.jpeg,True,data\raw\Annotations\IMG001339.json,1328,2859
IMG001340.jpeg,1,True,data\raw\images\IMG001340.jpeg,True,data\raw\Annotations\IMG001340.json,1328,2859
IMG001341.jpeg,1,True,data\raw\images\IMG001341.jpeg,True,data\raw\Annotations\IMG001341.json,1608,2303
IMG001342.jpeg,1,True,data\raw\images\IMG001342.jpeg,True,data\raw\Annotations\IMG001342.json,1608,2303
IMG001343.jpeg,1,True,data\raw\images\IMG001343.jpeg,True,data\raw\Annotations\IMG001343.json,2942,2305
IMG001344.jpeg,1,True,data\raw\images\IMG001344.jpeg,True,data\raw\Annotations\IMG001344.json,1610,2303
IMG001345.jpeg,1,True,data\raw\images\IMG001345.jpeg,True,data\raw\Annotations\IMG001345.json,1610,2305
IMG001346.jpeg,1,True,data\raw\images\IMG001346.jpeg,True,data\raw\Annotations\IMG001346.json,1256,2120
IMG001347.jpeg,1,True,data\raw\images\IMG001347.jpeg,True,data\raw\Annotations\IMG001347.json,1416,2333
IMG001348.jpeg,1,True,data\raw\images\IMG001348.jpeg,True,data\raw\Annotations\IMG001348.json,2152,2205
IMG001349.jpeg,1,True,data\raw\images\IMG001349.jpeg,True,data\raw\Annotations\IMG001349.json,1024,1024
IMG001350.jpeg,1,True,data\raw\images\IMG001350.jpeg,True,data\raw\Annotations\IMG001350.json,996,1744
IMG001351.jpeg,1,True,data\raw\images\IMG001351.jpeg,True,data\raw\Annotations\IMG001351.json,817,1574
IMG001352.jpeg,1,True,data\raw\images\IMG001352.jpeg,True,data\raw\Annotations\IMG001352.json,1024,762
IMG001353.jpeg,1,True,data\raw\images\IMG001353.jpeg,True,data\raw\Annotations\IMG001353.json,585,594
IMG001354.jpeg,1,True,data\raw\images\IMG001354.jpeg,True,data\raw\Annotations\IMG001354.json,693,1606
IMG001355.jpeg,1,True,data\raw\images\IMG001355.jpeg,True,data\raw\Annotations\IMG001355.json,916,1658
IMG001356.jpeg,1,True,data\raw\images\IMG001356.jpeg,True,data\raw\Annotations\IMG001356.json,2920,2320
IMG001357.jpeg,1,True,data\raw\images\IMG001357.jpeg,True,data\raw\Annotations\IMG001357.json,1951,2307
IMG001358.jpeg,1,True,data\raw\images\IMG001358.jpeg,True,data\raw\Annotations\IMG001358.json,2320,2920
IMG001359.jpeg,1,True,data\raw\images\IMG001359.jpeg,True,data\raw\Annotations\IMG001359.json,2920,2320
IMG001360.jpeg,1,True,data\raw\images\IMG001360.jpeg,True,data\raw\Annotations\IMG001360.json,3186,3480
IMG001361.jpeg,1,True,data\raw\images\IMG001361.jpeg,True,data\raw\Annotations\IMG001361.json,2068,2169
IMG001362.jpeg,1,True,data\raw\images\IMG001362.jpeg,True,data\raw\Annotations\IMG001362.json,2293,2456
IMG001363.jpeg,1,True,data\raw\images\IMG001363.jpeg,True,data\raw\Annotations\IMG001363.json,2336,2836
IMG001364.jpeg,1,True,data\raw\images\IMG001364.jpeg,True,data\raw\Annotations\IMG001364.json,2336,2836
IMG001365.jpeg,1,True,data\raw\images\IMG001365.jpeg,True,data\raw\Annotations\IMG001365.json,1000,1127
IMG001366.jpeg,1,True,data\raw\images\IMG001366.jpeg,True,data\raw\Annotations\IMG001366.json,2504,3610
IMG001367.jpeg,1,True,data\raw\images\IMG001367.jpeg,True,data\raw\Annotations\IMG001367.json,2070,2840
IMG001368.jpeg,1,True,data\raw\images\IMG001368.jpeg,True,data\raw\Annotations\IMG001368.json,754,1995
IMG001369.jpeg,1,True,data\raw\images\IMG001369.jpeg,True,data\raw\Annotations\IMG001369.json,753,1261
IMG001370.jpeg,1,True,data\raw\images\IMG001370.jpeg,True,data\raw\Annotations\IMG001370.json,1058,1320
IMG001371.jpeg,1,True,data\raw\images\IMG001371.jpeg,True,data\raw\Annotations\IMG001371.json,1184,3040
IMG001372.jpeg,1,True,data\raw\images\IMG001372.jpeg,True,data\raw\Annotations\IMG001372.json,745,746
IMG001373.jpeg,1,True,data\raw\images\IMG001373.jpeg,True,data\raw\Annotations\IMG001373.json,649,1024
IMG001374.jpeg,1,True,data\raw\images\IMG001374.jpeg,True,data\raw\Annotations\IMG001374.json,330,711
IMG001375.jpeg,1,True,data\raw\images\IMG001375.jpeg,True,data\raw\Annotations\IMG001375.json,1744,2419
IMG001376.jpeg,1,True,data\raw\images\IMG001376.jpeg,True,data\raw\Annotations\IMG001376.json,1354,1374
IMG001377.jpeg,1,True,data\raw\images\IMG001377.jpeg,True,data\raw\Annotations\IMG001377.json,1516,1454
IMG001378.jpeg,1,True,data\raw\images\IMG001378.jpeg,True,data\raw\Annotations\IMG001378.json,1572,2626
IMG001379.jpeg,1,True,data\raw\images\IMG001379.jpeg,True,data\raw\Annotations\IMG001379.json,2766,1099
IMG001380.jpeg,1,True,data\raw\images\IMG001380.jpeg,True,data\raw\Annotations\IMG001380.json,1800,1428
IMG001381.jpeg,1,True,data\raw\images\IMG001381.jpeg,True,data\raw\Annotations\IMG001381.json,1988,2192
IMG001382.jpeg,1,True,data\raw\images\IMG001382.jpeg,True,data\raw\Annotations\IMG001382.json,874,860
IMG001383.jpeg,1,True,data\raw\images\IMG001383.jpeg,True,data\raw\Annotations\IMG001383.json,887,762
IMG001384.jpeg,1,True,data\raw\images\IMG001384.jpeg,True,data\raw\Annotations\IMG001384.json,1311,1593
IMG001385.jpeg,1,True,data\raw\images\IMG001385.jpeg,True,data\raw\Annotations\IMG001385.json,1321,1601
IMG001386.jpeg,1,True,data\raw\images\IMG001386.jpeg,True,data\raw\Annotations\IMG001386.json,871,1523
IMG001387.jpeg,1,True,data\raw\images\IMG001387.jpeg,True,data\raw\Annotations\IMG001387.json,458,973
IMG001388.jpeg,1,True,data\raw\images\IMG001388.jpeg,True,data\raw\Annotations\IMG001388.json,416,630
IMG001389.jpeg,1,True,data\raw\images\IMG001389.jpeg,True,data\raw\Annotations\IMG001389.json,324,630
IMG001390.jpeg,1,True,data\raw\images\IMG001390.jpeg,True,data\raw\Annotations\IMG001390.json,474,1017
IMG001391.jpeg,1,True,data\raw\images\IMG001391.jpeg,True,data\raw\Annotations\IMG001391.json,1274,1292
IMG001392.jpeg,1,True,data\raw\images\IMG001392.jpeg,True,data\raw\Annotations\IMG001392.json,2560,2483
IMG001393.jpeg,1,True,data\raw\images\IMG001393.jpeg,True,data\raw\Annotations\IMG001393.json,1660,1471
IMG001394.jpeg,1,True,data\raw\images\IMG001394.jpeg,True,data\raw\Annotations\IMG001394.json,2255,3266
IMG001395.jpeg,1,True,data\raw\images\IMG001395.jpeg,True,data\raw\Annotations\IMG001395.json,302,664
IMG001396.jpeg,1,True,data\raw\images\IMG001396.jpeg,True,data\raw\Annotations\IMG001396.json,366,755
IMG001397.jpeg,1,True,data\raw\images\IMG001397.jpeg,True,data\raw\Annotations\IMG001397.json,1148,1832
IMG001398.jpeg,1,True,data\raw\images\IMG001398.jpeg,True,data\raw\Annotations\IMG001398.json,555,673
IMG001399.jpeg,1,True,data\raw\images\IMG001399.jpeg,True,data\raw\Annotations\IMG001399.json,652,716
IMG001400.jpeg,1,True,data\raw\images\IMG001400.jpeg,True,data\raw\Annotations\IMG001400.json,535,963
IMG001401.jpeg,1,True,data\raw\images\IMG001401.jpeg,True,data\raw\Annotations\IMG001401.json,585,991
IMG001402.jpeg,1,True,data\raw\images\IMG001402.jpeg,True,data\raw\Annotations\IMG001402.json,2364,2964
IMG001403.jpeg,1,True,data\raw\images\IMG001403.jpeg,True,data\raw\Annotations\IMG001403.json,979,1693
IMG001404.jpeg,1,True,data\raw\images\IMG001404.jpeg,True,data\raw\Annotations\IMG001404.json,1277,1765
IMG001405.jpeg,1,True,data\raw\images\IMG001405.jpeg,True,data\raw\Annotations\IMG001405.json,1066,2345
IMG001406.jpeg,1,True,data\raw\images\IMG001406.jpeg,True,data\raw\Annotations\IMG001406.json,2979,2362
IMG001407.jpeg,1,True,data\raw\images\IMG001407.jpeg,True,data\raw\Annotations\IMG001407.json,370,570
IMG001408.jpeg,1,True,data\raw\images\IMG001408.jpeg,True,data\raw\Annotations\IMG001408.json,600,713
IMG001409.jpeg,1,True,data\raw\images\IMG001409.jpeg,True,data\raw\Annotations\IMG001409.json,458,676
IMG001410.jpeg,1,True,data\raw\images\IMG001410.jpeg,True,data\raw\Annotations\IMG001410.json,1600,1600
IMG001411.jpeg,1,True,data\raw\images\IMG001411.jpeg,True,data\raw\Annotations\IMG001411.json,1600,1600
IMG001412.jpeg,1,True,data\raw\images\IMG001412.jpeg,True,data\raw\Annotations\IMG001412.json,1600,1600
IMG001413.jpeg,1,True,data\raw\images\IMG001413.jpeg,True,data\raw\Annotations\IMG001413.json,1484,1628
IMG001414.jpeg,1,True,data\raw\images\IMG001414.jpeg,True,data\raw\Annotations\IMG001414.json,2048,2500
IMG001415.jpeg,1,True,data\raw\images\IMG001415.jpeg,True,data\raw\Annotations\IMG001415.json,2048,2500
IMG001416.jpeg,1,True,data\raw\images\IMG001416.jpeg,True,data\raw\Annotations\IMG001416.json,1380,1687
IMG001417.jpeg,1,True,data\raw\images\IMG001417.jpeg,True,data\raw\Annotations\IMG001417.json,334,775
IMG001418.jpeg,1,True,data\raw\images\IMG001418.jpeg,True,data\raw\Annotations\IMG001418.json,426,775
IMG001419.jpeg,1,True,data\raw\images\IMG001419.jpeg,True,data\raw\Annotations\IMG001419.json,1600,1600
IMG001420.jpeg,1,True,data\raw\images\IMG001420.jpeg,True,data\raw\Annotations\IMG001420.json,1600,1600
IMG001421.jpeg,1,True,data\raw\images\IMG001421.jpeg,True,data\raw\Annotations\IMG001421.json,564,1030
IMG001422.jpeg,1,True,data\raw\images\IMG001422.jpeg,True,data\raw\Annotations\IMG001422.json,2048,2048
IMG001423.jpeg,1,True,data\raw\images\IMG001423.jpeg,True,data\raw\Annotations\IMG001423.json,2048,2048
IMG001424.jpeg,1,True,data\raw\images\IMG001424.jpeg,True,data\raw\Annotations\IMG001424.json,586,835
IMG001425.jpeg,1,True,data\raw\images\IMG001425.jpeg,True,data\raw\Annotations\IMG001425.json,1600,2145
IMG001426.jpeg,1,True,data\raw\images\IMG001426.jpeg,True,data\raw\Annotations\IMG001426.json,1460,1688
IMG001427.jpeg,1,True,data\raw\images\IMG001427.jpeg,True,data\raw\Annotations\IMG001427.json,1209,1517
IMG001428.jpeg,1,True,data\raw\images\IMG001428.jpeg,True,data\raw\Annotations\IMG001428.json,2350,2897
IMG001429.jpeg,1,True,data\raw\images\IMG001429.jpeg,True,data\raw\Annotations\IMG001429.json,2854,3314
IMG001430.jpeg,1,True,data\raw\images\IMG001430.jpeg,True,data\raw\Annotations\IMG001430.json,1863,1884
IMG001431.jpeg,1,True,data\raw\images\IMG001431.jpeg,True,data\raw\Annotations\IMG001431.json,1244,2539
IMG001432.jpeg,1,True,data\raw\images\IMG001432.jpeg,True,data\raw\Annotations\IMG001432.json,1600,1600
IMG001433.jpeg,1,True,data\raw\images\IMG001433.jpeg,True,data\raw\Annotations\IMG001433.json,1140,1430
IMG001434.jpeg,1,True,data\raw\images\IMG001434.jpeg,True,data\raw\Annotations\IMG001434.json,1140,1430
IMG001435.jpeg,1,True,data\raw\images\IMG001435.jpeg,True,data\raw\Annotations\IMG001435.json,1751,1388
IMG001436.jpeg,1,True,data\raw\images\IMG001436.jpeg,True,data\raw\Annotations\IMG001436.json,1813,1162
IMG001437.jpeg,1,True,data\raw\images\IMG001437.jpeg,True,data\raw\Annotations\IMG001437.json,1994,2430
IMG001438.jpeg,1,True,data\raw\images\IMG001438.jpeg,True,data\raw\Annotations\IMG001438.json,1994,2430
IMG001439.jpeg,1,True,data\raw\images\IMG001439.jpeg,True,data\raw\Annotations\IMG001439.json,1150,1068
IMG001440.jpeg,1,True,data\raw\images\IMG001440.jpeg,True,data\raw\Annotations\IMG001440.json,533,817
IMG001441.jpeg,1,True,data\raw\images\IMG001441.jpeg,True,data\raw\Annotations\IMG001441.json,421,851
IMG001442.jpeg,1,True,data\raw\images\IMG001442.jpeg,True,data\raw\Annotations\IMG001442.json,767,852
IMG001443.jpeg,1,True,data\raw\images\IMG001443.jpeg,True,data\raw\Annotations\IMG001443.json,826,846
IMG001444.jpeg,1,True,data\raw\images\IMG001444.jpeg,True,data\raw\Annotations\IMG001444.json,926,570
IMG001445.jpeg,1,True,data\raw\images\IMG001445.jpeg,True,data\raw\Annotations\IMG001445.json,1073,846
IMG001446.jpeg,1,True,data\raw\images\IMG001446.jpeg,True,data\raw\Annotations\IMG001446.json,3480,4248
IMG001447.jpeg,1,True,data\raw\images\IMG001447.jpeg,True,data\raw\Annotations\IMG001447.json,3480,4248
IMG001448.jpeg,1,True,data\raw\images\IMG001448.jpeg,True,data\raw\Annotations\IMG001448.json,639,842
IMG001449.jpeg,1,True,data\raw\images\IMG001449.jpeg,True,data\raw\Annotations\IMG001449.json,2602,4235
IMG001450.jpeg,1,True,data\raw\images\IMG001450.jpeg,True,data\raw\Annotations\IMG001450.json,3232,4300
IMG001451.jpeg,1,True,data\raw\images\IMG001451.jpeg,True,data\raw\Annotations\IMG001451.json,3188,3974
IMG001452.jpeg,1,True,data\raw\images\IMG001452.jpeg,True,data\raw\Annotations\IMG001452.json,2768,4250
IMG001453.jpeg,1,True,data\raw\images\IMG001453.jpeg,True,data\raw\Annotations\IMG001453.json,874,2133
IMG001454.jpeg,1,True,data\raw\images\IMG001454.jpeg,True,data\raw\Annotations\IMG001454.json,1351,3844
IMG001455.jpeg,1,True,data\raw\images\IMG001455.jpeg,True,data\raw\Annotations\IMG001455.json,2683,3663
IMG001456.jpeg,1,True,data\raw\images\IMG001456.jpeg,True,data\raw\Annotations\IMG001456.json,2370,3072
IMG001457.jpeg,1,True,data\raw\images\IMG001457.jpeg,True,data\raw\Annotations\IMG001457.json,2263,3072
IMG001458.jpeg,1,True,data\raw\images\IMG001458.jpeg,True,data\raw\Annotations\IMG001458.json,1386,1947
IMG001459.jpeg,1,True,data\raw\images\IMG001459.jpeg,True,data\raw\Annotations\IMG001459.json,1499,2361
IMG001460.jpeg,1,True,data\raw\images\IMG001460.jpeg,True,data\raw\Annotations\IMG001460.json,1272,3449
IMG001461.jpeg,1,True,data\raw\images\IMG001461.jpeg,True,data\raw\Annotations\IMG001461.json,3594,1544
IMG001462.jpeg,1,True,data\raw\images\IMG001462.jpeg,True,data\raw\Annotations\IMG001462.json,1964,827
IMG001463.jpeg,1,True,data\raw\images\IMG001463.jpeg,True,data\raw\Annotations\IMG001463.json,1311,1862
IMG001464.jpeg,1,True,data\raw\images\IMG001464.jpeg,True,data\raw\Annotations\IMG001464.json,1660,3056
IMG001465.jpeg,1,True,data\raw\images\IMG001465.jpeg,True,data\raw\Annotations\IMG001465.json,1766,2996
IMG001466.jpeg,1,True,data\raw\images\IMG001466.jpeg,True,data\raw\Annotations\IMG001466.json,1677,3615
IMG001467.jpeg,1,True,data\raw\images\IMG001467.jpeg,True,data\raw\Annotations\IMG001467.json,580,1031
IMG001468.jpeg,1,True,data\raw\images\IMG001468.jpeg,True,data\raw\Annotations\IMG001468.json,1067,1949
IMG001469.jpeg,1,True,data\raw\images\IMG001469.jpeg,True,data\raw\Annotations\IMG001469.json,1926,3408
IMG001470.jpeg,1,True,data\raw\images\IMG001470.jpeg,True,data\raw\Annotations\IMG001470.json,1926,3408
IMG001471.jpeg,1,True,data\raw\images\IMG001471.jpeg,True,data\raw\Annotations\IMG001471.json,1680,2708
IMG001472.jpeg,1,True,data\raw\images\IMG001472.jpeg,True,data\raw\Annotations\IMG001472.json,1706,2810
IMG001473.jpeg,1,True,data\raw\images\IMG001473.jpeg,True,data\raw\Annotations\IMG001473.json,2856,2580
IMG001474.jpeg,1,True,data\raw\images\IMG001474.jpeg,True,data\raw\Annotations\IMG001474.json,1600,1600
IMG001475.jpeg,1,True,data\raw\images\IMG001475.jpeg,True,data\raw\Annotations\IMG001475.json,1600,1600
IMG001476.jpeg,1,True,data\raw\images\IMG001476.jpeg,True,data\raw\Annotations\IMG001476.json,1348,2212
IMG001477.jpeg,1,True,data\raw\images\IMG001477.jpeg,True,data\raw\Annotations\IMG001477.json,1190,2245
IMG001478.jpeg,1,True,data\raw\images\IMG001478.jpeg,True,data\raw\Annotations\IMG001478.json,1042,2586
IMG001479.jpeg,1,True,data\raw\images\IMG001479.jpeg,True,data\raw\Annotations\IMG001479.json,722,970
IMG001480.jpeg,1,True,data\raw\images\IMG001480.jpeg,True,data\raw\Annotations\IMG001480.json,517,855
IMG001481.jpeg,1,True,data\raw\images\IMG001481.jpeg,True,data\raw\Annotations\IMG001481.json,515,855
IMG001482.jpeg,1,True,data\raw\images\IMG001482.jpeg,True,data\raw\Annotations\IMG001482.json,636,768
IMG001483.jpeg,1,True,data\raw\images\IMG001483.jpeg,True,data\raw\Annotations\IMG001483.json,1190,2685
IMG001484.jpeg,1,True,data\raw\images\IMG001484.jpeg,True,data\raw\Annotations\IMG001484.json,636,819
IMG001485.jpeg,1,True,data\raw\images\IMG001485.jpeg,True,data\raw\Annotations\IMG001485.json,277,821
IMG001486.jpeg,1,True,data\raw\images\IMG001486.jpeg,True,data\raw\Annotations\IMG001486.json,542,821
IMG001487.jpeg,1,True,data\raw\images\IMG001487.jpeg,True,data\raw\Annotations\IMG001487.json,360,819
IMG001488.jpeg,1,True,data\raw\images\IMG001488.jpeg,True,data\raw\Annotations\IMG001488.json,1461,1540
IMG001489.jpeg,1,True,data\raw\images\IMG001489.jpeg,True,data\raw\Annotations\IMG001489.json,933,1583
IMG001490.jpeg,1,True,data\raw\images\IMG001490.jpeg,True,data\raw\Annotations\IMG001490.json,1025,1398
IMG001491.jpeg,1,True,data\raw\images\IMG001491.jpeg,True,data\raw\Annotations\IMG001491.json,1208,1195
IMG001492.jpeg,1,True,data\raw\images\IMG001492.jpeg,True,data\raw\Annotations\IMG001492.json,1448,2132
IMG001493.jpeg,1,True,data\raw\images\IMG001493.jpeg,True,data\raw\Annotations\IMG001493.json,684,1161
IMG001494.jpeg,1,True,data\raw\images\IMG001494.jpeg,True,data\raw\Annotations\IMG001494.json,788,1115
IMG001495.jpeg,1,True,data\raw\images\IMG001495.jpeg,True,data\raw\Annotations\IMG001495.json,1795,4295
IMG001496.jpeg,1,True,data\raw\images\IMG001496.jpeg,True,data\raw\Annotations\IMG001496.json,1899,3470
IMG001497.jpeg,1,True,data\raw\images\IMG001497.jpeg,True,data\raw\Annotations\IMG001497.json,1806,3182
IMG001498.jpeg,1,True,data\raw\images\IMG001498.jpeg,True,data\raw\Annotations\IMG001498.json,1269,2049
IMG001499.jpeg,1,True,data\raw\images\IMG001499.jpeg,True,data\raw\Annotations\IMG001499.json,1488,1261
IMG001500.jpeg,1,True,data\raw\images\IMG001500.jpeg,True,data\raw\Annotations\IMG001500.json,1496,1539
IMG001501.jpeg,1,True,data\raw\images\IMG001501.jpeg,True,data\raw\Annotations\IMG001501.json,1482,1126
IMG001502.jpeg,1,True,data\raw\images\IMG001502.jpeg,True,data\raw\Annotations\IMG001502.json,420,815
IMG001503.jpeg,1,True,data\raw\images\IMG001503.jpeg,True,data\raw\Annotations\IMG001503.json,1994,2430
IMG001504.jpeg,1,True,data\raw\images\IMG001504.jpeg,True,data\raw\Annotations\IMG001504.json,471,1081
IMG001505.jpeg,1,True,data\raw\images\IMG001505.jpeg,True,data\raw\Annotations\IMG001505.json,331,823
IMG001506.jpeg,1,True,data\raw\images\IMG001506.jpeg,True,data\raw\Annotations\IMG001506.json,332,480
IMG001507.jpeg,1,True,data\raw\images\IMG001507.jpeg,True,data\raw\Annotations\IMG001507.json,250,477
IMG001508.jpeg,1,True,data\raw\images\IMG001508.jpeg,True,data\raw\Annotations\IMG001508.json,1805,2994
IMG001509.jpeg,1,True,data\raw\images\IMG001509.jpeg,True,data\raw\Annotations\IMG001509.json,1918,2994
IMG001510.jpeg,1,True,data\raw\images\IMG001510.jpeg,True,data\raw\Annotations\IMG001510.json,830,1184
IMG001511.jpeg,1,True,data\raw\images\IMG001511.jpeg,True,data\raw\Annotations\IMG001511.json,825,1213
IMG001512.jpeg,1,True,data\raw\images\IMG001512.jpeg,True,data\raw\Annotations\IMG001512.json,923,1645
IMG001513.jpeg,1,True,data\raw\images\IMG001513.jpeg,True,data\raw\Annotations\IMG001513.json,1597,931
IMG001514.jpeg,1,True,data\raw\images\IMG001514.jpeg,True,data\raw\Annotations\IMG001514.json,1556,2780
IMG001515.jpeg,1,True,data\raw\images\IMG001515.jpeg,True,data\raw\Annotations\IMG001515.json,736,1852
IMG001516.jpeg,1,True,data\raw\images\IMG001516.jpeg,True,data\raw\Annotations\IMG001516.json,1062,3105
IMG001517.jpeg,1,True,data\raw\images\IMG001517.jpeg,True,data\raw\Annotations\IMG001517.json,768,937
IMG001518.jpeg,1,True,data\raw\images\IMG001518.jpeg,True,data\raw\Annotations\IMG001518.json,1755,2946
IMG001519.jpeg,1,True,data\raw\images\IMG001519.jpeg,True,data\raw\Annotations\IMG001519.json,3007,3027
IMG001520.jpeg,1,True,data\raw\images\IMG001520.jpeg,True,data\raw\Annotations\IMG001520.json,499,817
IMG001521.jpeg,1,True,data\raw\images\IMG001521.jpeg,True,data\raw\Annotations\IMG001521.json,1124,1688
IMG001522.jpeg,1,True,data\raw\images\IMG001522.jpeg,True,data\raw\Annotations\IMG001522.json,937,1017
IMG001523.jpeg,1,True,data\raw\images\IMG001523.jpeg,True,data\raw\Annotations\IMG001523.json,1092,1824
IMG001524.jpeg,1,True,data\raw\images\IMG001524.jpeg,True,data\raw\Annotations\IMG001524.json,931,923
IMG001525.jpeg,1,True,data\raw\images\IMG001525.jpeg,True,data\raw\Annotations\IMG001525.json,631,1059
IMG001526.jpeg,1,True,data\raw\images\IMG001526.jpeg,True,data\raw\Annotations\IMG001526.json,469,1059
IMG001527.jpeg,1,True,data\raw\images\IMG001527.jpeg,True,data\raw\Annotations\IMG001527.json,2173,3353
IMG001528.jpeg,1,True,data\raw\images\IMG001528.jpeg,True,data\raw\Annotations\IMG001528.json,3040,3609
IMG001529.jpeg,1,True,data\raw\images\IMG001529.jpeg,True,data\raw\Annotations\IMG001529.json,1231,2017
IMG001530.jpeg,1,True,data\raw\images\IMG001530.jpeg,True,data\raw\Annotations\IMG001530.json,1238,2017
IMG001531.jpeg,1,True,data\raw\images\IMG001531.jpeg,True,data\raw\Annotations\IMG001531.json,631,836
IMG001532.jpeg,1,True,data\raw\images\IMG001532.jpeg,True,data\raw\Annotations\IMG001532.json,750,983
IMG001533.jpeg,1,True,data\raw\images\IMG001533.jpeg,True,data\raw\Annotations\IMG001533.json,727,983
IMG001534.jpeg,1,True,data\raw\images\IMG001534.jpeg,True,data\raw\Annotations\IMG001534.json,936,1988
IMG001535.jpeg,1,True,data\raw\images\IMG001535.jpeg,True,data\raw\Annotations\IMG001535.json,836,2088
IMG001536.jpeg,1,True,data\raw\images\IMG001536.jpeg,True,data\raw\Annotations\IMG001536.json,1019,2014
IMG001537.jpeg,1,True,data\raw\images\IMG001537.jpeg,True,data\raw\Annotations\IMG001537.json,802,1990
IMG001538.jpeg,1,True,data\raw\images\IMG001538.jpeg,True,data\raw\Annotations\IMG001538.json,1192,1380
IMG001539.jpeg,1,True,data\raw\images\IMG001539.jpeg,True,data\raw\Annotations\IMG001539.json,1192,1380
IMG001540.jpeg,1,True,data\raw\images\IMG001540.jpeg,True,data\raw\Annotations\IMG001540.json,1335,1642
IMG001541.jpeg,1,True,data\raw\images\IMG001541.jpeg,True,data\raw\Annotations\IMG001541.json,1335,1642
IMG001542.jpeg,1,True,data\raw\images\IMG001542.jpeg,True,data\raw\Annotations\IMG001542.json,1129,1164
IMG001543.jpeg,1,True,data\raw\images\IMG001543.jpeg,True,data\raw\Annotations\IMG001543.json,520,776
IMG001544.jpeg,1,True,data\raw\images\IMG001544.jpeg,True,data\raw\Annotations\IMG001544.json,517,806
IMG001545.jpeg,1,True,data\raw\images\IMG001545.jpeg,True,data\raw\Annotations\IMG001545.json,1319,1362
IMG001546.jpeg,1,True,data\raw\images\IMG001546.jpeg,True,data\raw\Annotations\IMG001546.json,926,1576
IMG001547.jpeg,1,True,data\raw\images\IMG001547.jpeg,True,data\raw\Annotations\IMG001547.json,1312,1971
IMG001548.jpeg,1,True,data\raw\images\IMG001548.jpeg,True,data\raw\Annotations\IMG001548.json,1706,2130
IMG001549.jpeg,1,True,data\raw\images\IMG001549.jpeg,True,data\raw\Annotations\IMG001549.json,1189,1642
IMG001550.jpeg,1,True,data\raw\images\IMG001550.jpeg,True,data\raw\Annotations\IMG001550.json,1021,1517
IMG001551.jpeg,1,True,data\raw\images\IMG001551.jpeg,True,data\raw\Annotations\IMG001551.json,541,1024
IMG001552.jpeg,1,True,data\raw\images\IMG001552.jpeg,True,data\raw\Annotations\IMG001552.json,1956,2580
IMG001553.jpeg,1,True,data\raw\images\IMG001553.jpeg,True,data\raw\Annotations\IMG001553.json,1868,2568
IMG001554.jpeg,1,True,data\raw\images\IMG001554.jpeg,True,data\raw\Annotations\IMG001554.json,2004,2620
IMG001555.jpeg,1,True,data\raw\images\IMG001555.jpeg,True,data\raw\Annotations\IMG001555.json,2276,2493
IMG001556.jpeg,1,True,data\raw\images\IMG001556.jpeg,True,data\raw\Annotations\IMG001556.json,2141,2825
IMG001557.jpeg,1,True,data\raw\images\IMG001557.jpeg,True,data\raw\Annotations\IMG001557.json,1731,2943
IMG001558.jpeg,1,True,data\raw\images\IMG001558.jpeg,True,data\raw\Annotations\IMG001558.json,1513,1674
IMG001559.jpeg,1,True,data\raw\images\IMG001559.jpeg,True,data\raw\Annotations\IMG001559.json,1391,1988
IMG001560.jpeg,1,True,data\raw\images\IMG001560.jpeg,True,data\raw\Annotations\IMG001560.json,2736,3648
IMG001561.jpeg,1,True,data\raw\images\IMG001561.jpeg,True,data\raw\Annotations\IMG001561.json,881,1638
IMG001562.jpeg,1,True,data\raw\images\IMG001562.jpeg,True,data\raw\Annotations\IMG001562.json,850,1868
IMG001563.jpeg,1,True,data\raw\images\IMG001563.jpeg,True,data\raw\Annotations\IMG001563.json,467,813
IMG001564.jpeg,1,True,data\raw\images\IMG001564.jpeg,True,data\raw\Annotations\IMG001564.json,958,817
IMG001565.jpeg,1,True,data\raw\images\IMG001565.jpeg,True,data\raw\Annotations\IMG001565.json,446,819
IMG001566.jpeg,1,True,data\raw\images\IMG001566.jpeg,True,data\raw\Annotations\IMG001566.json,735,1465
IMG001567.jpeg,1,True,data\raw\images\IMG001567.jpeg,True,data\raw\Annotations\IMG001567.json,719,1465
IMG001568.jpeg,1,True,data\raw\images\IMG001568.jpeg,True,data\raw\Annotations\IMG001568.json,1576,1976
IMG001569.jpeg,1,True,data\raw\images\IMG001569.jpeg,True,data\raw\Annotations\IMG001569.json,590,827
IMG001570.jpeg,1,True,data\raw\images\IMG001570.jpeg,True,data\raw\Annotations\IMG001570.json,575,848
IMG001571.jpeg,1,True,data\raw\images\IMG001571.jpeg,True,data\raw\Annotations\IMG001571.json,851,693
IMG001572.jpeg,1,True,data\raw\images\IMG001572.jpeg,True,data\raw\Annotations\IMG001572.json,891,820
IMG001573.jpeg,1,True,data\raw\images\IMG001573.jpeg,True,data\raw\Annotations\IMG001573.json,1451,2022
IMG001574.jpeg,1,True,data\raw\images\IMG001574.jpeg,True,data\raw\Annotations\IMG001574.json,1651,2022
IMG001575.jpeg,1,True,data\raw\images\IMG001575.jpeg,True,data\raw\Annotations\IMG001575.json,2560,2948
IMG001576.jpeg,1,True,data\raw\images\IMG001576.jpeg,True,data\raw\Annotations\IMG001576.json,1354,2906
IMG001577.jpeg,1,True,data\raw\images\IMG001577.jpeg,True,data\raw\Annotations\IMG001577.json,2560,2610
IMG001578.jpeg,1,True,data\raw\images\IMG001578.jpeg,True,data\raw\Annotations\IMG001578.json,1780,1989
IMG001579.jpeg,1,True,data\raw\images\IMG001579.jpeg,True,data\raw\Annotations\IMG001579.json,1652,2069
IMG001580.jpeg,1,True,data\raw\images\IMG001580.jpeg,True,data\raw\Annotations\IMG001580.json,521,1033
IMG001581.jpeg,1,True,data\raw\images\IMG001581.jpeg,True,data\raw\Annotations\IMG001581.json,1171,1407
IMG001582.jpeg,1,True,data\raw\images\IMG001582.jpeg,True,data\raw\Annotations\IMG001582.json,1829,3025
IMG001583.jpeg,1,True,data\raw\images\IMG001583.jpeg,True,data\raw\Annotations\IMG001583.json,2752,2240
IMG001584.jpeg,1,True,data\raw\images\IMG001584.jpeg,True,data\raw\Annotations\IMG001584.json,916,999
IMG001585.jpeg,1,True,data\raw\images\IMG001585.jpeg,True,data\raw\Annotations\IMG001585.json,895,895
IMG001586.jpeg,1,True,data\raw\images\IMG001586.jpeg,True,data\raw\Annotations\IMG001586.json,701,1298
IMG001587.jpeg,1,True,data\raw\images\IMG001587.jpeg,True,data\raw\Annotations\IMG001587.json,396,1071
IMG001588.jpeg,1,True,data\raw\images\IMG001588.jpeg,True,data\raw\Annotations\IMG001588.json,829,815
IMG001589.jpeg,1,True,data\raw\images\IMG001589.jpeg,True,data\raw\Annotations\IMG001589.json,2856,2243
IMG001590.jpeg,1,True,data\raw\images\IMG001590.jpeg,True,data\raw\Annotations\IMG001590.json,1972,2720
IMG001591.jpeg,1,True,data\raw\images\IMG001591.jpeg,True,data\raw\Annotations\IMG001591.json,2264,2573
IMG001592.jpeg,1,True,data\raw\images\IMG001592.jpeg,True,data\raw\Annotations\IMG001592.json,2768,2209
IMG001593.jpeg,1,True,data\raw\images\IMG001593.jpeg,True,data\raw\Annotations\IMG001593.json,1691,2567
IMG001594.jpeg,1,True,data\raw\images\IMG001594.jpeg,True,data\raw\Annotations\IMG001594.json,1624,2540
IMG001595.jpeg,1,True,data\raw\images\IMG001595.jpeg,True,data\raw\Annotations\IMG001595.json,467,625
IMG001596.jpeg,1,True,data\raw\images\IMG001596.jpeg,True,data\raw\Annotations\IMG001596.json,895,696
IMG001597.jpeg,1,True,data\raw\images\IMG001597.jpeg,True,data\raw\Annotations\IMG001597.json,945,1466
IMG001598.jpeg,1,True,data\raw\images\IMG001598.jpeg,True,data\raw\Annotations\IMG001598.json,738,1189
IMG001599.jpeg,1,True,data\raw\images\IMG001599.jpeg,True,data\raw\Annotations\IMG001599.json,1242,958
IMG001600.jpeg,1,True,data\raw\images\IMG001600.jpeg,True,data\raw\Annotations\IMG001600.json,1412,711
IMG001601.jpeg,1,True,data\raw\images\IMG001601.jpeg,True,data\raw\Annotations\IMG001601.json,1709,2289
IMG001602.jpeg,1,True,data\raw\images\IMG001602.jpeg,True,data\raw\Annotations\IMG001602.json,651,650
IMG001603.jpeg,1,True,data\raw\images\IMG001603.jpeg,True,data\raw\Annotations\IMG001603.json,691,691
IMG001604.jpeg,1,True,data\raw\images\IMG001604.jpeg,True,data\raw\Annotations\IMG001604.json,564,745
IMG001605.jpeg,1,True,data\raw\images\IMG001605.jpeg,True,data\raw\Annotations\IMG001605.json,270,609
IMG001606.jpeg,1,True,data\raw\images\IMG001606.jpeg,True,data\raw\Annotations\IMG001606.json,548,697
IMG001607.jpeg,1,True,data\raw\images\IMG001607.jpeg,True,data\raw\Annotations\IMG001607.json,1444,1866
IMG001608.jpeg,1,True,data\raw\images\IMG001608.jpeg,True,data\raw\Annotations\IMG001608.json,1021,1194
IMG001609.jpeg,1,True,data\raw\images\IMG001609.jpeg,True,data\raw\Annotations\IMG001609.json,1401,702
IMG001610.jpeg,1,True,data\raw\images\IMG001610.jpeg,True,data\raw\Annotations\IMG001610.json,1996,2934
IMG001611.jpeg,1,True,data\raw\images\IMG001611.jpeg,True,data\raw\Annotations\IMG001611.json,2296,2435
IMG001612.jpeg,1,True,data\raw\images\IMG001612.jpeg,True,data\raw\Annotations\IMG001612.json,221,619
IMG001613.jpeg,1,True,data\raw\images\IMG001613.jpeg,True,data\raw\Annotations\IMG001613.json,877,2100
IMG001614.jpeg,1,True,data\raw\images\IMG001614.jpeg,True,data\raw\Annotations\IMG001614.json,1385,485
IMG001615.jpeg,1,True,data\raw\images\IMG001615.jpeg,True,data\raw\Annotations\IMG001615.json,843,1526
IMG001616.jpeg,1,True,data\raw\images\IMG001616.jpeg,True,data\raw\Annotations\IMG001616.json,953,890
IMG001617.jpeg,1,True,data\raw\images\IMG001617.jpeg,True,data\raw\Annotations\IMG001617.json,2222,1807
IMG001618.jpeg,1,True,data\raw\images\IMG001618.jpeg,True,data\raw\Annotations\IMG001618.json,1556,2918
IMG001619.jpeg,1,True,data\raw\images\IMG001619.jpeg,True,data\raw\Annotations\IMG001619.json,1706,2761
IMG001620.jpeg,1,True,data\raw\images\IMG001620.jpeg,True,data\raw\Annotations\IMG001620.json,1576,1556
IMG001621.jpeg,1,True,data\raw\images\IMG001621.jpeg,True,data\raw\Annotations\IMG001621.json,497,863
IMG001622.jpeg,1,True,data\raw\images\IMG001622.jpeg,True,data\raw\Annotations\IMG001622.json,524,1048
IMG001623.jpeg,1,True,data\raw\images\IMG001623.jpeg,True,data\raw\Annotations\IMG001623.json,559,1209
IMG001624.jpeg,1,True,data\raw\images\IMG001624.jpeg,True,data\raw\Annotations\IMG001624.json,1502,1502
IMG001625.jpeg,1,True,data\raw\images\IMG001625.jpeg,True,data\raw\Annotations\IMG001625.json,1011,1620
IMG001626.jpeg,1,True,data\raw\images\IMG001626.jpeg,True,data\raw\Annotations\IMG001626.json,352,533
IMG001627.jpeg,1,True,data\raw\images\IMG001627.jpeg,True,data\raw\Annotations\IMG001627.json,908,737
IMG001628.jpeg,1,True,data\raw\images\IMG001628.jpeg,True,data\raw\Annotations\IMG001628.json,610,1125
IMG001629.jpeg,1,True,data\raw\images\IMG001629.jpeg,True,data\raw\Annotations\IMG001629.json,550,1125
IMG001630.jpeg,1,True,data\raw\images\IMG001630.jpeg,True,data\raw\Annotations\IMG001630.json,1671,800
IMG001631.jpeg,1,True,data\raw\images\IMG001631.jpeg,True,data\raw\Annotations\IMG001631.json,801,1751
IMG001632.jpeg,1,True,data\raw\images\IMG001632.jpeg,True,data\raw\Annotations\IMG001632.json,1140,1476
IMG001633.jpeg,1,True,data\raw\images\IMG001633.jpeg,True,data\raw\Annotations\IMG001633.json,862,2132
IMG001634.jpeg,1,True,data\raw\images\IMG001634.jpeg,True,data\raw\Annotations\IMG001634.json,2308,2825
IMG001635.jpeg,1,True,data\raw\images\IMG001635.jpeg,True,data\raw\Annotations\IMG001635.json,1849,3028
IMG001636.jpeg,1,True,data\raw\images\IMG001636.jpeg,True,data\raw\Annotations\IMG001636.json,708,892
IMG001637.jpeg,1,True,data\raw\images\IMG001637.jpeg,True,data\raw\Annotations\IMG001637.json,708,892
IMG001638.jpeg,1,True,data\raw\images\IMG001638.jpeg,True,data\raw\Annotations\IMG001638.json,737,942
IMG001639.jpeg,1,True,data\raw\images\IMG001639.jpeg,True,data\raw\Annotations\IMG001639.json,747,955
IMG001640.jpeg,1,True,data\raw\images\IMG001640.jpeg,True,data\raw\Annotations\IMG001640.json,1022,847
IMG001641.jpeg,1,True,data\raw\images\IMG001641.jpeg,True,data\raw\Annotations\IMG001641.json,1024,1280
IMG001642.jpeg,1,True,data\raw\images\IMG001642.jpeg,True,data\raw\Annotations\IMG001642.json,1024,882
IMG001643.jpeg,1,True,data\raw\images\IMG001643.jpeg,True,data\raw\Annotations\IMG001643.json,480,702
IMG001644.jpeg,1,True,data\raw\images\IMG001644.jpeg,True,data\raw\Annotations\IMG001644.json,727,878
IMG001645.jpeg,1,True,data\raw\images\IMG001645.jpeg,True,data\raw\Annotations\IMG001645.json,718,866
IMG001646.jpeg,1,True,data\raw\images\IMG001646.jpeg,True,data\raw\Annotations\IMG001646.json,998,1200
IMG001647.jpeg,1,True,data\raw\images\IMG001647.jpeg,True,data\raw\Annotations\IMG001647.json,987,1200
IMG001648.jpeg,1,True,data\raw\images\IMG001648.jpeg,True,data\raw\Annotations\IMG001648.json,1024,1063
IMG001649.jpeg,1,True,data\raw\images\IMG001649.jpeg,True,data\raw\Annotations\IMG001649.json,987,1200
IMG001650.jpeg,1,True,data\raw\images\IMG001650.jpeg,True,data\raw\Annotations\IMG001650.json,631,768
IMG001651.jpeg,1,True,data\raw\images\IMG001651.jpeg,True,data\raw\Annotations\IMG001651.json,600,800
IMG001652.jpeg,1,True,data\raw\images\IMG001652.jpeg,True,data\raw\Annotations\IMG001652.json,600,800
IMG001653.jpeg,1,True,data\raw\images\IMG001653.jpeg,True,data\raw\Annotations\IMG001653.json,1024,1285
IMG001654.jpeg,1,True,data\raw\images\IMG001654.jpeg,True,data\raw\Annotations\IMG001654.json,1024,1285
IMG001655.jpeg,1,True,data\raw\images\IMG001655.jpeg,True,data\raw\Annotations\IMG001655.json,1024,1024
IMG001656.jpeg,1,True,data\raw\images\IMG001656.jpeg,True,data\raw\Annotations\IMG001656.json,1024,1024
IMG001657.jpeg,1,True,data\raw\images\IMG001657.jpeg,True,data\raw\Annotations\IMG001657.json,1024,1013
IMG001658.jpeg,1,True,data\raw\images\IMG001658.jpeg,True,data\raw\Annotations\IMG001658.json,832,1310
IMG001659.jpeg,1,True,data\raw\images\IMG001659.jpeg,True,data\raw\Annotations\IMG001659.json,916,1235
IMG001660.jpeg,1,True,data\raw\images\IMG001660.jpeg,True,data\raw\Annotations\IMG001660.json,1019,1280
IMG001661.jpeg,1,True,data\raw\images\IMG001661.jpeg,True,data\raw\Annotations\IMG001661.json,394,804
IMG001662.jpeg,1,True,data\raw\images\IMG001662.jpeg,True,data\raw\Annotations\IMG001662.json,1019,1280
IMG001663.jpeg,1,True,data\raw\images\IMG001663.jpeg,True,data\raw\Annotations\IMG001663.json,1024,844
IMG001664.jpeg,1,True,data\raw\images\IMG001664.jpeg,True,data\raw\Annotations\IMG001664.json,857,1200
IMG001665.jpeg,1,True,data\raw\images\IMG001665.jpeg,True,data\raw\Annotations\IMG001665.json,987,1200
IMG001666.jpeg,1,True,data\raw\images\IMG001666.jpeg,True,data\raw\Annotations\IMG001666.json,412,671
IMG001667.jpeg,1,True,data\raw\images\IMG001667.jpeg,True,data\raw\Annotations\IMG001667.json,285,421
IMG001668.jpeg,1,True,data\raw\images\IMG001668.jpeg,True,data\raw\Annotations\IMG001668.json,336,311
IMG001669.jpeg,1,True,data\raw\images\IMG001669.jpeg,True,data\raw\Annotations\IMG001669.json,1024,768
IMG001670.jpeg,1,True,data\raw\images\IMG001670.jpeg,True,data\raw\Annotations\IMG001670.json,1019,852
IMG001671.jpeg,1,True,data\raw\images\IMG001671.jpeg,True,data\raw\Annotations\IMG001671.json,1019,984
IMG001672.jpeg,1,True,data\raw\images\IMG001672.jpeg,True,data\raw\Annotations\IMG001672.json,326,690
IMG001673.jpeg,1,True,data\raw\images\IMG001673.jpeg,True,data\raw\Annotations\IMG001673.json,848,769
IMG001674.jpeg,1,True,data\raw\images\IMG001674.jpeg,True,data\raw\Annotations\IMG001674.json,522,794
IMG001675.jpeg,1,True,data\raw\images\IMG001675.jpeg,True,data\raw\Annotations\IMG001675.json,474,769
IMG001676.jpeg,1,True,data\raw\images\IMG001676.jpeg,True,data\raw\Annotations\IMG001676.json,696,1024
IMG001677.jpeg,1,True,data\raw\images\IMG001677.jpeg,True,data\raw\Annotations\IMG001677.json,755,1024
IMG001678.jpeg,1,True,data\raw\images\IMG001678.jpeg,True,data\raw\Annotations\IMG001678.json,705,1024
IMG001679.jpeg,1,True,data\raw\images\IMG001679.jpeg,True,data\raw\Annotations\IMG001679.json,954,1200
IMG001680.jpeg,1,True,data\raw\images\IMG001680.jpeg,True,data\raw\Annotations\IMG001680.json,787,1200
IMG001681.jpeg,1,True,data\raw\images\IMG001681.jpeg,True,data\raw\Annotations\IMG001681.json,634,860
IMG001682.jpeg,1,True,data\raw\images\IMG001682.jpeg,True,data\raw\Annotations\IMG001682.json,749,912
IMG001683.jpeg,1,True,data\raw\images\IMG001683.jpeg,True,data\raw\Annotations\IMG001683.json,848,769
IMG001684.jpeg,1,True,data\raw\images\IMG001684.jpeg,True,data\raw\Annotations\IMG001684.json,1019,1280
IMG001685.jpeg,1,True,data\raw\images\IMG001685.jpeg,True,data\raw\Annotations\IMG001685.json,1019,1280
IMG001686.jpeg,1,True,data\raw\images\IMG001686.jpeg,True,data\raw\Annotations\IMG001686.json,1024,887
IMG001687.jpeg,1,True,data\raw\images\IMG001687.jpeg,True,data\raw\Annotations\IMG001687.json,1024,1182
IMG001688.jpeg,1,True,data\raw\images\IMG001688.jpeg,True,data\raw\Annotations\IMG001688.json,1024,1182
IMG001689.jpeg,1,True,data\raw\images\IMG001689.jpeg,True,data\raw\Annotations\IMG001689.json,1024,1304
IMG001690.jpeg,1,True,data\raw\images\IMG001690.jpeg,True,data\raw\Annotations\IMG001690.json,569,691
IMG001691.jpeg,1,True,data\raw\images\IMG001691.jpeg,True,data\raw\Annotations\IMG001691.json,762,498
IMG001692.jpeg,1,True,data\raw\images\IMG001692.jpeg,True,data\raw\Annotations\IMG001692.json,1024,1291
IMG001693.jpeg,1,True,data\raw\images\IMG001693.jpeg,True,data\raw\Annotations\IMG001693.json,1024,1291
IMG001694.jpeg,1,True,data\raw\images\IMG001694.jpeg,True,data\raw\Annotations\IMG001694.json,681,777
IMG001695.jpeg,1,True,data\raw\images\IMG001695.jpeg,True,data\raw\Annotations\IMG001695.json,953,1200
IMG001696.jpeg,1,True,data\raw\images\IMG001696.jpeg,True,data\raw\Annotations\IMG001696.json,1024,840
IMG001697.jpeg,1,True,data\raw\images\IMG001697.jpeg,True,data\raw\Annotations\IMG001697.json,984,1200
IMG001698.jpeg,1,True,data\raw\images\IMG001698.jpeg,True,data\raw\Annotations\IMG001698.json,834,1304
IMG001699.jpeg,1,True,data\raw\images\IMG001699.jpeg,True,data\raw\Annotations\IMG001699.json,1024,921
IMG001700.jpeg,1,True,data\raw\images\IMG001700.jpeg,True,data\raw\Annotations\IMG001700.json,828,1200
IMG001701.jpeg,1,True,data\raw\images\IMG001701.jpeg,True,data\raw\Annotations\IMG001701.json,589,1105
IMG001702.jpeg,1,True,data\raw\images\IMG001702.jpeg,True,data\raw\Annotations\IMG001702.json,1024,1284
IMG001703.jpeg,1,True,data\raw\images\IMG001703.jpeg,True,data\raw\Annotations\IMG001703.json,1022,1284
IMG001704.jpeg,1,True,data\raw\images\IMG001704.jpeg,True,data\raw\Annotations\IMG001704.json,1024,1309
IMG001705.jpeg,1,True,data\raw\images\IMG001705.jpeg,True,data\raw\Annotations\IMG001705.json,1024,1309
IMG001706.jpeg,1,True,data\raw\images\IMG001706.jpeg,True,data\raw\Annotations\IMG001706.json,585,800
IMG001707.jpeg,1,True,data\raw\images\IMG001707.jpeg,True,data\raw\Annotations\IMG001707.json,540,800
IMG001708.jpeg,1,True,data\raw\images\IMG001708.jpeg,True,data\raw\Annotations\IMG001708.json,988,846
IMG001709.jpeg,1,True,data\raw\images\IMG001709.jpeg,True,data\raw\Annotations\IMG001709.json,1007,1200
IMG001710.jpeg,1,True,data\raw\images\IMG001710.jpeg,True,data\raw\Annotations\IMG001710.json,1007,1200
IMG001711.jpeg,1,True,data\raw\images\IMG001711.jpeg,True,data\raw\Annotations\IMG001711.json,569,703
IMG001712.jpeg,1,True,data\raw\images\IMG001712.jpeg,True,data\raw\Annotations\IMG001712.json,590,720
IMG001713.jpeg,1,True,data\raw\images\IMG001713.jpeg,True,data\raw\Annotations\IMG001713.json,464,712
IMG001714.jpeg,1,True,data\raw\images\IMG001714.jpeg,True,data\raw\Annotations\IMG001714.json,537,656
IMG001715.jpeg,1,True,data\raw\images\IMG001715.jpeg,True,data\raw\Annotations\IMG001715.json,520,672
IMG001716.jpeg,1,True,data\raw\images\IMG001716.jpeg,True,data\raw\Annotations\IMG001716.json,1024,842
IMG001717.jpeg,1,True,data\raw\images\IMG001717.jpeg,True,data\raw\Annotations\IMG001717.json,661,1500
IMG001718.jpeg,1,True,data\raw\images\IMG001718.jpeg,True,data\raw\Annotations\IMG001718.json,889,1500
IMG001719.jpeg,1,True,data\raw\images\IMG001719.jpeg,True,data\raw\Annotations\IMG001719.json,928,726
IMG001720.jpeg,1,True,data\raw\images\IMG001720.jpeg,True,data\raw\Annotations\IMG001720.json,336,404
IMG001721.jpeg,1,True,data\raw\images\IMG001721.jpeg,True,data\raw\Annotations\IMG001721.json,972,1500
IMG001722.jpeg,1,True,data\raw\images\IMG001722.jpeg,True,data\raw\Annotations\IMG001722.json,768,1200
IMG001723.jpeg,1,True,data\raw\images\IMG001723.jpeg,True,data\raw\Annotations\IMG001723.json,520,1466
IMG001724.jpeg,1,True,data\raw\images\IMG001724.jpeg,True,data\raw\Annotations\IMG001724.json,822,1500
IMG001725.jpeg,1,True,data\raw\images\IMG001725.jpeg,True,data\raw\Annotations\IMG001725.json,439,841
IMG001726.jpeg,1,True,data\raw\images\IMG001726.jpeg,True,data\raw\Annotations\IMG001726.json,382,461
IMG001727.jpeg,1,True,data\raw\images\IMG001727.jpeg,True,data\raw\Annotations\IMG001727.json,382,461
IMG001728.jpeg,1,True,data\raw\images\IMG001728.jpeg,True,data\raw\Annotations\IMG001728.json,581,461
IMG001729.jpeg,1,True,data\raw\images\IMG001729.jpeg,True,data\raw\Annotations\IMG001729.json,1024,1295
IMG001730.jpeg,1,True,data\raw\images\IMG001730.jpeg,True,data\raw\Annotations\IMG001730.json,745,1123
IMG001731.jpeg,1,True,data\raw\images\IMG001731.jpeg,True,data\raw\Annotations\IMG001731.json,409,835
IMG001732.jpeg,1,True,data\raw\images\IMG001732.jpeg,True,data\raw\Annotations\IMG001732.json,1024,816
IMG001733.jpeg,1,True,data\raw\images\IMG001733.jpeg,True,data\raw\Annotations\IMG001733.json,594,921
IMG001734.jpeg,1,True,data\raw\images\IMG001734.jpeg,True,data\raw\Annotations\IMG001734.json,885,1250
IMG001735.jpeg,1,True,data\raw\images\IMG001735.jpeg,True,data\raw\Annotations\IMG001735.json,836,651
IMG001736.jpeg,1,True,data\raw\images\IMG001736.jpeg,True,data\raw\Annotations\IMG001736.json,702,645
IMG001737.jpeg,1,True,data\raw\images\IMG001737.jpeg,True,data\raw\Annotations\IMG001737.json,894,1200
IMG001738.jpeg,1,True,data\raw\images\IMG001738.jpeg,True,data\raw\Annotations\IMG001738.json,713,1200
IMG001739.jpeg,1,True,data\raw\images\IMG001739.jpeg,True,data\raw\Annotations\IMG001739.json,575,457
IMG001740.jpeg,1,True,data\raw\images\IMG001740.jpeg,True,data\raw\Annotations\IMG001740.json,600,731
IMG001741.jpeg,1,True,data\raw\images\IMG001741.jpeg,True,data\raw\Annotations\IMG001741.json,600,731
IMG001742.jpeg,1,True,data\raw\images\IMG001742.jpeg,True,data\raw\Annotations\IMG001742.json,1024,1311
IMG001743.jpeg,1,True,data\raw\images\IMG001743.jpeg,True,data\raw\Annotations\IMG001743.json,258,461
IMG001744.jpeg,1,True,data\raw\images\IMG001744.jpeg,True,data\raw\Annotations\IMG001744.json,1024,1248
IMG001745.jpeg,1,True,data\raw\images\IMG001745.jpeg,True,data\raw\Annotations\IMG001745.json,1024,755
IMG001746.jpeg,1,True,data\raw\images\IMG001746.jpeg,True,data\raw\Annotations\IMG001746.json,1024,755
IMG001747.jpeg,1,True,data\raw\images\IMG001747.jpeg,True,data\raw\Annotations\IMG001747.json,1024,1162
IMG001748.jpeg,1,True,data\raw\images\IMG001748.jpeg,True,data\raw\Annotations\IMG001748.json,1024,1162
IMG001749.jpeg,1,True,data\raw\images\IMG001749.jpeg,True,data\raw\Annotations\IMG001749.json,1024,1006
IMG001750.jpeg,1,True,data\raw\images\IMG001750.jpeg,True,data\raw\Annotations\IMG001750.json,1024,1227
IMG001751.jpeg,1,True,data\raw\images\IMG001751.jpeg,True,data\raw\Annotations\IMG001751.json,309,429
IMG001752.jpeg,1,True,data\raw\images\IMG001752.jpeg,True,data\raw\Annotations\IMG001752.json,539,1200
IMG001753.jpeg,1,True,data\raw\images\IMG001753.jpeg,True,data\raw\Annotations\IMG001753.json,603,1200
IMG001754.jpeg,1,True,data\raw\images\IMG001754.jpeg,True,data\raw\Annotations\IMG001754.json,1019,1280
IMG001755.jpeg,1,True,data\raw\images\IMG001755.jpeg,True,data\raw\Annotations\IMG001755.json,1019,1280
IMG001756.jpeg,1,True,data\raw\images\IMG001756.jpeg,True,data\raw\Annotations\IMG001756.json,1024,1223
IMG001757.jpeg,1,True,data\raw\images\IMG001757.jpeg,True,data\raw\Annotations\IMG001757.json,482,1252
IMG001758.jpeg,1,True,data\raw\images\IMG001758.jpeg,True,data\raw\Annotations\IMG001758.json,940,1200
IMG001759.jpeg,1,True,data\raw\images\IMG001759.jpeg,True,data\raw\Annotations\IMG001759.json,1024,1309
IMG001760.jpeg,1,True,data\raw\images\IMG001760.jpeg,True,data\raw\Annotations\IMG001760.json,431,512
IMG001761.jpeg,1,True,data\raw\images\IMG001761.jpeg,True,data\raw\Annotations\IMG001761.json,367,512
IMG001762.jpeg,1,True,data\raw\images\IMG001762.jpeg,True,data\raw\Annotations\IMG001762.json,1000,1200
IMG001763.jpeg,1,True,data\raw\images\IMG001763.jpeg,True,data\raw\Annotations\IMG001763.json,583,1200
IMG001764.jpeg,1,True,data\raw\images\IMG001764.jpeg,True,data\raw\Annotations\IMG001764.json,1024,851
IMG001765.jpeg,1,True,data\raw\images\IMG001765.jpeg,True,data\raw\Annotations\IMG001765.json,619,874
IMG001766.jpeg,1,True,data\raw\images\IMG001766.jpeg,True,data\raw\Annotations\IMG001766.json,594,921
IMG001767.jpeg,1,True,data\raw\images\IMG001767.jpeg,True,data\raw\Annotations\IMG001767.json,521,837
IMG001768.jpeg,1,True,data\raw\images\IMG001768.jpeg,True,data\raw\Annotations\IMG001768.json,1005,835
IMG001769.jpeg,1,True,data\raw\images\IMG001769.jpeg,True,data\raw\Annotations\IMG001769.json,1024,1311
IMG001770.jpeg,1,True,data\raw\images\IMG001770.jpeg,True,data\raw\Annotations\IMG001770.json,1024,1286
IMG001771.jpeg,1,True,data\raw\images\IMG001771.jpeg,True,data\raw\Annotations\IMG001771.json,1024,1286
IMG001772.jpeg,1,True,data\raw\images\IMG001772.jpeg,True,data\raw\Annotations\IMG001772.json,576,768
IMG001773.jpeg,1,True,data\raw\images\IMG001773.jpeg,True,data\raw\Annotations\IMG001773.json,576,768
IMG001774.jpeg,1,True,data\raw\images\IMG001774.jpeg,True,data\raw\Annotations\IMG001774.json,1024,1222
IMG001775.jpeg,1,True,data\raw\images\IMG001775.jpeg,True,data\raw\Annotations\IMG001775.json,1024,1222
IMG001776.jpeg,1,True,data\raw\images\IMG001776.jpeg,True,data\raw\Annotations\IMG001776.json,987,1200
IMG001777.jpeg,1,True,data\raw\images\IMG001777.jpeg,True,data\raw\Annotations\IMG001777.json,987,1200
IMG001778.jpeg,1,True,data\raw\images\IMG001778.jpeg,True,data\raw\Annotations\IMG001778.json,1024,1310
IMG001779.jpeg,1,True,data\raw\images\IMG001779.jpeg,True,data\raw\Annotations\IMG001779.json,1019,1176
IMG001780.jpeg,1,True,data\raw\images\IMG001780.jpeg,True,data\raw\Annotations\IMG001780.json,1019,1176
IMG001781.jpeg,1,True,data\raw\images\IMG001781.jpeg,True,data\raw\Annotations\IMG001781.json,1024,848
IMG001782.jpeg,1,True,data\raw\images\IMG001782.jpeg,True,data\raw\Annotations\IMG001782.json,469,920
IMG001783.jpeg,1,True,data\raw\images\IMG001783.jpeg,True,data\raw\Annotations\IMG001783.json,1024,783
IMG001784.jpeg,1,True,data\raw\images\IMG001784.jpeg,True,data\raw\Annotations\IMG001784.json,912,624
IMG001785.jpeg,1,True,data\raw\images\IMG001785.jpeg,True,data\raw\Annotations\IMG001785.json,574,801
IMG001786.jpeg,1,True,data\raw\images\IMG001786.jpeg,True,data\raw\Annotations\IMG001786.json,596,923
IMG001787.jpeg,1,True,data\raw\images\IMG001787.jpeg,True,data\raw\Annotations\IMG001787.json,1024,841
IMG001788.jpeg,1,True,data\raw\images\IMG001788.jpeg,True,data\raw\Annotations\IMG001788.json,1024,1191
IMG001789.jpeg,1,True,data\raw\images\IMG001789.jpeg,True,data\raw\Annotations\IMG001789.json,885,1250
IMG001790.jpeg,1,True,data\raw\images\IMG001790.jpeg,True,data\raw\Annotations\IMG001790.json,840,1187
IMG001791.jpeg,1,True,data\raw\images\IMG001791.jpeg,True,data\raw\Annotations\IMG001791.json,1024,756
IMG001792.jpeg,1,True,data\raw\images\IMG001792.jpeg,True,data\raw\Annotations\IMG001792.json,1024,1428
IMG001793.jpeg,1,True,data\raw\images\IMG001793.jpeg,True,data\raw\Annotations\IMG001793.json,1024,1413
IMG001794.jpeg,1,True,data\raw\images\IMG001794.jpeg,True,data\raw\Annotations\IMG001794.json,448,485
IMG001795.jpeg,1,True,data\raw\images\IMG001795.jpeg,True,data\raw\Annotations\IMG001795.json,625,604
IMG001796.jpeg,1,True,data\raw\images\IMG001796.jpeg,True,data\raw\Annotations\IMG001796.json,1024,949
IMG001797.jpeg,1,True,data\raw\images\IMG001797.jpeg,True,data\raw\Annotations\IMG001797.json,706,1125
IMG001798.jpeg,1,True,data\raw\images\IMG001798.jpeg,True,data\raw\Annotations\IMG001798.json,1024,1304
IMG001799.jpeg,1,True,data\raw\images\IMG001799.jpeg,True,data\raw\Annotations\IMG001799.json,972,1500
IMG001800.jpeg,1,True,data\raw\images\IMG001800.jpeg,True,data\raw\Annotations\IMG001800.json,1024,1284
IMG001801.jpeg,1,True,data\raw\images\IMG001801.jpeg,True,data\raw\Annotations\IMG001801.json,408,564
IMG001802.jpeg,1,True,data\raw\images\IMG001802.jpeg,True,data\raw\Annotations\IMG001802.json,506,682
IMG001803.jpeg,1,True,data\raw\images\IMG001803.jpeg,True,data\raw\Annotations\IMG001803.json,574,936
IMG001804.jpeg,1,True,data\raw\images\IMG001804.jpeg,True,data\raw\Annotations\IMG001804.json,1024,1304
IMG001805.jpeg,1,True,data\raw\images\IMG001805.jpeg,True,data\raw\Annotations\IMG001805.json,1024,842
IMG001806.jpeg,1,True,data\raw\images\IMG001806.jpeg,True,data\raw\Annotations\IMG001806.json,997,1200
IMG001807.jpeg,1,True,data\raw\images\IMG001807.jpeg,True,data\raw\Annotations\IMG001807.json,1024,585
IMG001808.jpeg,1,True,data\raw\images\IMG001808.jpeg,True,data\raw\Annotations\IMG001808.json,672,896
IMG001809.jpeg,1,True,data\raw\images\IMG001809.jpeg,True,data\raw\Annotations\IMG001809.json,568,918
IMG001810.jpeg,1,True,data\raw\images\IMG001810.jpeg,True,data\raw\Annotations\IMG001810.json,1024,857
IMG001811.jpeg,1,True,data\raw\images\IMG001811.jpeg,True,data\raw\Annotations\IMG001811.json,1024,976
IMG001812.jpeg,1,True,data\raw\images\IMG001812.jpeg,True,data\raw\Annotations\IMG001812.json,1024,1307
IMG001813.jpeg,1,True,data\raw\images\IMG001813.jpeg,True,data\raw\Annotations\IMG001813.json,602,806
IMG001814.jpeg,1,True,data\raw\images\IMG001814.jpeg,True,data\raw\Annotations\IMG001814.json,857,1200
IMG001815.jpeg,1,True,data\raw\images\IMG001815.jpeg,True,data\raw\Annotations\IMG001815.json,857,1200
IMG001816.jpeg,1,True,data\raw\images\IMG001816.jpeg,True,data\raw\Annotations\IMG001816.json,1024,1168
IMG001817.jpeg,1,True,data\raw\images\IMG001817.jpeg,True,data\raw\Annotations\IMG001817.json,1024,1168
IMG001818.jpeg,1,True,data\raw\images\IMG001818.jpeg,True,data\raw\Annotations\IMG001818.json,1024,1310
IMG001819.jpeg,1,True,data\raw\images\IMG001819.jpeg,True,data\raw\Annotations\IMG001819.json,1024,1310
IMG001820.jpeg,1,True,data\raw\images\IMG001820.jpeg,True,data\raw\Annotations\IMG001820.json,960,1133
IMG001821.jpeg,1,True,data\raw\images\IMG001821.jpeg,True,data\raw\Annotations\IMG001821.json,1024,902
IMG001822.jpeg,1,True,data\raw\images\IMG001822.jpeg,True,data\raw\Annotations\IMG001822.json,944,1136
IMG001823.jpeg,1,True,data\raw\images\IMG001823.jpeg,True,data\raw\Annotations\IMG001823.json,880,988
IMG001824.jpeg,1,True,data\raw\images\IMG001824.jpeg,True,data\raw\Annotations\IMG001824.json,672,756
IMG001825.jpeg,1,True,data\raw\images\IMG001825.jpeg,True,data\raw\Annotations\IMG001825.json,1024,881
IMG001826.jpeg,1,True,data\raw\images\IMG001826.jpeg,True,data\raw\Annotations\IMG001826.json,1024,879
IMG001827.jpeg,1,True,data\raw\images\IMG001827.jpeg,True,data\raw\Annotations\IMG001827.json,1019,1176
IMG001828.jpeg,1,True,data\raw\images\IMG001828.jpeg,True,data\raw\Annotations\IMG001828.json,1024,1291
IMG001829.jpeg,1,True,data\raw\images\IMG001829.jpeg,True,data\raw\Annotations\IMG001829.json,1024,1310
IMG001830.jpeg,1,True,data\raw\images\IMG001830.jpeg,True,data\raw\Annotations\IMG001830.json,1024,1310
IMG001831.jpeg,1,True,data\raw\images\IMG001831.jpeg,True,data\raw\Annotations\IMG001831.json,416,672
IMG001832.jpeg,1,True,data\raw\images\IMG001832.jpeg,True,data\raw\Annotations\IMG001832.json,384,680
IMG001833.jpeg,1,True,data\raw\images\IMG001833.jpeg,True,data\raw\Annotations\IMG001833.json,479,811
IMG001834.jpeg,1,True,data\raw\images\IMG001834.jpeg,True,data\raw\Annotations\IMG001834.json,483,838
IMG001835.jpeg,1,True,data\raw\images\IMG001835.jpeg,True,data\raw\Annotations\IMG001835.json,1024,1304
IMG001836.jpeg,1,True,data\raw\images\IMG001836.jpeg,True,data\raw\Annotations\IMG001836.json,768,1200
IMG001837.jpeg,1,True,data\raw\images\IMG001837.jpeg,True,data\raw\Annotations\IMG001837.json,1024,1024
IMG001838.jpeg,1,True,data\raw\images\IMG001838.jpeg,True,data\raw\Annotations\IMG001838.json,764,396
IMG001839.jpeg,1,True,data\raw\images\IMG001839.jpeg,True,data\raw\Annotations\IMG001839.json,496,712
IMG001840.jpeg,1,True,data\raw\images\IMG001840.jpeg,True,data\raw\Annotations\IMG001840.json,539,1200
IMG001841.jpeg,1,True,data\raw\images\IMG001841.jpeg,True,data\raw\Annotations\IMG001841.json,528,1200
IMG001842.jpeg,1,True,data\raw\images\IMG001842.jpeg,True,data\raw\Annotations\IMG001842.json,1024,1243
IMG001843.jpeg,1,True,data\raw\images\IMG001843.jpeg,True,data\raw\Annotations\IMG001843.json,993,1500
IMG001844.jpeg,1,True,data\raw\images\IMG001844.jpeg,True,data\raw\Annotations\IMG001844.json,795,897
IMG001845.jpeg,1,True,data\raw\images\IMG001845.jpeg,True,data\raw\Annotations\IMG001845.json,667,850
IMG001846.jpeg,1,True,data\raw\images\IMG001846.jpeg,True,data\raw\Annotations\IMG001846.json,697,888
IMG001847.jpeg,1,True,data\raw\images\IMG001847.jpeg,True,data\raw\Annotations\IMG001847.json,697,888
IMG001848.jpeg,1,True,data\raw\images\IMG001848.jpeg,True,data\raw\Annotations\IMG001848.json,525,1024
IMG001849.jpeg,1,True,data\raw\images\IMG001849.jpeg,True,data\raw\Annotations\IMG001849.json,525,1024
IMG001850.jpeg,1,True,data\raw\images\IMG001850.jpeg,True,data\raw\Annotations\IMG001850.json,925,768
IMG001851.jpeg,1,True,data\raw\images\IMG001851.jpeg,True,data\raw\Annotations\IMG001851.json,448,1024
IMG001852.jpeg,1,True,data\raw\images\IMG001852.jpeg,True,data\raw\Annotations\IMG001852.json,473,1024
IMG001853.jpeg,1,True,data\raw\images\IMG001853.jpeg,True,data\raw\Annotations\IMG001853.json,965,768
IMG001854.jpeg,1,True,data\raw\images\IMG001854.jpeg,True,data\raw\Annotations\IMG001854.json,965,768
IMG001855.jpeg,1,True,data\raw\images\IMG001855.jpeg,True,data\raw\Annotations\IMG001855.json,527,1024
IMG001856.jpeg,1,True,data\raw\images\IMG001856.jpeg,True,data\raw\Annotations\IMG001856.json,514,1024
IMG001857.jpeg,1,True,data\raw\images\IMG001857.jpeg,True,data\raw\Annotations\IMG001857.json,1024,1310
IMG001858.jpeg,1,True,data\raw\images\IMG001858.jpeg,True,data\raw\Annotations\IMG001858.json,1024,1310
IMG001859.jpeg,1,True,data\raw\images\IMG001859.jpeg,True,data\raw\Annotations\IMG001859.json,840,1024
IMG001860.jpeg,1,True,data\raw\images\IMG001860.jpeg,True,data\raw\Annotations\IMG001860.json,962,790
IMG001861.jpeg,1,True,data\raw\images\IMG001861.jpeg,True,data\raw\Annotations\IMG001861.json,1024,1178
IMG001862.jpeg,1,True,data\raw\images\IMG001862.jpeg,True,data\raw\Annotations\IMG001862.json,1024,1178
IMG001863.jpeg,1,True,data\raw\images\IMG001863.jpeg,True,data\raw\Annotations\IMG001863.json,1024,1178
IMG001864.jpeg,1,True,data\raw\images\IMG001864.jpeg,True,data\raw\Annotations\IMG001864.json,1024,1178
IMG001865.jpeg,1,True,data\raw\images\IMG001865.jpeg,True,data\raw\Annotations\IMG001865.json,550,1029
IMG001866.jpeg,1,True,data\raw\images\IMG001866.jpeg,True,data\raw\Annotations\IMG001866.json,575,1027
IMG001867.jpeg,1,True,data\raw\images\IMG001867.jpeg,True,data\raw\Annotations\IMG001867.json,520,770
IMG001868.jpeg,0,True,data\raw\images\IMG001868.jpeg,False,,669,936
IMG001869.jpeg,0,True,data\raw\images\IMG001869.jpeg,False,,670,1426
IMG001870.jpeg,0,True,data\raw\images\IMG001870.jpeg,False,,610,1332
IMG001871.jpeg,0,True,data\raw\images\IMG001871.jpeg,False,,616,1634
IMG001872.jpeg,0,True,data\raw\images\IMG001872.jpeg,False,,1230,2954
IMG001873.jpeg,0,True,data\raw\images\IMG001873.jpeg,False,,1724,2800
IMG001874.jpeg,0,True,data\raw\images\IMG001874.jpeg,False,,588,1359
IMG001875.jpeg,0,True,data\raw\images\IMG001875.jpeg,False,,521,1487
IMG001876.jpeg,0,True,data\raw\images\IMG001876.jpeg,False,,531,1451
IMG001877.jpeg,0,True,data\raw\images\IMG001877.jpeg,False,,1056,658
IMG001878.jpeg,0,True,data\raw\images\IMG001878.jpeg,False,,641,1542
IMG001879.jpeg,0,True,data\raw\images\IMG001879.jpeg,False,,596,1483
IMG001880.jpeg,0,True,data\raw\images\IMG001880.jpeg,False,,580,769
IMG001881.jpeg,0,True,data\raw\images\IMG001881.jpeg,False,,1448,1539
IMG001882.jpeg,0,True,data\raw\images\IMG001882.jpeg,False,,2484,2484
IMG001883.jpeg,0,True,data\raw\images\IMG001883.jpeg,False,,1162,1768
IMG001884.jpeg,0,True,data\raw\images\IMG001884.jpeg,False,,2004,1250
IMG001885.jpeg,0,True,data\raw\images\IMG001885.jpeg,False,,2024,1250
IMG001886.jpeg,0,True,data\raw\images\IMG001886.jpeg,False,,2764,2624
IMG001887.jpeg,0,True,data\raw\images\IMG001887.jpeg,False,,1337,1976
IMG001888.jpeg,0,True,data\raw\images\IMG001888.jpeg,False,,1409,2200
IMG001889.jpeg,0,True,data\raw\images\IMG001889.jpeg,False,,1722,2037
IMG001890.jpeg,0,True,data\raw\images\IMG001890.jpeg,False,,1712,1382
IMG001891.jpeg,0,True,data\raw\images\IMG001891.jpeg,False,,1332,1668
IMG001892.jpeg,0,True,data\raw\images\IMG001892.jpeg,False,,1288,1616
IMG001893.jpeg,0,True,data\raw\images\IMG001893.jpeg,False,,1736,3032
IMG001894.jpeg,0,True,data\raw\images\IMG001894.jpeg,False,,1687,2904
IMG001895.jpeg,0,True,data\raw\images\IMG001895.jpeg,False,,3320,3263
IMG001896.jpeg,0,True,data\raw\images\IMG001896.jpeg,False,,2101,2361
IMG001897.jpeg,0,True,data\raw\images\IMG001897.jpeg,False,,1714,2496
IMG001898.jpeg,0,True,data\raw\images\IMG001898.jpeg,False,,1301,1772
IMG001899.jpeg,0,True,data\raw\images\IMG001899.jpeg,False,,1852,1476
IMG001900.jpeg,0,True,data\raw\images\IMG001900.jpeg,False,,2424,3032
IMG001901.jpeg,0,True,data\raw\images\IMG001901.jpeg,False,,1986,3032
IMG001902.jpeg,0,True,data\raw\images\IMG001902.jpeg,False,,2205,3032
IMG001903.jpeg,0,True,data\raw\images\IMG001903.jpeg,False,,2520,3032
IMG001904.jpeg,0,True,data\raw\images\IMG001904.jpeg,False,,1360,2932
IMG001905.jpeg,0,True,data\raw\images\IMG001905.jpeg,False,,2544,3056
IMG001906.jpeg,0,True,data\raw\images\IMG001906.jpeg,False,,2544,3056
IMG001907.jpeg,0,True,data\raw\images\IMG001907.jpeg,False,,1318,3032
IMG001908.jpeg,0,True,data\raw\images\IMG001908.jpeg,False,,1507,3032
IMG001909.jpeg,0,True,data\raw\images\IMG001909.jpeg,False,,1250,2146
IMG001910.jpeg,0,True,data\raw\images\IMG001910.jpeg,False,,1250,2141
IMG001911.jpeg,0,True,data\raw\images\IMG001911.jpeg,False,,1623,2078
IMG001912.jpeg,0,True,data\raw\images\IMG001912.jpeg,False,,1631,1931
IMG001913.jpeg,0,True,data\raw\images\IMG001913.jpeg,False,,1719,2408
IMG001914.jpeg,0,True,data\raw\images\IMG001914.jpeg,False,,1658,3032
IMG001915.jpeg,0,True,data\raw\images\IMG001915.jpeg,False,,1910,2289
IMG001916.jpeg,0,True,data\raw\images\IMG001916.jpeg,False,,1356,2306
IMG001917.jpeg,0,True,data\raw\images\IMG001917.jpeg,False,,1466,3032
IMG001918.jpeg,0,True,data\raw\images\IMG001918.jpeg,False,,1519,3032
IMG001919.jpeg,0,True,data\raw\images\IMG001919.jpeg,False,,1250,2200
IMG001920.jpeg,0,True,data\raw\images\IMG001920.jpeg,False,,1380,2216
IMG001921.jpeg,0,True,data\raw\images\IMG001921.jpeg,False,,1620,2528
IMG001922.jpeg,0,True,data\raw\images\IMG001922.jpeg,False,,1620,2532
IMG001923.jpeg,0,True,data\raw\images\IMG001923.jpeg,False,,1959,1429
IMG001924.jpeg,0,True,data\raw\images\IMG001924.jpeg,False,,1603,1406
IMG001925.jpeg,0,True,data\raw\images\IMG001925.jpeg,False,,1786,1496
IMG001926.jpeg,0,True,data\raw\images\IMG001926.jpeg,False,,1511,1564
IMG001927.jpeg,0,True,data\raw\images\IMG001927.jpeg,False,,1227,1134
IMG001928.jpeg,0,True,data\raw\images\IMG001928.jpeg,False,,1662,1876
IMG001929.jpeg,0,True,data\raw\images\IMG001929.jpeg,False,,1548,1863
IMG001930.jpeg,0,True,data\raw\images\IMG001930.jpeg,False,,1446,1865
IMG001931.jpeg,0,True,data\raw\images\IMG001931.jpeg,False,,1519,1726
IMG001932.jpeg,0,True,data\raw\images\IMG001932.jpeg,False,,2544,3056
IMG001933.jpeg,0,True,data\raw\images\IMG001933.jpeg,False,,1291,3032
IMG001934.jpeg,0,True,data\raw\images\IMG001934.jpeg,False,,1516,3032
IMG001935.jpeg,0,True,data\raw\images\IMG001935.jpeg,False,,2028,2084
IMG001936.jpeg,0,True,data\raw\images\IMG001936.jpeg,False,,2032,2132
IMG001937.jpeg,0,True,data\raw\images\IMG001937.jpeg,False,,2544,3056
IMG001938.jpeg,0,True,data\raw\images\IMG001938.jpeg,False,,3044,2812
IMG001939.jpeg,0,True,data\raw\images\IMG001939.jpeg,False,,2339,1140
IMG001940.jpeg,0,True,data\raw\images\IMG001940.jpeg,False,,2318,1017
IMG001941.jpeg,0,True,data\raw\images\IMG001941.jpeg,False,,2544,3056
IMG001942.jpeg,0,True,data\raw\images\IMG001942.jpeg,False,,2544,3056
IMG001943.jpeg,0,True,data\raw\images\IMG001943.jpeg,False,,2544,3056
IMG001944.jpeg,0,True,data\raw\images\IMG001944.jpeg,False,,1250,1250
IMG001945.jpeg,0,True,data\raw\images\IMG001945.jpeg,False,,1250,1250
IMG001946.jpeg,0,True,data\raw\images\IMG001946.jpeg,False,,1278,3032
IMG001947.jpeg,0,True,data\raw\images\IMG001947.jpeg,False,,1267,3032
IMG001948.jpeg,0,True,data\raw\images\IMG001948.jpeg,False,,1740,2352
IMG001949.jpeg,0,True,data\raw\images\IMG001949.jpeg,False,,1576,2020
IMG001950.jpeg,0,True,data\raw\images\IMG001950.jpeg,False,,1580,2016
IMG001951.jpeg,0,True,data\raw\images\IMG001951.jpeg,False,,2230,2493
IMG001952.jpeg,0,True,data\raw\images\IMG001952.jpeg,False,,2116,2700
IMG001953.jpeg,0,True,data\raw\images\IMG001953.jpeg,False,,2268,2892
IMG001954.jpeg,0,True,data\raw\images\IMG001954.jpeg,False,,2230,1369
IMG001955.jpeg,0,True,data\raw\images\IMG001955.jpeg,False,,2040,2404
IMG001956.jpeg,0,True,data\raw\images\IMG001956.jpeg,False,,2164,2236
IMG001957.jpeg,0,True,data\raw\images\IMG001957.jpeg,False,,1384,1952
IMG001958.jpeg,0,True,data\raw\images\IMG001958.jpeg,False,,1384,1956
IMG001959.jpeg,0,True,data\raw\images\IMG001959.jpeg,False,,3320,3408
IMG001960.jpeg,0,True,data\raw\images\IMG001960.jpeg,False,,2178,2041
IMG001961.jpeg,0,True,data\raw\images\IMG001961.jpeg,False,,1845,3032
IMG001962.jpeg,0,True,data\raw\images\IMG001962.jpeg,False,,1250,1398
IMG001963.jpeg,0,True,data\raw\images\IMG001963.jpeg,False,,2520,3032
IMG001964.jpeg,0,True,data\raw\images\IMG001964.jpeg,False,,1548,3032
IMG001965.jpeg,0,True,data\raw\images\IMG001965.jpeg,False,,1825,3032
IMG001966.jpeg,0,True,data\raw\images\IMG001966.jpeg,False,,1258,2562
IMG001967.jpeg,0,True,data\raw\images\IMG001967.jpeg,False,,2368,3032
IMG001968.jpeg,0,True,data\raw\images\IMG001968.jpeg,False,,1381,2588
IMG001969.jpeg,0,True,data\raw\images\IMG001969.jpeg,False,,1520,1799
IMG001970.jpeg,0,True,data\raw\images\IMG001970.jpeg,False,,1347,2504
IMG001971.jpeg,0,True,data\raw\images\IMG001971.jpeg,False,,1862,2361
IMG001972.jpeg,0,True,data\raw\images\IMG001972.jpeg,False,,1440,1730
IMG001973.jpeg,0,True,data\raw\images\IMG001973.jpeg,False,,1717,2797
IMG001974.jpeg,0,True,data\raw\images\IMG001974.jpeg,False,,2274,2469
IMG001975.jpeg,0,True,data\raw\images\IMG001975.jpeg,False,,1769,2788
IMG001976.jpeg,0,True,data\raw\images\IMG001976.jpeg,False,,2321,2182
IMG001977.jpeg,0,True,data\raw\images\IMG001977.jpeg,False,,2100,2609
IMG001978.jpeg,0,True,data\raw\images\IMG001978.jpeg,False,,2305,2865
IMG001979.jpeg,0,True,data\raw\images\IMG001979.jpeg,False,,2043,1896
IMG001980.jpeg,0,True,data\raw\images\IMG001980.jpeg,False,,1937,2178
IMG001981.jpeg,0,True,data\raw\images\IMG001981.jpeg,False,,2030,3032
IMG001982.jpeg,0,True,data\raw\images\IMG001982.jpeg,False,,1883,3032
IMG001983.jpeg,0,True,data\raw\images\IMG001983.jpeg,False,,2040,3032
IMG001984.jpeg,0,True,data\raw\images\IMG001984.jpeg,False,,2414,3032
IMG001985.jpeg,0,True,data\raw\images\IMG001985.jpeg,False,,1316,1592
IMG001986.jpeg,0,True,data\raw\images\IMG001986.jpeg,False,,2272,1636
IMG001987.jpeg,0,True,data\raw\images\IMG001987.jpeg,False,,1864,1492
IMG001988.jpeg,0,True,data\raw\images\IMG001988.jpeg,False,,1856,1927
IMG001989.jpeg,0,True,data\raw\images\IMG001989.jpeg,False,,2194,1261
IMG001990.jpeg,0,True,data\raw\images\IMG001990.jpeg,False,,1768,902
IMG001991.jpeg,0,True,data\raw\images\IMG001991.jpeg,False,,1984,1573
IMG001992.jpeg,0,True,data\raw\images\IMG001992.jpeg,False,,1792,1023
IMG001993.jpeg,0,True,data\raw\images\IMG001993.jpeg,False,,1480,1995
IMG001994.jpeg,0,True,data\raw\images\IMG001994.jpeg,False,,2018,1997
IMG001995.jpeg,0,True,data\raw\images\IMG001995.jpeg,False,,1701,3408
IMG001996.jpeg,0,True,data\raw\images\IMG001996.jpeg,False,,2544,3056
IMG001997.jpeg,0,True,data\raw\images\IMG001997.jpeg,False,,2544,3056
IMG001998.jpeg,0,True,data\raw\images\IMG001998.jpeg,False,,2544,3056
IMG001999.jpeg,0,True,data\raw\images\IMG001999.jpeg,False,,1833,2866
IMG002000.jpeg,0,True,data\raw\images\IMG002000.jpeg,False,,2535,2780
IMG002001.jpeg,0,True,data\raw\images\IMG002001.jpeg,False,,2544,3056
IMG002002.jpeg,0,True,data\raw\images\IMG002002.jpeg,False,,2544,3056
IMG002003.jpeg,0,True,data\raw\images\IMG002003.jpeg,False,,2544,3056
IMG002004.jpeg,0,True,data\raw\images\IMG002004.jpeg,False,,2544,3056
IMG002005.jpeg,0,True,data\raw\images\IMG002005.jpeg,False,,2544,3056
IMG002006.jpeg,0,True,data\raw\images\IMG002006.jpeg,False,,2544,3056
IMG002007.jpeg,0,True,data\raw\images\IMG002007.jpeg,False,,2544,3056
IMG002008.jpeg,0,True,data\raw\images\IMG002008.jpeg,False,,2367,1632
IMG002009.jpeg,0,True,data\raw\images\IMG002009.jpeg,False,,2830,1533
IMG002010.jpeg,0,True,data\raw\images\IMG002010.jpeg,False,,2218,1373
IMG002011.jpeg,0,True,data\raw\images\IMG002011.jpeg,False,,3032,2332
IMG002012.jpeg,0,True,data\raw\images\IMG002012.jpeg,False,,2384,1250
IMG002013.jpeg,0,True,data\raw\images\IMG002013.jpeg,False,,3032,2332
IMG002014.jpeg,0,True,data\raw\images\IMG002014.jpeg,False,,1443,1685
IMG002015.jpeg,0,True,data\raw\images\IMG002015.jpeg,False,,1472,1576
IMG002016.jpeg,0,True,data\raw\images\IMG002016.jpeg,False,,1559,2055
IMG002017.jpeg,0,True,data\raw\images\IMG002017.jpeg,False,,1750,2264
IMG002018.jpeg,0,True,data\raw\images\IMG002018.jpeg,False,,1951,3032
IMG002019.jpeg,0,True,data\raw\images\IMG002019.jpeg,False,,2125,2933
IMG002020.jpeg,0,True,data\raw\images\IMG002020.jpeg,False,,2484,3032
IMG002021.jpeg,0,True,data\raw\images\IMG002021.jpeg,False,,1688,3408
IMG002022.jpeg,0,True,data\raw\images\IMG002022.jpeg,False,,2115,3408
IMG002023.jpeg,0,True,data\raw\images\IMG002023.jpeg,False,,1289,3408
IMG002024.jpeg,0,True,data\raw\images\IMG002024.jpeg,False,,1218,2167
IMG002025.jpeg,0,True,data\raw\images\IMG002025.jpeg,False,,1737,1928
IMG002026.jpeg,0,True,data\raw\images\IMG002026.jpeg,False,,1626,2290
IMG002027.jpeg,0,True,data\raw\images\IMG002027.jpeg,False,,1591,2720
IMG002028.jpeg,0,True,data\raw\images\IMG002028.jpeg,False,,3056,2544
IMG002029.jpeg,0,True,data\raw\images\IMG002029.jpeg,False,,2544,3056
IMG002030.jpeg,0,True,data\raw\images\IMG002030.jpeg,False,,1740,1250
IMG002031.jpeg,0,True,data\raw\images\IMG002031.jpeg,False,,1552,2328
IMG002032.jpeg,0,True,data\raw\images\IMG002032.jpeg,False,,1876,2588
IMG002033.jpeg,0,True,data\raw\images\IMG002033.jpeg,False,,1872,3032
IMG002034.jpeg,0,True,data\raw\images\IMG002034.jpeg,False,,1932,3032
IMG002035.jpeg,0,True,data\raw\images\IMG002035.jpeg,False,,2070,1955
IMG002036.jpeg,0,True,data\raw\images\IMG002036.jpeg,False,,2700,1892
IMG002037.jpeg,0,True,data\raw\images\IMG002037.jpeg,False,,2181,1567
IMG002038.jpeg,0,True,data\raw\images\IMG002038.jpeg,False,,2457,1493
IMG002039.jpeg,0,True,data\raw\images\IMG002039.jpeg,False,,2347,1307
IMG002040.jpeg,0,True,data\raw\images\IMG002040.jpeg,False,,2544,3056
IMG002041.jpeg,0,True,data\raw\images\IMG002041.jpeg,False,,2544,3056
IMG002042.jpeg,0,True,data\raw\images\IMG002042.jpeg,False,,2544,3056
IMG002043.jpeg,0,True,data\raw\images\IMG002043.jpeg,False,,2544,3056
IMG002044.jpeg,0,True,data\raw\images\IMG002044.jpeg,False,,2544,3056
IMG002045.jpeg,0,True,data\raw\images\IMG002045.jpeg,False,,2520,2110
IMG002046.jpeg,0,True,data\raw\images\IMG002046.jpeg,False,,2520,2077
IMG002047.jpeg,0,True,data\raw\images\IMG002047.jpeg,False,,2544,3056
IMG002048.jpeg,0,True,data\raw\images\IMG002048.jpeg,False,,1537,1483
IMG002049.jpeg,0,True,data\raw\images\IMG002049.jpeg,False,,1667,1302
IMG002050.jpeg,0,True,data\raw\images\IMG002050.jpeg,False,,2352,1705
IMG002051.jpeg,0,True,data\raw\images\IMG002051.jpeg,False,,1379,1838
IMG002052.jpeg,0,True,data\raw\images\IMG002052.jpeg,False,,2640,1490
IMG002053.jpeg,0,True,data\raw\images\IMG002053.jpeg,False,,1503,1754
IMG002054.jpeg,0,True,data\raw\images\IMG002054.jpeg,False,,1613,1446
IMG002055.jpeg,0,True,data\raw\images\IMG002055.jpeg,False,,2206,1777
IMG002056.jpeg,0,True,data\raw\images\IMG002056.jpeg,False,,1913,3408
IMG002057.jpeg,0,True,data\raw\images\IMG002057.jpeg,False,,1486,2539
IMG002058.jpeg,0,True,data\raw\images\IMG002058.jpeg,False,,1619,3408
IMG002059.jpeg,0,True,data\raw\images\IMG002059.jpeg,False,,2269,1143
IMG002060.jpeg,0,True,data\raw\images\IMG002060.jpeg,False,,1700,3408
IMG002061.jpeg,0,True,data\raw\images\IMG002061.jpeg,False,,1863,3408
IMG002062.jpeg,0,True,data\raw\images\IMG002062.jpeg,False,,2268,3408
IMG002063.jpeg,0,True,data\raw\images\IMG002063.jpeg,False,,2037,3028
IMG002064.jpeg,0,True,data\raw\images\IMG002064.jpeg,False,,1842,3408
IMG002065.jpeg,0,True,data\raw\images\IMG002065.jpeg,False,,2544,3056
IMG002066.jpeg,0,True,data\raw\images\IMG002066.jpeg,False,,2544,3056
IMG002067.jpeg,0,True,data\raw\images\IMG002067.jpeg,False,,2544,3056
IMG002068.jpeg,0,True,data\raw\images\IMG002068.jpeg,False,,2544,3056
IMG002069.jpeg,0,True,data\raw\images\IMG002069.jpeg,False,,2544,3056
IMG002070.jpeg,0,True,data\raw\images\IMG002070.jpeg,False,,2544,3056
IMG002071.jpeg,0,True,data\raw\images\IMG002071.jpeg,False,,2520,2308
IMG002072.jpeg,0,True,data\raw\images\IMG002072.jpeg,False,,2520,2296
IMG002073.jpeg,0,True,data\raw\images\IMG002073.jpeg,False,,1250,2180
IMG002074.jpeg,0,True,data\raw\images\IMG002074.jpeg,False,,1432,2176
IMG002075.jpeg,0,True,data\raw\images\IMG002075.jpeg,False,,1250,2312
IMG002076.jpeg,0,True,data\raw\images\IMG002076.jpeg,False,,1250,2312
IMG002077.jpeg,0,True,data\raw\images\IMG002077.jpeg,False,,3304,3105
IMG002078.jpeg,0,True,data\raw\images\IMG002078.jpeg,False,,2311,3408
IMG002079.jpeg,0,True,data\raw\images\IMG002079.jpeg,False,,1777,3408
IMG002080.jpeg,0,True,data\raw\images\IMG002080.jpeg,False,,2052,3408
IMG002081.jpeg,0,True,data\raw\images\IMG002081.jpeg,False,,2348,3056
IMG002082.jpeg,0,True,data\raw\images\IMG002082.jpeg,False,,2072,3056
IMG002083.jpeg,0,True,data\raw\images\IMG002083.jpeg,False,,1598,2554
IMG002084.jpeg,0,True,data\raw\images\IMG002084.jpeg,False,,2368,3056
IMG002085.jpeg,0,True,data\raw\images\IMG002085.jpeg,False,,1893,3032
IMG002086.jpeg,0,True,data\raw\images\IMG002086.jpeg,False,,2520,3032
IMG002087.jpeg,0,True,data\raw\images\IMG002087.jpeg,False,,1823,3032
IMG002088.jpeg,0,True,data\raw\images\IMG002088.jpeg,False,,2520,2899
IMG002089.jpeg,0,True,data\raw\images\IMG002089.jpeg,False,,1565,3032
IMG002090.jpeg,0,True,data\raw\images\IMG002090.jpeg,False,,2168,3032
IMG002091.jpeg,0,True,data\raw\images\IMG002091.jpeg,False,,1681,2432
IMG002092.jpeg,0,True,data\raw\images\IMG002092.jpeg,False,,1670,2524
IMG002093.jpeg,0,True,data\raw\images\IMG002093.jpeg,False,,2024,3009
IMG002094.jpeg,0,True,data\raw\images\IMG002094.jpeg,False,,1699,1831
IMG002095.jpeg,0,True,data\raw\images\IMG002095.jpeg,False,,1731,1647
IMG002096.jpeg,0,True,data\raw\images\IMG002096.jpeg,False,,1273,2057
IMG002097.jpeg,0,True,data\raw\images\IMG002097.jpeg,False,,2184,2903
IMG002098.jpeg,0,True,data\raw\images\IMG002098.jpeg,False,,2227,2899
IMG002099.jpeg,0,True,data\raw\images\IMG002099.jpeg,False,,1879,1546
IMG002100.jpeg,0,True,data\raw\images\IMG002100.jpeg,False,,1256,1835
IMG002101.jpeg,0,True,data\raw\images\IMG002101.jpeg,False,,1364,1690
IMG002102.jpeg,0,True,data\raw\images\IMG002102.jpeg,False,,1696,2016
IMG002103.jpeg,0,True,data\raw\images\IMG002103.jpeg,False,,1933,2009
IMG002104.jpeg,0,True,data\raw\images\IMG002104.jpeg,False,,1726,1283
IMG002105.jpeg,0,True,data\raw\images\IMG002105.jpeg,False,,1575,2282
IMG002106.jpeg,0,True,data\raw\images\IMG002106.jpeg,False,,1539,2353
IMG002107.jpeg,0,True,data\raw\images\IMG002107.jpeg,False,,2128,2628
IMG002108.jpeg,0,True,data\raw\images\IMG002108.jpeg,False,,2128,2628
IMG002109.jpeg,0,True,data\raw\images\IMG002109.jpeg,False,,1255,2030
IMG002110.jpeg,0,True,data\raw\images\IMG002110.jpeg,False,,821,1909
IMG002111.jpeg,0,True,data\raw\images\IMG002111.jpeg,False,,1713,2135
IMG002112.jpeg,0,True,data\raw\images\IMG002112.jpeg,False,,1984,2205
IMG002113.jpeg,0,True,data\raw\images\IMG002113.jpeg,False,,1353,2148
IMG002114.jpeg,0,True,data\raw\images\IMG002114.jpeg,False,,1751,1851
IMG002115.jpeg,0,True,data\raw\images\IMG002115.jpeg,False,,1520,1767
IMG002116.jpeg,0,True,data\raw\images\IMG002116.jpeg,False,,1649,1259
IMG002117.jpeg,0,True,data\raw\images\IMG002117.jpeg,False,,1865,2523
IMG002118.jpeg,0,True,data\raw\images\IMG002118.jpeg,False,,1943,2580
IMG002119.jpeg,0,True,data\raw\images\IMG002119.jpeg,False,,1915,2513
IMG002120.jpeg,0,True,data\raw\images\IMG002120.jpeg,False,,2230,2629
IMG002121.jpeg,0,True,data\raw\images\IMG002121.jpeg,False,,1663,2769
IMG002122.jpeg,0,True,data\raw\images\IMG002122.jpeg,False,,1286,3334
IMG002123.jpeg,0,True,data\raw\images\IMG002123.jpeg,False,,1730,3337
IMG002124.jpeg,0,True,data\raw\images\IMG002124.jpeg,False,,1641,2333
IMG002125.jpeg,0,True,data\raw\images\IMG002125.jpeg,False,,3032,2520
IMG002126.jpeg,0,True,data\raw\images\IMG002126.jpeg,False,,2520,3032
IMG002127.jpeg,0,True,data\raw\images\IMG002127.jpeg,False,,1822,3032
IMG002128.jpeg,0,True,data\raw\images\IMG002128.jpeg,False,,2404,3032
IMG002129.jpeg,0,True,data\raw\images\IMG002129.jpeg,False,,2520,3032
IMG002130.jpeg,0,True,data\raw\images\IMG002130.jpeg,False,,2070,3032
IMG002131.jpeg,0,True,data\raw\images\IMG002131.jpeg,False,,2151,3032
IMG002132.jpeg,0,True,data\raw\images\IMG002132.jpeg,False,,2051,3032
IMG002133.jpeg,0,True,data\raw\images\IMG002133.jpeg,False,,2323,3032
IMG002134.jpeg,0,True,data\raw\images\IMG002134.jpeg,False,,2091,3032
IMG002135.jpeg,0,True,data\raw\images\IMG002135.jpeg,False,,2236,3032
IMG002136.jpeg,0,True,data\raw\images\IMG002136.jpeg,False,,1496,2527
IMG002137.jpeg,0,True,data\raw\images\IMG002137.jpeg,False,,1609,2163
IMG002138.jpeg,0,True,data\raw\images\IMG002138.jpeg,False,,1672,2604
IMG002139.jpeg,0,True,data\raw\images\IMG002139.jpeg,False,,1544,1250
IMG002140.jpeg,0,True,data\raw\images\IMG002140.jpeg,False,,1250,1250
IMG002141.jpeg,0,True,data\raw\images\IMG002141.jpeg,False,,1250,1250
IMG002142.jpeg,0,True,data\raw\images\IMG002142.jpeg,False,,1250,1664
IMG002143.jpeg,0,True,data\raw\images\IMG002143.jpeg,False,,1250,1656
IMG002144.jpeg,0,True,data\raw\images\IMG002144.jpeg,False,,2520,2607
IMG002145.jpeg,0,True,data\raw\images\IMG002145.jpeg,False,,1709,3032
IMG002146.jpeg,0,True,data\raw\images\IMG002146.jpeg,False,,1134,1316
IMG002147.jpeg,0,True,data\raw\images\IMG002147.jpeg,False,,1815,3032
IMG002148.jpeg,0,True,data\raw\images\IMG002148.jpeg,False,,1186,1473
IMG002149.jpeg,0,True,data\raw\images\IMG002149.jpeg,False,,1711,3032
IMG002150.jpeg,0,True,data\raw\images\IMG002150.jpeg,False,,1122,2412
IMG002151.jpeg,0,True,data\raw\images\IMG002151.jpeg,False,,1722,3032
IMG002152.jpeg,0,True,data\raw\images\IMG002152.jpeg,False,,767,1717
IMG002153.jpeg,0,True,data\raw\images\IMG002153.jpeg,False,,1106,2549
IMG002154.jpeg,0,True,data\raw\images\IMG002154.jpeg,False,,1168,3296
IMG002155.jpeg,0,True,data\raw\images\IMG002155.jpeg,False,,2520,2499
IMG002156.jpeg,0,True,data\raw\images\IMG002156.jpeg,False,,1304,3296
IMG002157.jpeg,0,True,data\raw\images\IMG002157.jpeg,False,,2253,3408
IMG002158.jpeg,0,True,data\raw\images\IMG002158.jpeg,False,,2605,3346
IMG002159.jpeg,0,True,data\raw\images\IMG002159.jpeg,False,,2474,2363
IMG002160.jpeg,0,True,data\raw\images\IMG002160.jpeg,False,,2462,2271
IMG002161.jpeg,0,True,data\raw\images\IMG002161.jpeg,False,,1696,3032
IMG002162.jpeg,0,True,data\raw\images\IMG002162.jpeg,False,,2024,3032
IMG002163.jpeg,0,True,data\raw\images\IMG002163.jpeg,False,,1912,2159
IMG002164.jpeg,0,True,data\raw\images\IMG002164.jpeg,False,,1491,2004
IMG002165.jpeg,0,True,data\raw\images\IMG002165.jpeg,False,,1474,1912
IMG002166.jpeg,0,True,data\raw\images\IMG002166.jpeg,False,,1740,2352
IMG002167.jpeg,0,True,data\raw\images\IMG002167.jpeg,False,,2230,2493
IMG002168.jpeg,0,True,data\raw\images\IMG002168.jpeg,False,,2116,2700
IMG002169.jpeg,0,True,data\raw\images\IMG002169.jpeg,False,,2268,2892
IMG002170.jpeg,0,True,data\raw\images\IMG002170.jpeg,False,,2230,1369
IMG002171.jpeg,0,True,data\raw\images\IMG002171.jpeg,False,,2040,2404
IMG002172.jpeg,0,True,data\raw\images\IMG002172.jpeg,False,,2164,2236
IMG002173.jpeg,0,True,data\raw\images\IMG002173.jpeg,False,,1580,2016
IMG002174.jpeg,0,True,data\raw\images\IMG002174.jpeg,False,,1838,2684
IMG002175.jpeg,0,True,data\raw\images\IMG002175.jpeg,False,,3032,2520
IMG002176.jpeg,0,True,data\raw\images\IMG002176.jpeg,False,,1944,2520
IMG002177.jpeg,0,True,data\raw\images\IMG002177.jpeg,False,,1656,2069
IMG002178.jpeg,0,True,data\raw\images\IMG002178.jpeg,False,,1850,2032
IMG002179.jpeg,0,True,data\raw\images\IMG002179.jpeg,False,,2161,2520
IMG002180.jpeg,0,True,data\raw\images\IMG002180.jpeg,False,,1624,2754
IMG002181.jpeg,0,True,data\raw\images\IMG002181.jpeg,False,,1466,2598
IMG002182.jpeg,0,True,data\raw\images\IMG002182.jpeg,False,,1536,1437
IMG002183.jpeg,0,True,data\raw\images\IMG002183.jpeg,False,,3032,2520
IMG002184.jpeg,0,True,data\raw\images\IMG002184.jpeg,False,,1840,2274
IMG002185.jpeg,0,True,data\raw\images\IMG002185.jpeg,False,,2032,2122
IMG002186.jpeg,0,True,data\raw\images\IMG002186.jpeg,False,,1893,2081
IMG002187.jpeg,0,True,data\raw\images\IMG002187.jpeg,False,,2390,2335
IMG002188.jpeg,0,True,data\raw\images\IMG002188.jpeg,False,,1686,2078
IMG002189.jpeg,0,True,data\raw\images\IMG002189.jpeg,False,,1934,1915
IMG002190.jpeg,0,True,data\raw\images\IMG002190.jpeg,False,,2064,3032
IMG002191.jpeg,0,True,data\raw\images\IMG002191.jpeg,False,,1712,2980
IMG002192.jpeg,0,True,data\raw\images\IMG002192.jpeg,False,,1476,2937
IMG002193.jpeg,0,True,data\raw\images\IMG002193.jpeg,False,,1350,1567
IMG002194.jpeg,0,True,data\raw\images\IMG002194.jpeg,False,,3032,2236
IMG002195.jpeg,0,True,data\raw\images\IMG002195.jpeg,False,,2216,3032
IMG002196.jpeg,0,True,data\raw\images\IMG002196.jpeg,False,,1708,2992
IMG002197.jpeg,0,True,data\raw\images\IMG002197.jpeg,False,,2164,3032
IMG002198.jpeg,0,True,data\raw\images\IMG002198.jpeg,False,,1830,2299
IMG002199.jpeg,0,True,data\raw\images\IMG002199.jpeg,False,,2046,2259
IMG002200.jpeg,0,True,data\raw\images\IMG002200.jpeg,False,,2172,2884
IMG002201.jpeg,0,True,data\raw\images\IMG002201.jpeg,False,,1612,2024
IMG002202.jpeg,0,True,data\raw\images\IMG002202.jpeg,False,,2448,3032
IMG002203.jpeg,0,True,data\raw\images\IMG002203.jpeg,False,,1577,2147
IMG002204.jpeg,0,True,data\raw\images\IMG002204.jpeg,False,,1397,3032
IMG002205.jpeg,0,True,data\raw\images\IMG002205.jpeg,False,,1532,2113
IMG002206.jpeg,0,True,data\raw\images\IMG002206.jpeg,False,,3032,2520
IMG002207.jpeg,0,True,data\raw\images\IMG002207.jpeg,False,,1731,3032
IMG002208.jpeg,0,True,data\raw\images\IMG002208.jpeg,False,,2031,3004
IMG002209.jpeg,0,True,data\raw\images\IMG002209.jpeg,False,,2520,3032
IMG002210.jpeg,0,True,data\raw\images\IMG002210.jpeg,False,,2421,2765
IMG002211.jpeg,0,True,data\raw\images\IMG002211.jpeg,False,,2101,3032
IMG002212.jpeg,0,True,data\raw\images\IMG002212.jpeg,False,,2164,3032
IMG002213.jpeg,0,True,data\raw\images\IMG002213.jpeg,False,,1493,2677
IMG002214.jpeg,0,True,data\raw\images\IMG002214.jpeg,False,,2520,3032
IMG002215.jpeg,0,True,data\raw\images\IMG002215.jpeg,False,,1680,2436
IMG002216.jpeg,0,True,data\raw\images\IMG002216.jpeg,False,,2030,3032
IMG002217.jpeg,0,True,data\raw\images\IMG002217.jpeg,False,,1846,2784
IMG002218.jpeg,0,True,data\raw\images\IMG002218.jpeg,False,,1572,3032
IMG002219.jpeg,0,True,data\raw\images\IMG002219.jpeg,False,,2520,3032
IMG002220.jpeg,0,True,data\raw\images\IMG002220.jpeg,False,,1585,2070
IMG002221.jpeg,0,True,data\raw\images\IMG002221.jpeg,False,,1279,1941
IMG002222.jpeg,0,True,data\raw\images\IMG002222.jpeg,False,,1465,1882
IMG002223.jpeg,0,True,data\raw\images\IMG002223.jpeg,False,,1199,1579
IMG002224.jpeg,0,True,data\raw\images\IMG002224.jpeg,False,,2124,3032
IMG002225.jpeg,0,True,data\raw\images\IMG002225.jpeg,False,,1722,3032
IMG002226.jpeg,0,True,data\raw\images\IMG002226.jpeg,False,,1756,3032
IMG002227.jpeg,0,True,data\raw\images\IMG002227.jpeg,False,,1829,2655
IMG002228.jpeg,0,True,data\raw\images\IMG002228.jpeg,False,,1621,2160
IMG002229.jpeg,0,True,data\raw\images\IMG002229.jpeg,False,,1250,2925
IMG002230.jpeg,0,True,data\raw\images\IMG002230.jpeg,False,,1448,2581
IMG002231.jpeg,0,True,data\raw\images\IMG002231.jpeg,False,,1250,1556
IMG002232.jpeg,0,True,data\raw\images\IMG002232.jpeg,False,,1250,1618
IMG002233.jpeg,0,True,data\raw\images\IMG002233.jpeg,False,,2520,3032
IMG002234.jpeg,0,True,data\raw\images\IMG002234.jpeg,False,,1944,2474
IMG002235.jpeg,0,True,data\raw\images\IMG002235.jpeg,False,,2463,1845
IMG002236.jpeg,0,True,data\raw\images\IMG002236.jpeg,False,,2589,2095
IMG002237.jpeg,0,True,data\raw\images\IMG002237.jpeg,False,,2067,2923
IMG002238.jpeg,0,True,data\raw\images\IMG002238.jpeg,False,,1811,2120
IMG002239.jpeg,0,True,data\raw\images\IMG002239.jpeg,False,,2135,2262
IMG002240.jpeg,0,True,data\raw\images\IMG002240.jpeg,False,,1605,2454
IMG002241.jpeg,0,True,data\raw\images\IMG002241.jpeg,False,,1805,2454
IMG002242.jpeg,0,True,data\raw\images\IMG002242.jpeg,False,,2190,2599
IMG002243.jpeg,0,True,data\raw\images\IMG002243.jpeg,False,,2340,2151
IMG002244.jpeg,0,True,data\raw\images\IMG002244.jpeg,False,,2422,2193
IMG002245.jpeg,0,True,data\raw\images\IMG002245.jpeg,False,,1839,1774
IMG002246.jpeg,0,True,data\raw\images\IMG002246.jpeg,False,,1673,1877
IMG002247.jpeg,0,True,data\raw\images\IMG002247.jpeg,False,,1579,1968
IMG002248.jpeg,0,True,data\raw\images\IMG002248.jpeg,False,,1934,1875
IMG002249.jpeg,0,True,data\raw\images\IMG002249.jpeg,False,,2287,2213
IMG002250.jpeg,0,True,data\raw\images\IMG002250.jpeg,False,,2216,3032
IMG002251.jpeg,0,True,data\raw\images\IMG002251.jpeg,False,,2111,3032
IMG002252.jpeg,0,True,data\raw\images\IMG002252.jpeg,False,,1938,3032
IMG002253.jpeg,0,True,data\raw\images\IMG002253.jpeg,False,,1934,3032
IMG002254.jpeg,0,True,data\raw\images\IMG002254.jpeg,False,,2083,3032
IMG002255.jpeg,0,True,data\raw\images\IMG002255.jpeg,False,,2180,3032
IMG002256.jpeg,0,True,data\raw\images\IMG002256.jpeg,False,,2011,2359
IMG002257.jpeg,0,True,data\raw\images\IMG002257.jpeg,False,,1997,2395
IMG002258.jpeg,0,True,data\raw\images\IMG002258.jpeg,False,,1721,2162
IMG002259.jpeg,0,True,data\raw\images\IMG002259.jpeg,False,,1841,2138
IMG002260.jpeg,0,True,data\raw\images\IMG002260.jpeg,False,,2304,3032
IMG002261.jpeg,0,True,data\raw\images\IMG002261.jpeg,False,,2447,1879
IMG002262.jpeg,0,True,data\raw\images\IMG002262.jpeg,False,,2368,1734
IMG002263.jpeg,0,True,data\raw\images\IMG002263.jpeg,False,,1985,2178
IMG002264.jpeg,0,True,data\raw\images\IMG002264.jpeg,False,,2256,1829
IMG002265.jpeg,0,True,data\raw\images\IMG002265.jpeg,False,,1975,3408
IMG002266.jpeg,0,True,data\raw\images\IMG002266.jpeg,False,,2049,3408
IMG002267.jpeg,0,True,data\raw\images\IMG002267.jpeg,False,,1538,3032
IMG002268.jpeg,0,True,data\raw\images\IMG002268.jpeg,False,,1861,3047
IMG002269.jpeg,0,True,data\raw\images\IMG002269.jpeg,False,,1630,3032
IMG002270.jpeg,0,True,data\raw\images\IMG002270.jpeg,False,,1917,3047
IMG002271.jpeg,0,True,data\raw\images\IMG002271.jpeg,False,,1606,2905
IMG002272.jpeg,0,True,data\raw\images\IMG002272.jpeg,False,,1341,1797
IMG002273.jpeg,0,True,data\raw\images\IMG002273.jpeg,False,,1788,3032
IMG002274.jpeg,0,True,data\raw\images\IMG002274.jpeg,False,,1584,2016
IMG002275.jpeg,0,True,data\raw\images\IMG002275.jpeg,False,,1996,2280
IMG002276.jpeg,0,True,data\raw\images\IMG002276.jpeg,False,,1345,1953
IMG002277.jpeg,0,True,data\raw\images\IMG002277.jpeg,False,,2408,3032
IMG002278.jpeg,0,True,data\raw\images\IMG002278.jpeg,False,,1335,1872
IMG002279.jpeg,0,True,data\raw\images\IMG002279.jpeg,False,,2344,3408
IMG002280.jpeg,0,True,data\raw\images\IMG002280.jpeg,False,,1579,1927
IMG002281.jpeg,0,True,data\raw\images\IMG002281.jpeg,False,,2352,3408
IMG002282.jpeg,0,True,data\raw\images\IMG002282.jpeg,False,,1328,1319
IMG002283.jpeg,0,True,data\raw\images\IMG002283.jpeg,False,,2044,3032
IMG002284.jpeg,0,True,data\raw\images\IMG002284.jpeg,False,,1559,3032
IMG002285.jpeg,0,True,data\raw\images\IMG002285.jpeg,False,,2215,3010
IMG002286.jpeg,0,True,data\raw\images\IMG002286.jpeg,False,,1495,3032
IMG002287.jpeg,0,True,data\raw\images\IMG002287.jpeg,False,,1644,3032
IMG002288.jpeg,0,True,data\raw\images\IMG002288.jpeg,False,,1424,3032
IMG002289.jpeg,0,True,data\raw\images\IMG002289.jpeg,False,,2520,3032
IMG002290.jpeg,0,True,data\raw\images\IMG002290.jpeg,False,,1692,3032
IMG002291.jpeg,0,True,data\raw\images\IMG002291.jpeg,False,,1628,3032
IMG002292.jpeg,0,True,data\raw\images\IMG002292.jpeg,False,,1625,3011
IMG002293.jpeg,0,True,data\raw\images\IMG002293.jpeg,False,,2368,3032
IMG002294.jpeg,0,True,data\raw\images\IMG002294.jpeg,False,,1250,2800
IMG002295.jpeg,0,True,data\raw\images\IMG002295.jpeg,False,,1250,2796
IMG002296.jpeg,0,True,data\raw\images\IMG002296.jpeg,False,,2180,3032
IMG002297.jpeg,0,True,data\raw\images\IMG002297.jpeg,False,,1252,3244
IMG002298.jpeg,0,True,data\raw\images\IMG002298.jpeg,False,,2520,2892
IMG002299.jpeg,0,True,data\raw\images\IMG002299.jpeg,False,,2560,3408
IMG002300.jpeg,0,True,data\raw\images\IMG002300.jpeg,False,,1230,2834
IMG002301.jpeg,0,True,data\raw\images\IMG002301.jpeg,False,,2544,3408
IMG002302.jpeg,0,True,data\raw\images\IMG002302.jpeg,False,,1934,3032
IMG002303.jpeg,0,True,data\raw\images\IMG002303.jpeg,False,,1812,2020
IMG002304.jpeg,0,True,data\raw\images\IMG002304.jpeg,False,,1663,2004
IMG002305.jpeg,0,True,data\raw\images\IMG002305.jpeg,False,,1912,3032
IMG002306.jpeg,0,True,data\raw\images\IMG002306.jpeg,False,,1250,1542
IMG002307.jpeg,0,True,data\raw\images\IMG002307.jpeg,False,,1758,1761
IMG002308.jpeg,0,True,data\raw\images\IMG002308.jpeg,False,,1521,1933
IMG002309.jpeg,0,True,data\raw\images\IMG002309.jpeg,False,,2139,2231
IMG002310.jpeg,0,True,data\raw\images\IMG002310.jpeg,False,,1250,2520
IMG002311.jpeg,0,True,data\raw\images\IMG002311.jpeg,False,,1184,1079
IMG002312.jpeg,0,True,data\raw\images\IMG002312.jpeg,False,,1933,3032
IMG002313.jpeg,0,True,data\raw\images\IMG002313.jpeg,False,,2170,1972
IMG002314.jpeg,0,True,data\raw\images\IMG002314.jpeg,False,,1356,1772
IMG002315.jpeg,0,True,data\raw\images\IMG002315.jpeg,False,,1057,1363
IMG002316.jpeg,0,True,data\raw\images\IMG002316.jpeg,False,,2445,1250
IMG002317.jpeg,0,True,data\raw\images\IMG002317.jpeg,False,,1807,3031
IMG002318.jpeg,0,True,data\raw\images\IMG002318.jpeg,False,,2321,1843
IMG002319.jpeg,0,True,data\raw\images\IMG002319.jpeg,False,,1592,1568
IMG002320.jpeg,0,True,data\raw\images\IMG002320.jpeg,False,,2520,3032
IMG002321.jpeg,0,True,data\raw\images\IMG002321.jpeg,False,,2112,2688
IMG002322.jpeg,0,True,data\raw\images\IMG002322.jpeg,False,,2116,2688
IMG002323.jpeg,0,True,data\raw\images\IMG002323.jpeg,False,,1836,3032
IMG002324.jpeg,0,True,data\raw\images\IMG002324.jpeg,False,,2520,3032
IMG002325.jpeg,0,True,data\raw\images\IMG002325.jpeg,False,,1728,3032
IMG002326.jpeg,0,True,data\raw\images\IMG002326.jpeg,False,,2520,3032
IMG002327.jpeg,0,True,data\raw\images\IMG002327.jpeg,False,,2520,3032
IMG002328.jpeg,0,True,data\raw\images\IMG002328.jpeg,False,,2264,1874
IMG002329.jpeg,0,True,data\raw\images\IMG002329.jpeg,False,,1367,2869
IMG002330.jpeg,0,True,data\raw\images\IMG002330.jpeg,False,,1051,2815
IMG002331.jpeg,0,True,data\raw\images\IMG002331.jpeg,False,,2049,3384
IMG002332.jpeg,0,True,data\raw\images\IMG002332.jpeg,False,,1574,3032
IMG002333.jpeg,0,True,data\raw\images\IMG002333.jpeg,False,,1622,3032
IMG002334.jpeg,0,True,data\raw\images\IMG002334.jpeg,False,,1666,1307
IMG002335.jpeg,0,True,data\raw\images\IMG002335.jpeg,False,,1678,2120
IMG002336.jpeg,0,True,data\raw\images\IMG002336.jpeg,False,,1922,2166
IMG002337.jpeg,0,True,data\raw\images\IMG002337.jpeg,False,,2520,2293
IMG002338.jpeg,0,True,data\raw\images\IMG002338.jpeg,False,,1286,1452
IMG002339.jpeg,0,True,data\raw\images\IMG002339.jpeg,False,,1032,1369
IMG002340.jpeg,0,True,data\raw\images\IMG002340.jpeg,False,,2031,1759
IMG002341.jpeg,0,True,data\raw\images\IMG002341.jpeg,False,,1250,1492
IMG002342.jpeg,0,True,data\raw\images\IMG002342.jpeg,False,,2058,3112
IMG002343.jpeg,0,True,data\raw\images\IMG002343.jpeg,False,,1354,2679
IMG002344.jpeg,0,True,data\raw\images\IMG002344.jpeg,False,,1592,3032
IMG002345.jpeg,0,True,data\raw\images\IMG002345.jpeg,False,,1514,1250
IMG002346.jpeg,0,True,data\raw\images\IMG002346.jpeg,False,,1250,1355
IMG002347.jpeg,0,True,data\raw\images\IMG002347.jpeg,False,,1504,1250
IMG002348.jpeg,0,True,data\raw\images\IMG002348.jpeg,False,,1250,1529
IMG002349.jpeg,0,True,data\raw\images\IMG002349.jpeg,False,,2114,1250
IMG002350.jpeg,0,True,data\raw\images\IMG002350.jpeg,False,,1335,2565
IMG002351.jpeg,0,True,data\raw\images\IMG002351.jpeg,False,,1250,2418
IMG002352.jpeg,0,True,data\raw\images\IMG002352.jpeg,False,,2025,1250
IMG002353.jpeg,0,True,data\raw\images\IMG002353.jpeg,False,,1652,1250
IMG002354.jpeg,0,True,data\raw\images\IMG002354.jpeg,False,,1691,2626
IMG002355.jpeg,0,True,data\raw\images\IMG002355.jpeg,False,,1506,2599
IMG002356.jpeg,0,True,data\raw\images\IMG002356.jpeg,False,,1371,2661
IMG002357.jpeg,0,True,data\raw\images\IMG002357.jpeg,False,,1272,1517
IMG002358.jpeg,0,True,data\raw\images\IMG002358.jpeg,False,,1357,1254
IMG002359.jpeg,0,True,data\raw\images\IMG002359.jpeg,False,,1392,1835
IMG002360.jpeg,0,True,data\raw\images\IMG002360.jpeg,False,,1296,1741
IMG002361.jpeg,0,True,data\raw\images\IMG002361.jpeg,False,,2160,2316
IMG002362.jpeg,0,True,data\raw\images\IMG002362.jpeg,False,,1754,2228
IMG002363.jpeg,0,True,data\raw\images\IMG002363.jpeg,False,,1474,1713
IMG002364.jpeg,0,True,data\raw\images\IMG002364.jpeg,False,,1296,2280
IMG002365.jpeg,0,True,data\raw\images\IMG002365.jpeg,False,,949,1931
IMG002366.jpeg,0,True,data\raw\images\IMG002366.jpeg,False,,1256,2792
IMG002367.jpeg,0,True,data\raw\images\IMG002367.jpeg,False,,1415,1381
IMG002368.jpeg,0,True,data\raw\images\IMG002368.jpeg,False,,1403,2262
IMG002369.jpeg,0,True,data\raw\images\IMG002369.jpeg,False,,1288,3408
IMG002370.jpeg,0,True,data\raw\images\IMG002370.jpeg,False,,1440,3408
IMG002371.jpeg,0,True,data\raw\images\IMG002371.jpeg,False,,2436,3032
IMG002372.jpeg,0,True,data\raw\images\IMG002372.jpeg,False,,2520,2228
IMG002373.jpeg,0,True,data\raw\images\IMG002373.jpeg,False,,2520,2228
IMG002374.jpeg,0,True,data\raw\images\IMG002374.jpeg,False,,2082,2231
IMG002375.jpeg,0,True,data\raw\images\IMG002375.jpeg,False,,2132,3032
IMG002376.jpeg,0,True,data\raw\images\IMG002376.jpeg,False,,2132,3032
IMG002377.jpeg,0,True,data\raw\images\IMG002377.jpeg,False,,2132,3032
IMG002378.jpeg,0,True,data\raw\images\IMG002378.jpeg,False,,1912,1724
IMG002379.jpeg,0,True,data\raw\images\IMG002379.jpeg,False,,2228,2180
IMG002380.jpeg,0,True,data\raw\images\IMG002380.jpeg,False,,1770,3032
IMG002381.jpeg,0,True,data\raw\images\IMG002381.jpeg,False,,2153,3032
IMG002382.jpeg,0,True,data\raw\images\IMG002382.jpeg,False,,1465,2315
IMG002383.jpeg,0,True,data\raw\images\IMG002383.jpeg,False,,1329,3173
IMG002384.jpeg,0,True,data\raw\images\IMG002384.jpeg,False,,2372,2392
IMG002385.jpeg,0,True,data\raw\images\IMG002385.jpeg,False,,1709,2911
IMG002386.jpeg,0,True,data\raw\images\IMG002386.jpeg,False,,2372,2396
IMG002387.jpeg,0,True,data\raw\images\IMG002387.jpeg,False,,1177,1904
IMG002388.jpeg,0,True,data\raw\images\IMG002388.jpeg,False,,1548,1773
IMG002389.jpeg,0,True,data\raw\images\IMG002389.jpeg,False,,1054,1604
IMG002390.jpeg,0,True,data\raw\images\IMG002390.jpeg,False,,1332,1471
IMG002391.jpeg,0,True,data\raw\images\IMG002391.jpeg,False,,1250,1721
IMG002392.jpeg,0,True,data\raw\images\IMG002392.jpeg,False,,1250,1972
IMG002393.jpeg,0,True,data\raw\images\IMG002393.jpeg,False,,1409,1137
IMG002394.jpeg,0,True,data\raw\images\IMG002394.jpeg,False,,1459,1539
IMG002395.jpeg,0,True,data\raw\images\IMG002395.jpeg,False,,1632,2378
IMG002396.jpeg,0,True,data\raw\images\IMG002396.jpeg,False,,1250,1432
IMG002397.jpeg,0,True,data\raw\images\IMG002397.jpeg,False,,1273,1564
IMG002398.jpeg,0,True,data\raw\images\IMG002398.jpeg,False,,1250,1250
IMG002399.jpeg,0,True,data\raw\images\IMG002399.jpeg,False,,682,439
IMG002400.jpeg,0,True,data\raw\images\IMG002400.jpeg,False,,1250,1414
IMG002401.jpeg,0,True,data\raw\images\IMG002401.jpeg,False,,1868,3032
IMG002402.jpeg,0,True,data\raw\images\IMG002402.jpeg,False,,1435,3032
IMG002403.jpeg,0,True,data\raw\images\IMG002403.jpeg,False,,1508,3032
IMG002404.jpeg,0,True,data\raw\images\IMG002404.jpeg,False,,2520,3032
IMG002405.jpeg,0,True,data\raw\images\IMG002405.jpeg,False,,2016,2909
IMG002406.jpeg,0,True,data\raw\images\IMG002406.jpeg,False,,1928,1824
IMG002407.jpeg,0,True,data\raw\images\IMG002407.jpeg,False,,1928,2848
IMG002408.jpeg,0,True,data\raw\images\IMG002408.jpeg,False,,1928,2840
IMG002409.jpeg,0,True,data\raw\images\IMG002409.jpeg,False,,2384,2572
IMG002410.jpeg,0,True,data\raw\images\IMG002410.jpeg,False,,2384,2580
IMG002411.jpeg,0,True,data\raw\images\IMG002411.jpeg,False,,1876,2280
IMG002412.jpeg,0,True,data\raw\images\IMG002412.jpeg,False,,2012,2624
IMG002413.jpeg,0,True,data\raw\images\IMG002413.jpeg,False,,2012,3032
IMG002414.jpeg,0,True,data\raw\images\IMG002414.jpeg,False,,2008,3032
IMG002415.jpeg,0,True,data\raw\images\IMG002415.jpeg,False,,1426,3032
IMG002416.jpeg,0,True,data\raw\images\IMG002416.jpeg,False,,2204,1820
IMG002417.jpeg,0,True,data\raw\images\IMG002417.jpeg,False,,1834,1502
IMG002418.jpeg,0,True,data\raw\images\IMG002418.jpeg,False,,1565,3032
IMG002419.jpeg,0,True,data\raw\images\IMG002419.jpeg,False,,1560,3032
IMG002420.jpeg,0,True,data\raw\images\IMG002420.jpeg,False,,1872,2912
IMG002421.jpeg,0,True,data\raw\images\IMG002421.jpeg,False,,1448,2520
IMG002422.jpeg,0,True,data\raw\images\IMG002422.jpeg,False,,2520,3032
IMG002423.jpeg,0,True,data\raw\images\IMG002423.jpeg,False,,1872,2912
IMG002424.jpeg,0,True,data\raw\images\IMG002424.jpeg,False,,2520,3032
IMG002425.jpeg,0,True,data\raw\images\IMG002425.jpeg,False,,1969,1678
IMG002426.jpeg,0,True,data\raw\images\IMG002426.jpeg,False,,1744,2560
IMG002427.jpeg,0,True,data\raw\images\IMG002427.jpeg,False,,243,479
IMG002428.jpeg,0,True,data\raw\images\IMG002428.jpeg,False,,1856,2568
IMG002429.jpeg,0,True,data\raw\images\IMG002429.jpeg,False,,292,480
IMG002430.jpeg,0,True,data\raw\images\IMG002430.jpeg,False,,1856,1889
IMG002431.jpeg,0,True,data\raw\images\IMG002431.jpeg,False,,2248,2413
IMG002432.jpeg,0,True,data\raw\images\IMG002432.jpeg,False,,290,480
IMG002433.jpeg,0,True,data\raw\images\IMG002433.jpeg,False,,329,480
IMG002434.jpeg,0,True,data\raw\images\IMG002434.jpeg,False,,1389,2520
IMG002435.jpeg,0,True,data\raw\images\IMG002435.jpeg,False,,1480,1993
IMG002436.jpeg,0,True,data\raw\images\IMG002436.jpeg,False,,1711,1738
IMG002437.jpeg,0,True,data\raw\images\IMG002437.jpeg,False,,1524,3032
IMG002438.jpeg,0,True,data\raw\images\IMG002438.jpeg,False,,1576,2910
IMG002439.jpeg,0,True,data\raw\images\IMG002439.jpeg,False,,2406,3032
IMG002440.jpeg,0,True,data\raw\images\IMG002440.jpeg,False,,1578,3032
IMG002441.jpeg,0,True,data\raw\images\IMG002441.jpeg,False,,2192,3224
IMG002442.jpeg,0,True,data\raw\images\IMG002442.jpeg,False,,1775,3032
IMG002443.jpeg,0,True,data\raw\images\IMG002443.jpeg,False,,1624,2906
IMG002444.jpeg,0,True,data\raw\images\IMG002444.jpeg,False,,2024,3384
IMG002445.jpeg,0,True,data\raw\images\IMG002445.jpeg,False,,2520,3032
IMG002446.jpeg,0,True,data\raw\images\IMG002446.jpeg,False,,2520,3032
IMG002447.jpeg,0,True,data\raw\images\IMG002447.jpeg,False,,2672,3080
IMG002448.jpeg,0,True,data\raw\images\IMG002448.jpeg,False,,2672,3072
IMG002449.jpeg,0,True,data\raw\images\IMG002449.jpeg,False,,2035,1706
IMG002450.jpeg,0,True,data\raw\images\IMG002450.jpeg,False,,1495,1729
IMG002451.jpeg,0,True,data\raw\images\IMG002451.jpeg,False,,1968,3408
IMG002452.jpeg,0,True,data\raw\images\IMG002452.jpeg,False,,1566,1742
IMG002453.jpeg,0,True,data\raw\images\IMG002453.jpeg,False,,1968,3408
IMG002454.jpeg,0,True,data\raw\images\IMG002454.jpeg,False,,1626,2032
IMG002455.jpeg,0,True,data\raw\images\IMG002455.jpeg,False,,1292,2032
IMG002456.jpeg,0,True,data\raw\images\IMG002456.jpeg,False,,1500,1690
IMG002457.jpeg,0,True,data\raw\images\IMG002457.jpeg,False,,1827,1583
IMG002458.jpeg,0,True,data\raw\images\IMG002458.jpeg,False,,2520,2300
IMG002459.jpeg,0,True,data\raw\images\IMG002459.jpeg,False,,2077,3408
IMG002460.jpeg,0,True,data\raw\images\IMG002460.jpeg,False,,2361,3032
IMG002461.jpeg,0,True,data\raw\images\IMG002461.jpeg,False,,1882,3408
IMG002462.jpeg,0,True,data\raw\images\IMG002462.jpeg,False,,1999,3408
IMG002463.jpeg,0,True,data\raw\images\IMG002463.jpeg,False,,1663,3408
IMG002464.jpeg,0,True,data\raw\images\IMG002464.jpeg,False,,1378,1848
IMG002465.jpeg,0,True,data\raw\images\IMG002465.jpeg,False,,1816,1760
IMG002466.jpeg,0,True,data\raw\images\IMG002466.jpeg,False,,1354,2080
IMG002467.jpeg,0,True,data\raw\images\IMG002467.jpeg,False,,1236,3408
IMG002468.jpeg,0,True,data\raw\images\IMG002468.jpeg,False,,3281,2501
IMG002469.jpeg,0,True,data\raw\images\IMG002469.jpeg,False,,2520,2308
IMG002470.jpeg,0,True,data\raw\images\IMG002470.jpeg,False,,1564,3408
IMG002471.jpeg,0,True,data\raw\images\IMG002471.jpeg,False,,1989,3032
IMG002472.jpeg,0,True,data\raw\images\IMG002472.jpeg,False,,1564,3408
IMG002473.jpeg,0,True,data\raw\images\IMG002473.jpeg,False,,1666,3408
IMG002474.jpeg,0,True,data\raw\images\IMG002474.jpeg,False,,1856,2416
IMG002475.jpeg,0,True,data\raw\images\IMG002475.jpeg,False,,1996,3032
IMG002476.jpeg,0,True,data\raw\images\IMG002476.jpeg,False,,1806,1580
IMG002477.jpeg,0,True,data\raw\images\IMG002477.jpeg,False,,2072,2176
IMG002478.jpeg,0,True,data\raw\images\IMG002478.jpeg,False,,1561,2178
IMG002479.jpeg,0,True,data\raw\images\IMG002479.jpeg,False,,1633,1920
IMG002480.jpeg,0,True,data\raw\images\IMG002480.jpeg,False,,1215,1971
IMG002481.jpeg,0,True,data\raw\images\IMG002481.jpeg,False,,2007,2142
IMG002482.jpeg,0,True,data\raw\images\IMG002482.jpeg,False,,1259,1652
IMG002483.jpeg,0,True,data\raw\images\IMG002483.jpeg,False,,1619,1628
IMG002484.jpeg,0,True,data\raw\images\IMG002484.jpeg,False,,2408,3032
IMG002485.jpeg,0,True,data\raw\images\IMG002485.jpeg,False,,2140,3032
IMG002486.jpeg,0,True,data\raw\images\IMG002486.jpeg,False,,1448,2236
IMG002487.jpeg,0,True,data\raw\images\IMG002487.jpeg,False,,1644,2412
IMG002488.jpeg,0,True,data\raw\images\IMG002488.jpeg,False,,1268,3032
IMG002489.jpeg,0,True,data\raw\images\IMG002489.jpeg,False,,2136,2412
IMG002490.jpeg,0,True,data\raw\images\IMG002490.jpeg,False,,1512,1632
IMG002491.jpeg,0,True,data\raw\images\IMG002491.jpeg,False,,1773,2882
IMG002492.jpeg,0,True,data\raw\images\IMG002492.jpeg,False,,1852,3032
IMG002493.jpeg,0,True,data\raw\images\IMG002493.jpeg,False,,2136,2416
IMG002494.jpeg,0,True,data\raw\images\IMG002494.jpeg,False,,1250,1466
IMG002495.jpeg,0,True,data\raw\images\IMG002495.jpeg,False,,1557,1616
IMG002496.jpeg,0,True,data\raw\images\IMG002496.jpeg,False,,1250,1448
IMG002497.jpeg,0,True,data\raw\images\IMG002497.jpeg,False,,1523,1632
IMG002498.jpeg,0,True,data\raw\images\IMG002498.jpeg,False,,1484,2492
IMG002499.jpeg,0,True,data\raw\images\IMG002499.jpeg,False,,3032,2200
IMG002500.jpeg,0,True,data\raw\images\IMG002500.jpeg,False,,1532,1840
IMG002501.jpeg,0,True,data\raw\images\IMG002501.jpeg,False,,1250,2003
IMG002502.jpeg,0,True,data\raw\images\IMG002502.jpeg,False,,1250,1830
IMG002503.jpeg,0,True,data\raw\images\IMG002503.jpeg,False,,1250,1807
IMG002504.jpeg,0,True,data\raw\images\IMG002504.jpeg,False,,1250,1720
IMG002505.jpeg,0,True,data\raw\images\IMG002505.jpeg,False,,1250,2296
IMG002506.jpeg,0,True,data\raw\images\IMG002506.jpeg,False,,1280,2009
IMG002507.jpeg,0,True,data\raw\images\IMG002507.jpeg,False,,1250,2465
IMG002508.jpeg,0,True,data\raw\images\IMG002508.jpeg,False,,1473,2121
IMG002509.jpeg,0,True,data\raw\images\IMG002509.jpeg,False,,3032,2520
IMG002510.jpeg,0,True,data\raw\images\IMG002510.jpeg,False,,1349,1553
IMG002511.jpeg,0,True,data\raw\images\IMG002511.jpeg,False,,1250,1420
IMG002512.jpeg,0,True,data\raw\images\IMG002512.jpeg,False,,1921,2122
IMG002513.jpeg,0,True,data\raw\images\IMG002513.jpeg,False,,1250,1250
IMG002514.jpeg,0,True,data\raw\images\IMG002514.jpeg,False,,2884,1572
IMG002515.jpeg,0,True,data\raw\images\IMG002515.jpeg,False,,1250,2520
IMG002516.jpeg,0,True,data\raw\images\IMG002516.jpeg,False,,1594,2723
IMG002517.jpeg,0,True,data\raw\images\IMG002517.jpeg,False,,1428,2537
IMG002518.jpeg,0,True,data\raw\images\IMG002518.jpeg,False,,1609,2072
IMG002519.jpeg,0,True,data\raw\images\IMG002519.jpeg,False,,1398,2520
IMG002520.jpeg,0,True,data\raw\images\IMG002520.jpeg,False,,1429,2800
IMG002521.jpeg,0,True,data\raw\images\IMG002521.jpeg,False,,2245,2384
IMG002522.jpeg,0,True,data\raw\images\IMG002522.jpeg,False,,1216,1712
IMG002523.jpeg,0,True,data\raw\images\IMG002523.jpeg,False,,1477,3032
IMG002524.jpeg,0,True,data\raw\images\IMG002524.jpeg,False,,1349,2800
IMG002525.jpeg,0,True,data\raw\images\IMG002525.jpeg,False,,1761,3032
IMG002526.jpeg,0,True,data\raw\images\IMG002526.jpeg,False,,3032,2520
IMG002527.jpeg,0,True,data\raw\images\IMG002527.jpeg,False,,2088,3032
IMG002528.jpeg,0,True,data\raw\images\IMG002528.jpeg,False,,2088,3032
IMG002529.jpeg,0,True,data\raw\images\IMG002529.jpeg,False,,2308,3032
IMG002530.jpeg,0,True,data\raw\images\IMG002530.jpeg,False,,1398,3032
IMG002531.jpeg,0,True,data\raw\images\IMG002531.jpeg,False,,1606,2928
IMG002532.jpeg,0,True,data\raw\images\IMG002532.jpeg,False,,1398,3032
IMG002533.jpeg,0,True,data\raw\images\IMG002533.jpeg,False,,1714,2888
IMG002534.jpeg,0,True,data\raw\images\IMG002534.jpeg,False,,1961,1885
IMG002535.jpeg,0,True,data\raw\images\IMG002535.jpeg,False,,2317,2348
IMG002536.jpeg,0,True,data\raw\images\IMG002536.jpeg,False,,1445,1967
IMG002537.jpeg,0,True,data\raw\images\IMG002537.jpeg,False,,1451,1303
IMG002538.jpeg,0,True,data\raw\images\IMG002538.jpeg,False,,1897,2256
IMG002539.jpeg,0,True,data\raw\images\IMG002539.jpeg,False,,1623,3032
IMG002540.jpeg,0,True,data\raw\images\IMG002540.jpeg,False,,2504,2371
IMG002541.jpeg,0,True,data\raw\images\IMG002541.jpeg,False,,2104,2417
IMG002542.jpeg,0,True,data\raw\images\IMG002542.jpeg,False,,2497,2341
IMG002543.jpeg,0,True,data\raw\images\IMG002543.jpeg,False,,1400,1756
IMG002544.jpeg,0,True,data\raw\images\IMG002544.jpeg,False,,1651,1692
IMG002545.jpeg,0,True,data\raw\images\IMG002545.jpeg,False,,2029,2137
IMG002546.jpeg,0,True,data\raw\images\IMG002546.jpeg,False,,1574,3032
IMG002547.jpeg,0,True,data\raw\images\IMG002547.jpeg,False,,2142,3032
IMG002548.jpeg,0,True,data\raw\images\IMG002548.jpeg,False,,2520,3032
IMG002549.jpeg,0,True,data\raw\images\IMG002549.jpeg,False,,1629,3032
IMG002550.jpeg,0,True,data\raw\images\IMG002550.jpeg,False,,1666,2497
IMG002551.jpeg,0,True,data\raw\images\IMG002551.jpeg,False,,1575,2494
IMG002552.jpeg,0,True,data\raw\images\IMG002552.jpeg,False,,2508,3032
IMG002553.jpeg,0,True,data\raw\images\IMG002553.jpeg,False,,2472,3032
IMG002554.jpeg,0,True,data\raw\images\IMG002554.jpeg,False,,2516,3032
IMG002555.jpeg,0,True,data\raw\images\IMG002555.jpeg,False,,2512,3032
IMG002556.jpeg,0,True,data\raw\images\IMG002556.jpeg,False,,2148,3032
IMG002557.jpeg,0,True,data\raw\images\IMG002557.jpeg,False,,1958,3032
IMG002558.jpeg,0,True,data\raw\images\IMG002558.jpeg,False,,2270,2637
IMG002559.jpeg,0,True,data\raw\images\IMG002559.jpeg,False,,2038,2589
IMG002560.jpeg,0,True,data\raw\images\IMG002560.jpeg,False,,2520,3032
IMG002561.jpeg,0,True,data\raw\images\IMG002561.jpeg,False,,2520,3032
IMG002562.jpeg,0,True,data\raw\images\IMG002562.jpeg,False,,1762,1939
IMG002563.jpeg,0,True,data\raw\images\IMG002563.jpeg,False,,2520,3032
IMG002564.jpeg,0,True,data\raw\images\IMG002564.jpeg,False,,1777,3032
IMG002565.jpeg,0,True,data\raw\images\IMG002565.jpeg,False,,1574,2047
IMG002566.jpeg,0,True,data\raw\images\IMG002566.jpeg,False,,2520,3032
IMG002567.jpeg,0,True,data\raw\images\IMG002567.jpeg,False,,1584,2169
IMG002568.jpeg,0,True,data\raw\images\IMG002568.jpeg,False,,1678,3032
IMG002569.jpeg,0,True,data\raw\images\IMG002569.jpeg,False,,2240,3032
IMG002570.jpeg,0,True,data\raw\images\IMG002570.jpeg,False,,2112,2450
IMG002571.jpeg,0,True,data\raw\images\IMG002571.jpeg,False,,2067,3408
IMG002572.jpeg,0,True,data\raw\images\IMG002572.jpeg,False,,1262,1809
IMG002573.jpeg,0,True,data\raw\images\IMG002573.jpeg,False,,1369,1292
IMG002574.jpeg,0,True,data\raw\images\IMG002574.jpeg,False,,2024,2864
IMG002575.jpeg,0,True,data\raw\images\IMG002575.jpeg,False,,1800,3320
IMG002576.jpeg,0,True,data\raw\images\IMG002576.jpeg,False,,1638,3320
IMG002577.jpeg,0,True,data\raw\images\IMG002577.jpeg,False,,1681,3320
IMG002578.jpeg,0,True,data\raw\images\IMG002578.jpeg,False,,1495,3320
IMG002579.jpeg,0,True,data\raw\images\IMG002579.jpeg,False,,1868,2979
IMG002580.jpeg,0,True,data\raw\images\IMG002580.jpeg,False,,1624,3320
IMG002581.jpeg,0,True,data\raw\images\IMG002581.jpeg,False,,2800,1715
IMG002582.jpeg,0,True,data\raw\images\IMG002582.jpeg,False,,2348,1854
IMG002583.jpeg,0,True,data\raw\images\IMG002583.jpeg,False,,1460,2488
IMG002584.jpeg,0,True,data\raw\images\IMG002584.jpeg,False,,2046,2741
IMG002585.jpeg,0,True,data\raw\images\IMG002585.jpeg,False,,1452,2183
IMG002586.jpeg,0,True,data\raw\images\IMG002586.jpeg,False,,1322,1649
IMG002587.jpeg,0,True,data\raw\images\IMG002587.jpeg,False,,1242,1656
IMG002588.jpeg,0,True,data\raw\images\IMG002588.jpeg,False,,1530,2593
IMG002589.jpeg,0,True,data\raw\images\IMG002589.jpeg,False,,2800,3328
IMG002590.jpeg,0,True,data\raw\images\IMG002590.jpeg,False,,1650,3320
IMG002591.jpeg,0,True,data\raw\images\IMG002591.jpeg,False,,1740,2284
IMG002592.jpeg,0,True,data\raw\images\IMG002592.jpeg,False,,2332,2760
IMG002593.jpeg,0,True,data\raw\images\IMG002593.jpeg,False,,2520,3032
IMG002594.jpeg,0,True,data\raw\images\IMG002594.jpeg,False,,2336,2768
IMG002595.jpeg,0,True,data\raw\images\IMG002595.jpeg,False,,2484,3032
IMG002596.jpeg,0,True,data\raw\images\IMG002596.jpeg,False,,2800,2976
IMG002597.jpeg,0,True,data\raw\images\IMG002597.jpeg,False,,2424,2984
IMG002598.jpeg,0,True,data\raw\images\IMG002598.jpeg,False,,2416,2707
IMG002599.jpeg,0,True,data\raw\images\IMG002599.jpeg,False,,2635,2382
IMG002600.jpeg,0,True,data\raw\images\IMG002600.jpeg,False,,1807,3032
IMG002601.jpeg,0,True,data\raw\images\IMG002601.jpeg,False,,1596,1736
IMG002602.jpeg,0,True,data\raw\images\IMG002602.jpeg,False,,1484,3032
IMG002603.jpeg,0,True,data\raw\images\IMG002603.jpeg,False,,2230,3032
IMG002604.jpeg,0,True,data\raw\images\IMG002604.jpeg,False,,1706,2839
IMG002605.jpeg,0,True,data\raw\images\IMG002605.jpeg,False,,1695,3032
IMG002606.jpeg,0,True,data\raw\images\IMG002606.jpeg,False,,1632,3032
IMG002607.jpeg,0,True,data\raw\images\IMG002607.jpeg,False,,1426,2172
IMG002608.jpeg,0,True,data\raw\images\IMG002608.jpeg,False,,2027,3032
IMG002609.jpeg,0,True,data\raw\images\IMG002609.jpeg,False,,1500,2154
IMG002610.jpeg,0,True,data\raw\images\IMG002610.jpeg,False,,2377,2539
IMG002611.jpeg,0,True,data\raw\images\IMG002611.jpeg,False,,1906,3032
IMG002612.jpeg,0,True,data\raw\images\IMG002612.jpeg,False,,1478,1925
IMG002613.jpeg,0,True,data\raw\images\IMG002613.jpeg,False,,1506,1915
IMG002614.jpeg,0,True,data\raw\images\IMG002614.jpeg,False,,2912,1662
IMG002615.jpeg,0,True,data\raw\images\IMG002615.jpeg,False,,1678,3032
IMG002616.jpeg,0,True,data\raw\images\IMG002616.jpeg,False,,1506,1832
IMG002617.jpeg,0,True,data\raw\images\IMG002617.jpeg,False,,2232,3032
IMG002618.jpeg,0,True,data\raw\images\IMG002618.jpeg,False,,2892,2344
IMG002619.jpeg,0,True,data\raw\images\IMG002619.jpeg,False,,1375,1843
IMG002620.jpeg,0,True,data\raw\images\IMG002620.jpeg,False,,2892,2344
IMG002621.jpeg,0,True,data\raw\images\IMG002621.jpeg,False,,1714,2003
IMG002622.jpeg,0,True,data\raw\images\IMG002622.jpeg,False,,2534,2651
IMG002623.jpeg,0,True,data\raw\images\IMG002623.jpeg,False,,1863,2477
IMG002624.jpeg,0,True,data\raw\images\IMG002624.jpeg,False,,2367,2429
IMG002625.jpeg,0,True,data\raw\images\IMG002625.jpeg,False,,1741,2489
IMG002626.jpeg,0,True,data\raw\images\IMG002626.jpeg,False,,2520,2499
IMG002627.jpeg,0,True,data\raw\images\IMG002627.jpeg,False,,1815,2737
IMG002628.jpeg,0,True,data\raw\images\IMG002628.jpeg,False,,2256,2568
IMG002629.jpeg,0,True,data\raw\images\IMG002629.jpeg,False,,1568,3032
IMG002630.jpeg,0,True,data\raw\images\IMG002630.jpeg,False,,2330,2466
IMG002631.jpeg,0,True,data\raw\images\IMG002631.jpeg,False,,1833,3032
IMG002632.jpeg,0,True,data\raw\images\IMG002632.jpeg,False,,2277,2506
IMG002633.jpeg,0,True,data\raw\images\IMG002633.jpeg,False,,1620,2151
IMG002634.jpeg,0,True,data\raw\images\IMG002634.jpeg,False,,1825,2010
IMG002635.jpeg,0,True,data\raw\images\IMG002635.jpeg,False,,1511,1654
IMG002636.jpeg,0,True,data\raw\images\IMG002636.jpeg,False,,1544,3032
IMG002637.jpeg,0,True,data\raw\images\IMG002637.jpeg,False,,1976,3032
IMG002638.jpeg,0,True,data\raw\images\IMG002638.jpeg,False,,1538,2520
IMG002639.jpeg,0,True,data\raw\images\IMG002639.jpeg,False,,2168,2632
IMG002640.jpeg,0,True,data\raw\images\IMG002640.jpeg,False,,2800,2605
IMG002641.jpeg,0,True,data\raw\images\IMG002641.jpeg,False,,2168,2632
IMG002642.jpeg,0,True,data\raw\images\IMG002642.jpeg,False,,2800,3408
IMG002643.jpeg,0,True,data\raw\images\IMG002643.jpeg,False,,2172,2632
IMG002644.jpeg,0,True,data\raw\images\IMG002644.jpeg,False,,2800,3408
IMG002645.jpeg,0,True,data\raw\images\IMG002645.jpeg,False,,1396,2300
IMG002646.jpeg,0,True,data\raw\images\IMG002646.jpeg,False,,2800,2185
IMG002647.jpeg,0,True,data\raw\images\IMG002647.jpeg,False,,1400,2300
IMG002648.jpeg,0,True,data\raw\images\IMG002648.jpeg,False,,1737,1786
IMG002649.jpeg,0,True,data\raw\images\IMG002649.jpeg,False,,1462,2939
IMG002650.jpeg,0,True,data\raw\images\IMG002650.jpeg,False,,2083,3408
IMG002651.jpeg,0,True,data\raw\images\IMG002651.jpeg,False,,2009,2696
IMG002652.jpeg,0,True,data\raw\images\IMG002652.jpeg,False,,2113,2728
IMG002653.jpeg,0,True,data\raw\images\IMG002653.jpeg,False,,2720,3408
IMG002654.jpeg,0,True,data\raw\images\IMG002654.jpeg,False,,1765,2107
IMG002655.jpeg,0,True,data\raw\images\IMG002655.jpeg,False,,1879,3032
IMG002656.jpeg,0,True,data\raw\images\IMG002656.jpeg,False,,1964,3032
IMG002657.jpeg,0,True,data\raw\images\IMG002657.jpeg,False,,2123,2397
IMG002658.jpeg,0,True,data\raw\images\IMG002658.jpeg,False,,2522,1683
IMG002659.jpeg,0,True,data\raw\images\IMG002659.jpeg,False,,2216,3032
IMG002660.jpeg,0,True,data\raw\images\IMG002660.jpeg,False,,3352,2032
IMG002661.jpeg,0,True,data\raw\images\IMG002661.jpeg,False,,2408,3032
IMG002662.jpeg,0,True,data\raw\images\IMG002662.jpeg,False,,1379,2780
IMG002663.jpeg,0,True,data\raw\images\IMG002663.jpeg,False,,1571,1781
IMG002664.jpeg,0,True,data\raw\images\IMG002664.jpeg,False,,1758,3408
IMG002665.jpeg,0,True,data\raw\images\IMG002665.jpeg,False,,2220,3032
IMG002666.jpeg,0,True,data\raw\images\IMG002666.jpeg,False,,1566,1850
IMG002667.jpeg,0,True,data\raw\images\IMG002667.jpeg,False,,1724,3032
IMG002668.jpeg,0,True,data\raw\images\IMG002668.jpeg,False,,2240,3408
IMG002669.jpeg,0,True,data\raw\images\IMG002669.jpeg,False,,2520,3032
IMG002670.jpeg,0,True,data\raw\images\IMG002670.jpeg,False,,1589,1792
IMG002671.jpeg,0,True,data\raw\images\IMG002671.jpeg,False,,2071,2883
IMG002672.jpeg,0,True,data\raw\images\IMG002672.jpeg,False,,1956,3408
IMG002673.jpeg,0,True,data\raw\images\IMG002673.jpeg,False,,1656,2944
IMG002674.jpeg,0,True,data\raw\images\IMG002674.jpeg,False,,2294,2057
IMG002675.jpeg,0,True,data\raw\images\IMG002675.jpeg,False,,1908,3032
IMG002676.jpeg,0,True,data\raw\images\IMG002676.jpeg,False,,2303,2047
IMG002677.jpeg,0,True,data\raw\images\IMG002677.jpeg,False,,2360,1250
IMG002678.jpeg,0,True,data\raw\images\IMG002678.jpeg,False,,2317,1917
IMG002679.jpeg,0,True,data\raw\images\IMG002679.jpeg,False,,1766,2850
IMG002680.jpeg,0,True,data\raw\images\IMG002680.jpeg,False,,2520,3032
IMG002681.jpeg,0,True,data\raw\images\IMG002681.jpeg,False,,1924,3032
IMG002682.jpeg,0,True,data\raw\images\IMG002682.jpeg,False,,1714,3032
IMG002683.jpeg,0,True,data\raw\images\IMG002683.jpeg,False,,1917,3032
IMG002684.jpeg,0,True,data\raw\images\IMG002684.jpeg,False,,1992,3032
IMG002685.jpeg,0,True,data\raw\images\IMG002685.jpeg,False,,1700,3032
IMG002686.jpeg,0,True,data\raw\images\IMG002686.jpeg,False,,2360,1250
IMG002687.jpeg,0,True,data\raw\images\IMG002687.jpeg,False,,2354,2085
IMG002688.jpeg,0,True,data\raw\images\IMG002688.jpeg,False,,1618,3032
IMG002689.jpeg,0,True,data\raw\images\IMG002689.jpeg,False,,2520,3032
IMG002690.jpeg,0,True,data\raw\images\IMG002690.jpeg,False,,1892,3032
IMG002691.jpeg,0,True,data\raw\images\IMG002691.jpeg,False,,3032,2520
IMG002692.jpeg,0,True,data\raw\images\IMG002692.jpeg,False,,1580,3032
IMG002693.jpeg,0,True,data\raw\images\IMG002693.jpeg,False,,1913,3408
IMG002694.jpeg,0,True,data\raw\images\IMG002694.jpeg,False,,2520,3032
IMG002695.jpeg,0,True,data\raw\images\IMG002695.jpeg,False,,2361,2651
IMG002696.jpeg,0,True,data\raw\images\IMG002696.jpeg,False,,2179,3408
IMG002697.jpeg,0,True,data\raw\images\IMG002697.jpeg,False,,2454,2416
IMG002698.jpeg,0,True,data\raw\images\IMG002698.jpeg,False,,1773,2520
IMG002699.jpeg,0,True,data\raw\images\IMG002699.jpeg,False,,2016,3032
IMG002700.jpeg,0,True,data\raw\images\IMG002700.jpeg,False,,1463,2590
IMG002701.jpeg,0,True,data\raw\images\IMG002701.jpeg,False,,1953,3408
IMG002702.jpeg,0,True,data\raw\images\IMG002702.jpeg,False,,1829,2870
IMG002703.jpeg,0,True,data\raw\images\IMG002703.jpeg,False,,2098,3408
IMG002704.jpeg,0,True,data\raw\images\IMG002704.jpeg,False,,1816,3152
IMG002705.jpeg,0,True,data\raw\images\IMG002705.jpeg,False,,1752,2707
IMG002706.jpeg,0,True,data\raw\images\IMG002706.jpeg,False,,1250,1831
IMG002707.jpeg,0,True,data\raw\images\IMG002707.jpeg,False,,1250,1670
IMG002708.jpeg,0,True,data\raw\images\IMG002708.jpeg,False,,1456,3032
IMG002709.jpeg,0,True,data\raw\images\IMG002709.jpeg,False,,1876,3032
IMG002710.jpeg,0,True,data\raw\images\IMG002710.jpeg,False,,1703,1250
IMG002711.jpeg,0,True,data\raw\images\IMG002711.jpeg,False,,2800,1520
IMG002712.jpeg,0,True,data\raw\images\IMG002712.jpeg,False,,1250,1686
IMG002713.jpeg,0,True,data\raw\images\IMG002713.jpeg,False,,813,2800
IMG002714.jpeg,0,True,data\raw\images\IMG002714.jpeg,False,,1450,2506
IMG002715.jpeg,0,True,data\raw\images\IMG002715.jpeg,False,,1004,828
IMG002716.jpeg,0,True,data\raw\images\IMG002716.jpeg,False,,1828,2605
IMG002717.jpeg,0,True,data\raw\images\IMG002717.jpeg,False,,1717,2451
IMG002718.jpeg,0,True,data\raw\images\IMG002718.jpeg,False,,1394,2834
IMG002719.jpeg,0,True,data\raw\images\IMG002719.jpeg,False,,1848,2627
IMG002720.jpeg,0,True,data\raw\images\IMG002720.jpeg,False,,1651,3032
IMG002721.jpeg,0,True,data\raw\images\IMG002721.jpeg,False,,2172,2617
IMG002722.jpeg,0,True,data\raw\images\IMG002722.jpeg,False,,884,1292
IMG002723.jpeg,0,True,data\raw\images\IMG002723.jpeg,False,,522,1537
IMG002724.jpeg,0,True,data\raw\images\IMG002724.jpeg,False,,1457,3408
IMG002725.jpeg,0,True,data\raw\images\IMG002725.jpeg,False,,1736,3186
IMG002726.jpeg,0,True,data\raw\images\IMG002726.jpeg,False,,1728,3408
IMG002727.jpeg,0,True,data\raw\images\IMG002727.jpeg,False,,1464,3408
IMG002728.jpeg,0,True,data\raw\images\IMG002728.jpeg,False,,1509,3023
IMG002729.jpeg,0,True,data\raw\images\IMG002729.jpeg,False,,1660,3032
IMG002730.jpeg,0,True,data\raw\images\IMG002730.jpeg,False,,1928,1579
IMG002731.jpeg,0,True,data\raw\images\IMG002731.jpeg,False,,1731,2104
IMG002732.jpeg,0,True,data\raw\images\IMG002732.jpeg,False,,990,1420
IMG002733.jpeg,0,True,data\raw\images\IMG002733.jpeg,False,,1147,1467
IMG002734.jpeg,0,True,data\raw\images\IMG002734.jpeg,False,,954,1390
IMG002735.jpeg,0,True,data\raw\images\IMG002735.jpeg,False,,1378,1855
IMG002736.jpeg,0,True,data\raw\images\IMG002736.jpeg,False,,2101,3408
IMG002737.jpeg,0,True,data\raw\images\IMG002737.jpeg,False,,1568,2267
IMG002738.jpeg,0,True,data\raw\images\IMG002738.jpeg,False,,984,2254
IMG002739.jpeg,0,True,data\raw\images\IMG002739.jpeg,False,,1950,1456
IMG002740.jpeg,0,True,data\raw\images\IMG002740.jpeg,False,,1904,3408
IMG002741.jpeg,0,True,data\raw\images\IMG002741.jpeg,False,,1415,1709
IMG002742.jpeg,0,True,data\raw\images\IMG002742.jpeg,False,,2435,2404
IMG002743.jpeg,0,True,data\raw\images\IMG002743.jpeg,False,,1209,1482
IMG002744.jpeg,0,True,data\raw\images\IMG002744.jpeg,False,,3032,1980
IMG002745.jpeg,0,True,data\raw\images\IMG002745.jpeg,False,,1569,3032
IMG002746.jpeg,0,True,data\raw\images\IMG002746.jpeg,False,,1554,3032
IMG002747.jpeg,0,True,data\raw\images\IMG002747.jpeg,False,,1908,3032
IMG002748.jpeg,0,True,data\raw\images\IMG002748.jpeg,False,,1321,2776
IMG002749.jpeg,0,True,data\raw\images\IMG002749.jpeg,False,,1809,3032
IMG002750.jpeg,0,True,data\raw\images\IMG002750.jpeg,False,,2280,1773
IMG002751.jpeg,0,True,data\raw\images\IMG002751.jpeg,False,,1250,2604
IMG002752.jpeg,0,True,data\raw\images\IMG002752.jpeg,False,,1678,3032
IMG002753.jpeg,0,True,data\raw\images\IMG002753.jpeg,False,,1645,3032
IMG002754.jpeg,0,True,data\raw\images\IMG002754.jpeg,False,,1677,2166
IMG002755.jpeg,0,True,data\raw\images\IMG002755.jpeg,False,,1629,3032
IMG002756.jpeg,0,True,data\raw\images\IMG002756.jpeg,False,,2210,1864
IMG002757.jpeg,0,True,data\raw\images\IMG002757.jpeg,False,,1570,2518
IMG002758.jpeg,0,True,data\raw\images\IMG002758.jpeg,False,,2413,1832
IMG002759.jpeg,0,True,data\raw\images\IMG002759.jpeg,False,,2167,3005
IMG002760.jpeg,0,True,data\raw\images\IMG002760.jpeg,False,,1956,2064
IMG002761.jpeg,0,True,data\raw\images\IMG002761.jpeg,False,,2036,3032
IMG002762.jpeg,0,True,data\raw\images\IMG002762.jpeg,False,,2084,3032
IMG002763.jpeg,0,True,data\raw\images\IMG002763.jpeg,False,,2520,2208
IMG002764.jpeg,0,True,data\raw\images\IMG002764.jpeg,False,,2092,3032
IMG002765.jpeg,0,True,data\raw\images\IMG002765.jpeg,False,,1888,1921
IMG002766.jpeg,0,True,data\raw\images\IMG002766.jpeg,False,,1476,2282
IMG002767.jpeg,0,True,data\raw\images\IMG002767.jpeg,False,,1390,2252
IMG002768.jpeg,0,True,data\raw\images\IMG002768.jpeg,False,,2222,3384
IMG002769.jpeg,0,True,data\raw\images\IMG002769.jpeg,False,,2206,3408
IMG002770.jpeg,0,True,data\raw\images\IMG002770.jpeg,False,,1814,2905
IMG002771.jpeg,0,True,data\raw\images\IMG002771.jpeg,False,,2169,2574
IMG002772.jpeg,0,True,data\raw\images\IMG002772.jpeg,False,,1097,2762
IMG002773.jpeg,0,True,data\raw\images\IMG002773.jpeg,False,,2188,1947
IMG002774.jpeg,0,True,data\raw\images\IMG002774.jpeg,False,,2009,2290
IMG002775.jpeg,0,True,data\raw\images\IMG002775.jpeg,False,,2392,2250
IMG002776.jpeg,0,True,data\raw\images\IMG002776.jpeg,False,,1731,2617
IMG002777.jpeg,0,True,data\raw\images\IMG002777.jpeg,False,,1341,3408
IMG002778.jpeg,0,True,data\raw\images\IMG002778.jpeg,False,,1242,2457
IMG002779.jpeg,0,True,data\raw\images\IMG002779.jpeg,False,,1446,2361
IMG002780.jpeg,0,True,data\raw\images\IMG002780.jpeg,False,,1950,2073
IMG002781.jpeg,0,True,data\raw\images\IMG002781.jpeg,False,,2077,3408
IMG002782.jpeg,0,True,data\raw\images\IMG002782.jpeg,False,,2520,2504
IMG002783.jpeg,0,True,data\raw\images\IMG002783.jpeg,False,,1920,3408
IMG002784.jpeg,0,True,data\raw\images\IMG002784.jpeg,False,,2114,2444
IMG002785.jpeg,0,True,data\raw\images\IMG002785.jpeg,False,,2520,3032
IMG002786.jpeg,0,True,data\raw\images\IMG002786.jpeg,False,,2288,3408
IMG002787.jpeg,0,True,data\raw\images\IMG002787.jpeg,False,,2520,3032
IMG002788.jpeg,0,True,data\raw\images\IMG002788.jpeg,False,,1637,3032
IMG002789.jpeg,0,True,data\raw\images\IMG002789.jpeg,False,,2520,2504
IMG002790.jpeg,0,True,data\raw\images\IMG002790.jpeg,False,,1890,3032
IMG002791.jpeg,0,True,data\raw\images\IMG002791.jpeg,False,,2160,3408
IMG002792.jpeg,0,True,data\raw\images\IMG002792.jpeg,False,,2520,2564
IMG002793.jpeg,0,True,data\raw\images\IMG002793.jpeg,False,,1944,3408
IMG002794.jpeg,0,True,data\raw\images\IMG002794.jpeg,False,,1808,2577
IMG002795.jpeg,0,True,data\raw\images\IMG002795.jpeg,False,,2520,3032
IMG002796.jpeg,0,True,data\raw\images\IMG002796.jpeg,False,,1805,3032
IMG002797.jpeg,0,True,data\raw\images\IMG002797.jpeg,False,,2904,2520
IMG002798.jpeg,0,True,data\raw\images\IMG002798.jpeg,False,,2800,3065
IMG002799.jpeg,0,True,data\raw\images\IMG002799.jpeg,False,,2097,2922
IMG002800.jpeg,0,True,data\raw\images\IMG002800.jpeg,False,,1250,2219
IMG002801.jpeg,0,True,data\raw\images\IMG002801.jpeg,False,,3162,2800
IMG002802.jpeg,0,True,data\raw\images\IMG002802.jpeg,False,,2152,2800
IMG002803.jpeg,0,True,data\raw\images\IMG002803.jpeg,False,,2107,2800
IMG002804.jpeg,0,True,data\raw\images\IMG002804.jpeg,False,,2321,2800
IMG002805.jpeg,0,True,data\raw\images\IMG002805.jpeg,False,,2208,3032
IMG002806.jpeg,0,True,data\raw\images\IMG002806.jpeg,False,,2800,3408
IMG002807.jpeg,0,True,data\raw\images\IMG002807.jpeg,False,,1250,1489
IMG002808.jpeg,0,True,data\raw\images\IMG002808.jpeg,False,,2800,3408
IMG002809.jpeg,0,True,data\raw\images\IMG002809.jpeg,False,,2800,3408
IMG002810.jpeg,0,True,data\raw\images\IMG002810.jpeg,False,,2049,3408
IMG002811.jpeg,0,True,data\raw\images\IMG002811.jpeg,False,,2213,2605
IMG002812.jpeg,0,True,data\raw\images\IMG002812.jpeg,False,,2800,3408
IMG002813.jpeg,0,True,data\raw\images\IMG002813.jpeg,False,,1938,3408
IMG002814.jpeg,0,True,data\raw\images\IMG002814.jpeg,False,,2293,2527
IMG002815.jpeg,0,True,data\raw\images\IMG002815.jpeg,False,,2800,3408
IMG002816.jpeg,0,True,data\raw\images\IMG002816.jpeg,False,,2380,2424
IMG002817.jpeg,0,True,data\raw\images\IMG002817.jpeg,False,,2800,3408
IMG002818.jpeg,0,True,data\raw\images\IMG002818.jpeg,False,,2800,3408
IMG002819.jpeg,0,True,data\raw\images\IMG002819.jpeg,False,,2800,3408
IMG002820.jpeg,0,True,data\raw\images\IMG002820.jpeg,False,,2800,3408
IMG002821.jpeg,0,True,data\raw\images\IMG002821.jpeg,False,,1262,1538
IMG002822.jpeg,0,True,data\raw\images\IMG002822.jpeg,False,,1659,3032
IMG002823.jpeg,0,True,data\raw\images\IMG002823.jpeg,False,,2000,2409
IMG002824.jpeg,0,True,data\raw\images\IMG002824.jpeg,False,,2013,2496
IMG002825.jpeg,0,True,data\raw\images\IMG002825.jpeg,False,,2008,3032
IMG002826.jpeg,0,True,data\raw\images\IMG002826.jpeg,False,,2520,3032
IMG002827.jpeg,0,True,data\raw\images\IMG002827.jpeg,False,,2520,3032
IMG002828.jpeg,0,True,data\raw\images\IMG002828.jpeg,False,,1808,1979
IMG002829.jpeg,0,True,data\raw\images\IMG002829.jpeg,False,,1474,1524
IMG002830.jpeg,0,True,data\raw\images\IMG002830.jpeg,False,,1808,2145
IMG002831.jpeg,0,True,data\raw\images\IMG002831.jpeg,False,,1181,1422
IMG002832.jpeg,0,True,data\raw\images\IMG002832.jpeg,False,,1308,1437
IMG002833.jpeg,0,True,data\raw\images\IMG002833.jpeg,False,,1480,1449
IMG002834.jpeg,0,True,data\raw\images\IMG002834.jpeg,False,,1978,2753
IMG002835.jpeg,0,True,data\raw\images\IMG002835.jpeg,False,,1743,2744
IMG002836.jpeg,0,True,data\raw\images\IMG002836.jpeg,False,,1774,3408
IMG002837.jpeg,0,True,data\raw\images\IMG002837.jpeg,False,,2240,2400
IMG002838.jpeg,0,True,data\raw\images\IMG002838.jpeg,False,,1635,3408
IMG002839.jpeg,0,True,data\raw\images\IMG002839.jpeg,False,,2240,2400
IMG002840.jpeg,0,True,data\raw\images\IMG002840.jpeg,False,,2465,2321
IMG002841.jpeg,0,True,data\raw\images\IMG002841.jpeg,False,,1699,2843
IMG002842.jpeg,0,True,data\raw\images\IMG002842.jpeg,False,,2235,2087
IMG002843.jpeg,0,True,data\raw\images\IMG002843.jpeg,False,,1916,2509
IMG002844.jpeg,0,True,data\raw\images\IMG002844.jpeg,False,,1822,2564
IMG002845.jpeg,0,True,data\raw\images\IMG002845.jpeg,False,,1664,3408
IMG002846.jpeg,0,True,data\raw\images\IMG002846.jpeg,False,,1763,2427
IMG002847.jpeg,0,True,data\raw\images\IMG002847.jpeg,False,,1664,3408
IMG002848.jpeg,0,True,data\raw\images\IMG002848.jpeg,False,,1354,2161
IMG002849.jpeg,0,True,data\raw\images\IMG002849.jpeg,False,,2057,3032
IMG002850.jpeg,0,True,data\raw\images\IMG002850.jpeg,False,,1601,1443
IMG002851.jpeg,0,True,data\raw\images\IMG002851.jpeg,False,,1520,1904
IMG002852.jpeg,0,True,data\raw\images\IMG002852.jpeg,False,,1276,1307
IMG002853.jpeg,0,True,data\raw\images\IMG002853.jpeg,False,,1975,2009
IMG002854.jpeg,0,True,data\raw\images\IMG002854.jpeg,False,,1864,2065
IMG002855.jpeg,0,True,data\raw\images\IMG002855.jpeg,False,,1382,2307
IMG002856.jpeg,0,True,data\raw\images\IMG002856.jpeg,False,,1740,3408
IMG002857.jpeg,0,True,data\raw\images\IMG002857.jpeg,False,,1768,3408
IMG002858.jpeg,0,True,data\raw\images\IMG002858.jpeg,False,,2030,2172
IMG002859.jpeg,0,True,data\raw\images\IMG002859.jpeg,False,,2042,3032
IMG002860.jpeg,0,True,data\raw\images\IMG002860.jpeg,False,,1537,3032
IMG002861.jpeg,0,True,data\raw\images\IMG002861.jpeg,False,,1946,3032
IMG002862.jpeg,0,True,data\raw\images\IMG002862.jpeg,False,,1886,3032
IMG002863.jpeg,0,True,data\raw\images\IMG002863.jpeg,False,,1873,3032
IMG002864.jpeg,0,True,data\raw\images\IMG002864.jpeg,False,,1839,3408
IMG002865.jpeg,0,True,data\raw\images\IMG002865.jpeg,False,,1378,1832
IMG002866.jpeg,0,True,data\raw\images\IMG002866.jpeg,False,,2696,3408
IMG002867.jpeg,0,True,data\raw\images\IMG002867.jpeg,False,,1550,2132
IMG002868.jpeg,0,True,data\raw\images\IMG002868.jpeg,False,,1712,3032
IMG002869.jpeg,0,True,data\raw\images\IMG002869.jpeg,False,,1632,3408
IMG002870.jpeg,0,True,data\raw\images\IMG002870.jpeg,False,,2398,3032
IMG002871.jpeg,0,True,data\raw\images\IMG002871.jpeg,False,,2181,1824
IMG002872.jpeg,0,True,data\raw\images\IMG002872.jpeg,False,,1987,3032
IMG002873.jpeg,0,True,data\raw\images\IMG002873.jpeg,False,,1400,3408
IMG002874.jpeg,0,True,data\raw\images\IMG002874.jpeg,False,,1870,3408
IMG002875.jpeg,0,True,data\raw\images\IMG002875.jpeg,False,,1418,2277
IMG002876.jpeg,0,True,data\raw\images\IMG002876.jpeg,False,,1561,2151
IMG002877.jpeg,0,True,data\raw\images\IMG002877.jpeg,False,,1556,3032
IMG002878.jpeg,0,True,data\raw\images\IMG002878.jpeg,False,,1316,2648
IMG002879.jpeg,0,True,data\raw\images\IMG002879.jpeg,False,,2255,1590
IMG002880.jpeg,0,True,data\raw\images\IMG002880.jpeg,False,,2420,3032
IMG002881.jpeg,0,True,data\raw\images\IMG002881.jpeg,False,,1319,2648
IMG002882.jpeg,0,True,data\raw\images\IMG002882.jpeg,False,,2097,1455
IMG002883.jpeg,0,True,data\raw\images\IMG002883.jpeg,False,,1808,3408
IMG002884.jpeg,0,True,data\raw\images\IMG002884.jpeg,False,,2012,1474
IMG002885.jpeg,0,True,data\raw\images\IMG002885.jpeg,False,,2394,3032
IMG002886.jpeg,0,True,data\raw\images\IMG002886.jpeg,False,,2520,3032
IMG002887.jpeg,0,True,data\raw\images\IMG002887.jpeg,False,,2520,3032
IMG002888.jpeg,0,True,data\raw\images\IMG002888.jpeg,False,,2520,3032
IMG002889.jpeg,0,True,data\raw\images\IMG002889.jpeg,False,,2520,3032
IMG002890.jpeg,0,True,data\raw\images\IMG002890.jpeg,False,,1811,2011
IMG002891.jpeg,0,True,data\raw\images\IMG002891.jpeg,False,,1589,2037
IMG002892.jpeg,0,True,data\raw\images\IMG002892.jpeg,False,,1775,3032
IMG002893.jpeg,0,True,data\raw\images\IMG002893.jpeg,False,,2176,3032
IMG002894.jpeg,0,True,data\raw\images\IMG002894.jpeg,False,,1410,2657
IMG002895.jpeg,0,True,data\raw\images\IMG002895.jpeg,False,,1714,2668
IMG002896.jpeg,0,True,data\raw\images\IMG002896.jpeg,False,,1452,2606
IMG002897.jpeg,0,True,data\raw\images\IMG002897.jpeg,False,,1455,2494
IMG002898.jpeg,0,True,data\raw\images\IMG002898.jpeg,False,,2279,3032
IMG002899.jpeg,0,True,data\raw\images\IMG002899.jpeg,False,,1040,2735
IMG002900.jpeg,0,True,data\raw\images\IMG002900.jpeg,False,,1541,3032
IMG002901.jpeg,0,True,data\raw\images\IMG002901.jpeg,False,,1134,2682
IMG002902.jpeg,0,True,data\raw\images\IMG002902.jpeg,False,,2284,3032
IMG002903.jpeg,0,True,data\raw\images\IMG002903.jpeg,False,,1651,3032
IMG002904.jpeg,0,True,data\raw\images\IMG002904.jpeg,False,,2284,3032
IMG002905.jpeg,0,True,data\raw\images\IMG002905.jpeg,False,,1525,3022
IMG002906.jpeg,0,True,data\raw\images\IMG002906.jpeg,False,,1554,3032
IMG002907.jpeg,0,True,data\raw\images\IMG002907.jpeg,False,,1119,1304
IMG002908.jpeg,0,True,data\raw\images\IMG002908.jpeg,False,,1640,3032
IMG002909.jpeg,0,True,data\raw\images\IMG002909.jpeg,False,,1601,1973
IMG002910.jpeg,0,True,data\raw\images\IMG002910.jpeg,False,,1668,3032
IMG002911.jpeg,0,True,data\raw\images\IMG002911.jpeg,False,,800,1496
IMG002912.jpeg,0,True,data\raw\images\IMG002912.jpeg,False,,1620,3032
IMG002913.jpeg,0,True,data\raw\images\IMG002913.jpeg,False,,2084,2764
IMG002914.jpeg,0,True,data\raw\images\IMG002914.jpeg,False,,1676,3032
IMG002915.jpeg,0,True,data\raw\images\IMG002915.jpeg,False,,1636,2924
IMG002916.jpeg,0,True,data\raw\images\IMG002916.jpeg,False,,1664,3032
IMG002917.jpeg,0,True,data\raw\images\IMG002917.jpeg,False,,2309,3032
IMG002918.jpeg,0,True,data\raw\images\IMG002918.jpeg,False,,1816,3032
IMG002919.jpeg,0,True,data\raw\images\IMG002919.jpeg,False,,1320,2037
IMG002920.jpeg,0,True,data\raw\images\IMG002920.jpeg,False,,1800,3032
IMG002921.jpeg,0,True,data\raw\images\IMG002921.jpeg,False,,1459,2355
IMG002922.jpeg,0,True,data\raw\images\IMG002922.jpeg,False,,1800,3032
IMG002923.jpeg,0,True,data\raw\images\IMG002923.jpeg,False,,1113,1539
IMG002924.jpeg,0,True,data\raw\images\IMG002924.jpeg,False,,2128,2768
IMG002925.jpeg,0,True,data\raw\images\IMG002925.jpeg,False,,1256,2842
IMG002926.jpeg,0,True,data\raw\images\IMG002926.jpeg,False,,1856,2896
IMG002927.jpeg,0,True,data\raw\images\IMG002927.jpeg,False,,1432,2067
IMG002928.jpeg,0,True,data\raw\images\IMG002928.jpeg,False,,2089,3032
IMG002929.jpeg,0,True,data\raw\images\IMG002929.jpeg,False,,1725,1758
IMG002930.jpeg,0,True,data\raw\images\IMG002930.jpeg,False,,1656,3032
IMG002931.jpeg,0,True,data\raw\images\IMG002931.jpeg,False,,1743,3032
IMG002932.jpeg,0,True,data\raw\images\IMG002932.jpeg,False,,1771,3032
IMG002933.jpeg,0,True,data\raw\images\IMG002933.jpeg,False,,1699,3032
IMG002934.jpeg,0,True,data\raw\images\IMG002934.jpeg,False,,1592,2452
IMG002935.jpeg,0,True,data\raw\images\IMG002935.jpeg,False,,1116,1418
IMG002936.jpeg,0,True,data\raw\images\IMG002936.jpeg,False,,598,1573
IMG002937.jpeg,0,True,data\raw\images\IMG002937.jpeg,False,,1168,835
IMG002938.jpeg,0,True,data\raw\images\IMG002938.jpeg,False,,1359,2355
IMG002939.jpeg,0,True,data\raw\images\IMG002939.jpeg,False,,1463,1566
IMG002940.jpeg,0,True,data\raw\images\IMG002940.jpeg,False,,1769,2175
IMG002941.jpeg,0,True,data\raw\images\IMG002941.jpeg,False,,1832,2468
IMG002942.jpeg,0,True,data\raw\images\IMG002942.jpeg,False,,1660,2400
IMG002943.jpeg,0,True,data\raw\images\IMG002943.jpeg,False,,1564,3032
IMG002944.jpeg,0,True,data\raw\images\IMG002944.jpeg,False,,1522,2950
IMG002945.jpeg,0,True,data\raw\images\IMG002945.jpeg,False,,634,1480
IMG002946.jpeg,0,True,data\raw\images\IMG002946.jpeg,False,,979,1407
IMG002947.jpeg,0,True,data\raw\images\IMG002947.jpeg,False,,1100,894
IMG002948.jpeg,0,True,data\raw\images\IMG002948.jpeg,False,,1603,2291
IMG002949.jpeg,0,True,data\raw\images\IMG002949.jpeg,False,,1250,1972
IMG002950.jpeg,0,True,data\raw\images\IMG002950.jpeg,False,,1797,1623
IMG002951.jpeg,0,True,data\raw\images\IMG002951.jpeg,False,,1497,2104
IMG002952.jpeg,0,True,data\raw\images\IMG002952.jpeg,False,,1307,3223
IMG002953.jpeg,0,True,data\raw\images\IMG002953.jpeg,False,,2520,2365
IMG002954.jpeg,0,True,data\raw\images\IMG002954.jpeg,False,,1541,3032
IMG002955.jpeg,0,True,data\raw\images\IMG002955.jpeg,False,,1812,3032
IMG002956.jpeg,0,True,data\raw\images\IMG002956.jpeg,False,,1576,3408
IMG002957.jpeg,0,True,data\raw\images\IMG002957.jpeg,False,,1976,2851
IMG002958.jpeg,0,True,data\raw\images\IMG002958.jpeg,False,,1885,2426
IMG002959.jpeg,0,True,data\raw\images\IMG002959.jpeg,False,,1780,3408
IMG002960.jpeg,0,True,data\raw\images\IMG002960.jpeg,False,,1329,3408
IMG002961.jpeg,0,True,data\raw\images\IMG002961.jpeg,False,,1616,3408
IMG002962.jpeg,0,True,data\raw\images\IMG002962.jpeg,False,,2520,2044
IMG002963.jpeg,0,True,data\raw\images\IMG002963.jpeg,False,,1559,3032
IMG002964.jpeg,0,True,data\raw\images\IMG002964.jpeg,False,,1620,2423
IMG002965.jpeg,0,True,data\raw\images\IMG002965.jpeg,False,,1332,2073
IMG002966.jpeg,0,True,data\raw\images\IMG002966.jpeg,False,,2520,2071
IMG002967.jpeg,0,True,data\raw\images\IMG002967.jpeg,False,,1715,2545
IMG002968.jpeg,0,True,data\raw\images\IMG002968.jpeg,False,,2041,2792
IMG002969.jpeg,0,True,data\raw\images\IMG002969.jpeg,False,,1809,2253
IMG002970.jpeg,0,True,data\raw\images\IMG002970.jpeg,False,,1535,2102
IMG002971.jpeg,0,True,data\raw\images\IMG002971.jpeg,False,,2084,3032
IMG002972.jpeg,0,True,data\raw\images\IMG002972.jpeg,False,,1636,3032
IMG002973.jpeg,0,True,data\raw\images\IMG002973.jpeg,False,,2030,3032
IMG002974.jpeg,0,True,data\raw\images\IMG002974.jpeg,False,,1804,3032
IMG002975.jpeg,0,True,data\raw\images\IMG002975.jpeg,False,,1901,3032
IMG002976.jpeg,0,True,data\raw\images\IMG002976.jpeg,False,,1993,2408
IMG002977.jpeg,0,True,data\raw\images\IMG002977.jpeg,False,,1628,3032
IMG002978.jpeg,0,True,data\raw\images\IMG002978.jpeg,False,,2120,3032
IMG002979.jpeg,0,True,data\raw\images\IMG002979.jpeg,False,,2526,2401
IMG002980.jpeg,0,True,data\raw\images\IMG002980.jpeg,False,,1636,3032
IMG002981.jpeg,0,True,data\raw\images\IMG002981.jpeg,False,,1942,3032
IMG002982.jpeg,0,True,data\raw\images\IMG002982.jpeg,False,,1952,2311
IMG002983.jpeg,0,True,data\raw\images\IMG002983.jpeg,False,,1160,1760
IMG002984.jpeg,0,True,data\raw\images\IMG002984.jpeg,False,,1734,3032
IMG002985.jpeg,0,True,data\raw\images\IMG002985.jpeg,False,,2024,2040
IMG002986.jpeg,0,True,data\raw\images\IMG002986.jpeg,False,,1732,3032
IMG002987.jpeg,0,True,data\raw\images\IMG002987.jpeg,False,,2024,2040
IMG002988.jpeg,0,True,data\raw\images\IMG002988.jpeg,False,,832,1352
IMG002989.jpeg,0,True,data\raw\images\IMG002989.jpeg,False,,1968,3408
IMG002990.jpeg,0,True,data\raw\images\IMG002990.jpeg,False,,1687,2671
IMG002991.jpeg,0,True,data\raw\images\IMG002991.jpeg,False,,880,1488
IMG002992.jpeg,0,True,data\raw\images\IMG002992.jpeg,False,,1992,3408
IMG002993.jpeg,0,True,data\raw\images\IMG002993.jpeg,False,,1653,3032
IMG002994.jpeg,0,True,data\raw\images\IMG002994.jpeg,False,,1160,1760
IMG002995.jpeg,0,True,data\raw\images\IMG002995.jpeg,False,,1829,3032
IMG002996.jpeg,0,True,data\raw\images\IMG002996.jpeg,False,,2520,2984
IMG002997.jpeg,0,True,data\raw\images\IMG002997.jpeg,False,,1824,2745
IMG002998.jpeg,0,True,data\raw\images\IMG002998.jpeg,False,,1843,3408
IMG002999.jpeg,0,True,data\raw\images\IMG002999.jpeg,False,,2520,2984
IMG003000.jpeg,0,True,data\raw\images\IMG003000.jpeg,False,,2107,2885
IMG003001.jpeg,0,True,data\raw\images\IMG003001.jpeg,False,,1976,3408
IMG003002.jpeg,0,True,data\raw\images\IMG003002.jpeg,False,,1815,2899
IMG003003.jpeg,0,True,data\raw\images\IMG003003.jpeg,False,,2026,3032
IMG003004.jpeg,0,True,data\raw\images\IMG003004.jpeg,False,,1250,2306
IMG003005.jpeg,0,True,data\raw\images\IMG003005.jpeg,False,,2008,3032
IMG003006.jpeg,0,True,data\raw\images\IMG003006.jpeg,False,,2023,3032
IMG003007.jpeg,0,True,data\raw\images\IMG003007.jpeg,False,,1968,2252
IMG003008.jpeg,0,True,data\raw\images\IMG003008.jpeg,False,,1964,2628
IMG003009.jpeg,0,True,data\raw\images\IMG003009.jpeg,False,,1904,3032
IMG003010.jpeg,0,True,data\raw\images\IMG003010.jpeg,False,,1988,2803
IMG003011.jpeg,0,True,data\raw\images\IMG003011.jpeg,False,,2512,2624
IMG003012.jpeg,0,True,data\raw\images\IMG003012.jpeg,False,,2520,3032
IMG003013.jpeg,0,True,data\raw\images\IMG003013.jpeg,False,,1761,2224
IMG003014.jpeg,0,True,data\raw\images\IMG003014.jpeg,False,,2496,2632
IMG003015.jpeg,0,True,data\raw\images\IMG003015.jpeg,False,,2278,1580
IMG003016.jpeg,0,True,data\raw\images\IMG003016.jpeg,False,,1869,2821
IMG003017.jpeg,0,True,data\raw\images\IMG003017.jpeg,False,,1880,3032
IMG003018.jpeg,0,True,data\raw\images\IMG003018.jpeg,False,,2520,3032
IMG003019.jpeg,0,True,data\raw\images\IMG003019.jpeg,False,,1963,2469
IMG003020.jpeg,0,True,data\raw\images\IMG003020.jpeg,False,,2328,3032
IMG003021.jpeg,0,True,data\raw\images\IMG003021.jpeg,False,,1622,3408
IMG003022.jpeg,0,True,data\raw\images\IMG003022.jpeg,False,,1882,1690
IMG003023.jpeg,0,True,data\raw\images\IMG003023.jpeg,False,,1320,1817
IMG003024.jpeg,0,True,data\raw\images\IMG003024.jpeg,False,,1544,1733
IMG003025.jpeg,0,True,data\raw\images\IMG003025.jpeg,False,,1613,3408
IMG003026.jpeg,0,True,data\raw\images\IMG003026.jpeg,False,,2520,2513
IMG003027.jpeg,0,True,data\raw\images\IMG003027.jpeg,False,,1691,2606
IMG003028.jpeg,0,True,data\raw\images\IMG003028.jpeg,False,,2630,3309
IMG003029.jpeg,0,True,data\raw\images\IMG003029.jpeg,False,,2056,2743
IMG003030.jpeg,0,True,data\raw\images\IMG003030.jpeg,False,,2136,3032
IMG003031.jpeg,0,True,data\raw\images\IMG003031.jpeg,False,,2800,3408
IMG003032.jpeg,0,True,data\raw\images\IMG003032.jpeg,False,,1554,2256
IMG003033.jpeg,0,True,data\raw\images\IMG003033.jpeg,False,,1871,2702
IMG003034.jpeg,0,True,data\raw\images\IMG003034.jpeg,False,,1687,2487
IMG003035.jpeg,0,True,data\raw\images\IMG003035.jpeg,False,,1496,2392
IMG003036.jpeg,0,True,data\raw\images\IMG003036.jpeg,False,,1587,2290
IMG003037.jpeg,0,True,data\raw\images\IMG003037.jpeg,False,,2310,2854
IMG003038.jpeg,0,True,data\raw\images\IMG003038.jpeg,False,,1514,1699
IMG003039.jpeg,0,True,data\raw\images\IMG003039.jpeg,False,,1433,1584
IMG003040.jpeg,0,True,data\raw\images\IMG003040.jpeg,False,,1014,1417
IMG003041.jpeg,0,True,data\raw\images\IMG003041.jpeg,False,,770,1318
IMG003042.jpeg,0,True,data\raw\images\IMG003042.jpeg,False,,2385,1760
IMG003043.jpeg,0,True,data\raw\images\IMG003043.jpeg,False,,1752,3032
IMG003044.jpeg,0,True,data\raw\images\IMG003044.jpeg,False,,1932,2835
IMG003045.jpeg,0,True,data\raw\images\IMG003045.jpeg,False,,1261,1329
IMG003046.jpeg,0,True,data\raw\images\IMG003046.jpeg,False,,1311,3032
IMG003047.jpeg,0,True,data\raw\images\IMG003047.jpeg,False,,1795,3032
IMG003048.jpeg,0,True,data\raw\images\IMG003048.jpeg,False,,3137,3337
IMG003049.jpeg,0,True,data\raw\images\IMG003049.jpeg,False,,1626,2387
IMG003050.jpeg,0,True,data\raw\images\IMG003050.jpeg,False,,1626,2359
IMG003051.jpeg,0,True,data\raw\images\IMG003051.jpeg,False,,1826,2032
IMG003052.jpeg,0,True,data\raw\images\IMG003052.jpeg,False,,1109,1598
IMG003053.jpeg,0,True,data\raw\images\IMG003053.jpeg,False,,1180,1156
IMG003054.jpeg,0,True,data\raw\images\IMG003054.jpeg,False,,2412,3032
IMG003055.jpeg,0,True,data\raw\images\IMG003055.jpeg,False,,1654,2682
IMG003056.jpeg,0,True,data\raw\images\IMG003056.jpeg,False,,2415,2710
IMG003057.jpeg,0,True,data\raw\images\IMG003057.jpeg,False,,1972,2368
IMG003058.jpeg,0,True,data\raw\images\IMG003058.jpeg,False,,2400,3032
IMG003059.jpeg,0,True,data\raw\images\IMG003059.jpeg,False,,2424,3032
IMG003060.jpeg,0,True,data\raw\images\IMG003060.jpeg,False,,3320,2939
IMG003061.jpeg,0,True,data\raw\images\IMG003061.jpeg,False,,603,1454
IMG003062.jpeg,0,True,data\raw\images\IMG003062.jpeg,False,,585,1350
IMG003063.jpeg,0,True,data\raw\images\IMG003063.jpeg,False,,573,1517
IMG003064.jpeg,0,True,data\raw\images\IMG003064.jpeg,False,,1112,752
IMG003065.jpeg,0,True,data\raw\images\IMG003065.jpeg,False,,2128,3032
IMG003066.jpeg,0,True,data\raw\images\IMG003066.jpeg,False,,1630,3032
IMG003067.jpeg,0,True,data\raw\images\IMG003067.jpeg,False,,2136,3032
IMG003068.jpeg,0,True,data\raw\images\IMG003068.jpeg,False,,1533,3032
IMG003069.jpeg,0,True,data\raw\images\IMG003069.jpeg,False,,1996,3408
IMG003070.jpeg,0,True,data\raw\images\IMG003070.jpeg,False,,2475,3408
IMG003071.jpeg,0,True,data\raw\images\IMG003071.jpeg,False,,2101,3408
IMG003072.jpeg,0,True,data\raw\images\IMG003072.jpeg,False,,2534,2520
IMG003073.jpeg,0,True,data\raw\images\IMG003073.jpeg,False,,1675,3408
IMG003074.jpeg,0,True,data\raw\images\IMG003074.jpeg,False,,1925,3408
IMG003075.jpeg,0,True,data\raw\images\IMG003075.jpeg,False,,1941,2227
IMG003076.jpeg,0,True,data\raw\images\IMG003076.jpeg,False,,2394,2289
IMG003077.jpeg,0,True,data\raw\images\IMG003077.jpeg,False,,1978,3408
IMG003078.jpeg,0,True,data\raw\images\IMG003078.jpeg,False,,1860,2225
IMG003079.jpeg,0,True,data\raw\images\IMG003079.jpeg,False,,1484,3032
IMG003080.jpeg,0,True,data\raw\images\IMG003080.jpeg,False,,2240,2731
IMG003081.jpeg,0,True,data\raw\images\IMG003081.jpeg,False,,2520,3032
IMG003082.jpeg,0,True,data\raw\images\IMG003082.jpeg,False,,1926,3032
IMG003083.jpeg,0,True,data\raw\images\IMG003083.jpeg,False,,2064,2896
IMG003084.jpeg,0,True,data\raw\images\IMG003084.jpeg,False,,2416,3032
IMG003085.jpeg,0,True,data\raw\images\IMG003085.jpeg,False,,2416,3032
IMG003086.jpeg,0,True,data\raw\images\IMG003086.jpeg,False,,921,1051
IMG003087.jpeg,0,True,data\raw\images\IMG003087.jpeg,False,,822,878
IMG003088.jpeg,0,True,data\raw\images\IMG003088.jpeg,False,,1332,1162
IMG003089.jpeg,0,True,data\raw\images\IMG003089.jpeg,False,,940,2219
IMG003090.jpeg,0,True,data\raw\images\IMG003090.jpeg,False,,1249,1014
IMG003091.jpeg,0,True,data\raw\images\IMG003091.jpeg,False,,1097,1981
IMG003092.jpeg,0,True,data\raw\images\IMG003092.jpeg,False,,2520,2290
IMG003093.jpeg,0,True,data\raw\images\IMG003093.jpeg,False,,1547,2561
IMG003094.jpeg,0,True,data\raw\images\IMG003094.jpeg,False,,1383,2615
IMG003095.jpeg,0,True,data\raw\images\IMG003095.jpeg,False,,1549,2791
IMG003096.jpeg,0,True,data\raw\images\IMG003096.jpeg,False,,1603,3032
IMG003097.jpeg,0,True,data\raw\images\IMG003097.jpeg,False,,1619,3032
IMG003098.jpeg,0,True,data\raw\images\IMG003098.jpeg,False,,1853,2975
IMG003099.jpeg,0,True,data\raw\images\IMG003099.jpeg,False,,1530,3405
IMG003100.jpeg,0,True,data\raw\images\IMG003100.jpeg,False,,1496,3408
IMG003101.jpeg,0,True,data\raw\images\IMG003101.jpeg,False,,3032,2447
IMG003102.jpeg,0,True,data\raw\images\IMG003102.jpeg,False,,1505,3408
IMG003103.jpeg,0,True,data\raw\images\IMG003103.jpeg,False,,3032,2520
IMG003104.jpeg,0,True,data\raw\images\IMG003104.jpeg,False,,1916,3032
IMG003105.jpeg,0,True,data\raw\images\IMG003105.jpeg,False,,2156,3032
IMG003106.jpeg,0,True,data\raw\images\IMG003106.jpeg,False,,1826,2174
IMG003107.jpeg,0,True,data\raw\images\IMG003107.jpeg,False,,1915,2153
IMG003108.jpeg,0,True,data\raw\images\IMG003108.jpeg,False,,1626,2032
IMG003109.jpeg,0,True,data\raw\images\IMG003109.jpeg,False,,2800,3408
IMG003110.jpeg,0,True,data\raw\images\IMG003110.jpeg,False,,1462,3408
IMG003111.jpeg,0,True,data\raw\images\IMG003111.jpeg,False,,1626,2032
IMG003112.jpeg,0,True,data\raw\images\IMG003112.jpeg,False,,1802,3408
IMG003113.jpeg,0,True,data\raw\images\IMG003113.jpeg,False,,1960,3384
IMG003114.jpeg,0,True,data\raw\images\IMG003114.jpeg,False,,2800,2120
IMG003115.jpeg,0,True,data\raw\images\IMG003115.jpeg,False,,2126,2617
IMG003116.jpeg,0,True,data\raw\images\IMG003116.jpeg,False,,1452,3408
IMG003117.jpeg,0,True,data\raw\images\IMG003117.jpeg,False,,1919,2745
IMG003118.jpeg,0,True,data\raw\images\IMG003118.jpeg,False,,1715,3408
IMG003119.jpeg,0,True,data\raw\images\IMG003119.jpeg,False,,1478,3032
IMG003120.jpeg,0,True,data\raw\images\IMG003120.jpeg,False,,1458,3032
IMG003121.jpeg,0,True,data\raw\images\IMG003121.jpeg,False,,1612,1944
IMG003122.jpeg,0,True,data\raw\images\IMG003122.jpeg,False,,1482,1864
IMG003123.jpeg,0,True,data\raw\images\IMG003123.jpeg,False,,1952,3032
IMG003124.jpeg,0,True,data\raw\images\IMG003124.jpeg,False,,1545,3408
IMG003125.jpeg,0,True,data\raw\images\IMG003125.jpeg,False,,1990,3408
IMG003126.jpeg,0,True,data\raw\images\IMG003126.jpeg,False,,2385,3032
IMG003127.jpeg,0,True,data\raw\images\IMG003127.jpeg,False,,2869,1964
IMG003128.jpeg,0,True,data\raw\images\IMG003128.jpeg,False,,1596,3032
IMG003129.jpeg,0,True,data\raw\images\IMG003129.jpeg,False,,2146,3032
IMG003130.jpeg,0,True,data\raw\images\IMG003130.jpeg,False,,2520,2320
IMG003131.jpeg,0,True,data\raw\images\IMG003131.jpeg,False,,2520,2320
IMG003132.jpeg,0,True,data\raw\images\IMG003132.jpeg,False,,1544,3032
IMG003133.jpeg,0,True,data\raw\images\IMG003133.jpeg,False,,1192,2144
IMG003134.jpeg,0,True,data\raw\images\IMG003134.jpeg,False,,1153,1949
IMG003135.jpeg,0,True,data\raw\images\IMG003135.jpeg,False,,1639,3032
IMG003136.jpeg,0,True,data\raw\images\IMG003136.jpeg,False,,2168,3408
IMG003137.jpeg,0,True,data\raw\images\IMG003137.jpeg,False,,2136,3032
IMG003138.jpeg,0,True,data\raw\images\IMG003138.jpeg,False,,2076,2313
IMG003139.jpeg,0,True,data\raw\images\IMG003139.jpeg,False,,1410,2044
IMG003140.jpeg,0,True,data\raw\images\IMG003140.jpeg,False,,2168,3408
IMG003141.jpeg,0,True,data\raw\images\IMG003141.jpeg,False,,1469,1914
IMG003142.jpeg,0,True,data\raw\images\IMG003142.jpeg,False,,1648,2080
IMG003143.jpeg,0,True,data\raw\images\IMG003143.jpeg,False,,1266,1739
IMG003144.jpeg,0,True,data\raw\images\IMG003144.jpeg,False,,1763,2898
IMG003145.jpeg,0,True,data\raw\images\IMG003145.jpeg,False,,1567,3032
IMG003146.jpeg,0,True,data\raw\images\IMG003146.jpeg,False,,2104,2647
IMG003147.jpeg,0,True,data\raw\images\IMG003147.jpeg,False,,2013,2908
IMG003148.jpeg,0,True,data\raw\images\IMG003148.jpeg,False,,2038,3011
IMG003149.jpeg,0,True,data\raw\images\IMG003149.jpeg,False,,2320,3408
IMG003150.jpeg,0,True,data\raw\images\IMG003150.jpeg,False,,2344,3408
IMG003151.jpeg,0,True,data\raw\images\IMG003151.jpeg,False,,2044,2376
IMG003152.jpeg,0,True,data\raw\images\IMG003152.jpeg,False,,2191,2575
IMG003153.jpeg,0,True,data\raw\images\IMG003153.jpeg,False,,2253,2657
IMG003154.jpeg,0,True,data\raw\images\IMG003154.jpeg,False,,2098,2558
IMG003155.jpeg,0,True,data\raw\images\IMG003155.jpeg,False,,1447,2520
IMG003156.jpeg,0,True,data\raw\images\IMG003156.jpeg,False,,2800,2055
IMG003157.jpeg,0,True,data\raw\images\IMG003157.jpeg,False,,1304,2288
IMG003158.jpeg,0,True,data\raw\images\IMG003158.jpeg,False,,1536,1968
IMG003159.jpeg,0,True,data\raw\images\IMG003159.jpeg,False,,1019,2685
IMG003160.jpeg,0,True,data\raw\images\IMG003160.jpeg,False,,1304,1709
IMG003161.jpeg,0,True,data\raw\images\IMG003161.jpeg,False,,1288,3084
IMG003162.jpeg,0,True,data\raw\images\IMG003162.jpeg,False,,1664,2376
IMG003163.jpeg,0,True,data\raw\images\IMG003163.jpeg,False,,854,2190
IMG003164.jpeg,0,True,data\raw\images\IMG003164.jpeg,False,,1476,2332
IMG003165.jpeg,0,True,data\raw\images\IMG003165.jpeg,False,,2004,738
IMG003166.jpeg,0,True,data\raw\images\IMG003166.jpeg,False,,2204,3032
IMG003167.jpeg,0,True,data\raw\images\IMG003167.jpeg,False,,2192,3032
IMG003168.jpeg,0,True,data\raw\images\IMG003168.jpeg,False,,1488,3032
IMG003169.jpeg,0,True,data\raw\images\IMG003169.jpeg,False,,2508,3032
IMG003170.jpeg,0,True,data\raw\images\IMG003170.jpeg,False,,2015,2206
IMG003171.jpeg,0,True,data\raw\images\IMG003171.jpeg,False,,2520,3032
IMG003172.jpeg,0,True,data\raw\images\IMG003172.jpeg,False,,2064,2549
IMG003173.jpeg,0,True,data\raw\images\IMG003173.jpeg,False,,1616,3032
IMG003174.jpeg,0,True,data\raw\images\IMG003174.jpeg,False,,1478,3032
IMG003175.jpeg,0,True,data\raw\images\IMG003175.jpeg,False,,1863,3032
IMG003176.jpeg,0,True,data\raw\images\IMG003176.jpeg,False,,2018,2994
IMG003177.jpeg,0,True,data\raw\images\IMG003177.jpeg,False,,1638,2818
IMG003178.jpeg,0,True,data\raw\images\IMG003178.jpeg,False,,1981,2449
IMG003179.jpeg,0,True,data\raw\images\IMG003179.jpeg,False,,2328,3032
IMG003180.jpeg,0,True,data\raw\images\IMG003180.jpeg,False,,1697,2089
IMG003181.jpeg,0,True,data\raw\images\IMG003181.jpeg,False,,1882,2648
IMG003182.jpeg,0,True,data\raw\images\IMG003182.jpeg,False,,1992,2373
IMG003183.jpeg,0,True,data\raw\images\IMG003183.jpeg,False,,1931,3408
IMG003184.jpeg,0,True,data\raw\images\IMG003184.jpeg,False,,1820,2543
IMG003185.jpeg,0,True,data\raw\images\IMG003185.jpeg,False,,1758,3408
IMG003186.jpeg,0,True,data\raw\images\IMG003186.jpeg,False,,2444,3118
IMG003187.jpeg,0,True,data\raw\images\IMG003187.jpeg,False,,2160,2968
IMG003188.jpeg,0,True,data\raw\images\IMG003188.jpeg,False,,1539,2262
IMG003189.jpeg,0,True,data\raw\images\IMG003189.jpeg,False,,1147,1752
IMG003190.jpeg,0,True,data\raw\images\IMG003190.jpeg,False,,1449,1774
IMG003191.jpeg,0,True,data\raw\images\IMG003191.jpeg,False,,1285,2145
IMG003192.jpeg,0,True,data\raw\images\IMG003192.jpeg,False,,1097,1854
IMG003193.jpeg,0,True,data\raw\images\IMG003193.jpeg,False,,1460,1268
IMG003194.jpeg,0,True,data\raw\images\IMG003194.jpeg,False,,3032,2520
IMG003195.jpeg,0,True,data\raw\images\IMG003195.jpeg,False,,1465,2813
IMG003196.jpeg,0,True,data\raw\images\IMG003196.jpeg,False,,2520,3032
IMG003197.jpeg,0,True,data\raw\images\IMG003197.jpeg,False,,1730,2511
IMG003198.jpeg,0,True,data\raw\images\IMG003198.jpeg,False,,2195,3032
IMG003199.jpeg,0,True,data\raw\images\IMG003199.jpeg,False,,2056,3032
IMG003200.jpeg,0,True,data\raw\images\IMG003200.jpeg,False,,2032,3032
IMG003201.jpeg,0,True,data\raw\images\IMG003201.jpeg,False,,1114,1272
IMG003202.jpeg,0,True,data\raw\images\IMG003202.jpeg,False,,2340,2976
IMG003203.jpeg,0,True,data\raw\images\IMG003203.jpeg,False,,2520,2192
IMG003204.jpeg,0,True,data\raw\images\IMG003204.jpeg,False,,2348,2587
IMG003205.jpeg,0,True,data\raw\images\IMG003205.jpeg,False,,1493,3400
IMG003206.jpeg,0,True,data\raw\images\IMG003206.jpeg,False,,1805,2509
IMG003207.jpeg,0,True,data\raw\images\IMG003207.jpeg,False,,559,1425
IMG003208.jpeg,0,True,data\raw\images\IMG003208.jpeg,False,,1300,2397
IMG003209.jpeg,0,True,data\raw\images\IMG003209.jpeg,False,,3032,2292
IMG003210.jpeg,0,True,data\raw\images\IMG003210.jpeg,False,,2520,3032
IMG003211.jpeg,0,True,data\raw\images\IMG003211.jpeg,False,,2520,3032
IMG003212.jpeg,0,True,data\raw\images\IMG003212.jpeg,False,,1756,3032
IMG003213.jpeg,0,True,data\raw\images\IMG003213.jpeg,False,,1368,3032
IMG003214.jpeg,0,True,data\raw\images\IMG003214.jpeg,False,,2302,3032
IMG003215.jpeg,0,True,data\raw\images\IMG003215.jpeg,False,,2520,3032
IMG003216.jpeg,0,True,data\raw\images\IMG003216.jpeg,False,,484,1478
IMG003217.jpeg,0,True,data\raw\images\IMG003217.jpeg,False,,2800,2642
IMG003218.jpeg,0,True,data\raw\images\IMG003218.jpeg,False,,1250,2831
IMG003219.jpeg,0,True,data\raw\images\IMG003219.jpeg,False,,1250,2718
IMG003220.jpeg,0,True,data\raw\images\IMG003220.jpeg,False,,1612,3020
IMG003221.jpeg,0,True,data\raw\images\IMG003221.jpeg,False,,1574,2994
IMG003222.jpeg,0,True,data\raw\images\IMG003222.jpeg,False,,1706,3032
IMG003223.jpeg,0,True,data\raw\images\IMG003223.jpeg,False,,2695,2503
IMG003224.jpeg,0,True,data\raw\images\IMG003224.jpeg,False,,1792,2328
IMG003225.jpeg,0,True,data\raw\images\IMG003225.jpeg,False,,1693,3408
IMG003226.jpeg,0,True,data\raw\images\IMG003226.jpeg,False,,1540,1972
IMG003227.jpeg,0,True,data\raw\images\IMG003227.jpeg,False,,1681,1250
IMG003228.jpeg,0,True,data\raw\images\IMG003228.jpeg,False,,1286,3408
IMG003229.jpeg,0,True,data\raw\images\IMG003229.jpeg,False,,1896,3408
IMG003230.jpeg,0,True,data\raw\images\IMG003230.jpeg,False,,2487,3408
IMG003231.jpeg,0,True,data\raw\images\IMG003231.jpeg,False,,1434,3408
IMG003232.jpeg,0,True,data\raw\images\IMG003232.jpeg,False,,1901,3032
IMG003233.jpeg,0,True,data\raw\images\IMG003233.jpeg,False,,2368,3032
IMG003234.jpeg,0,True,data\raw\images\IMG003234.jpeg,False,,2175,3032
IMG003235.jpeg,0,True,data\raw\images\IMG003235.jpeg,False,,2004,3032
IMG003236.jpeg,0,True,data\raw\images\IMG003236.jpeg,False,,1737,3032
IMG003237.jpeg,0,True,data\raw\images\IMG003237.jpeg,False,,2082,3032
IMG003238.jpeg,0,True,data\raw\images\IMG003238.jpeg,False,,1788,3032
IMG003239.jpeg,0,True,data\raw\images\IMG003239.jpeg,False,,1800,3032
IMG003240.jpeg,0,True,data\raw\images\IMG003240.jpeg,False,,1215,2416
IMG003241.jpeg,0,True,data\raw\images\IMG003241.jpeg,False,,1332,2308
IMG003242.jpeg,0,True,data\raw\images\IMG003242.jpeg,False,,1452,2472
IMG003243.jpeg,0,True,data\raw\images\IMG003243.jpeg,False,,1350,1681
IMG003244.jpeg,0,True,data\raw\images\IMG003244.jpeg,False,,1350,1740
IMG003245.jpeg,0,True,data\raw\images\IMG003245.jpeg,False,,1276,1656
IMG003246.jpeg,0,True,data\raw\images\IMG003246.jpeg,False,,967,1462
IMG003247.jpeg,0,True,data\raw\images\IMG003247.jpeg,False,,2520,2672
IMG003248.jpeg,0,True,data\raw\images\IMG003248.jpeg,False,,2520,3032
IMG003249.jpeg,0,True,data\raw\images\IMG003249.jpeg,False,,1574,2933
IMG003250.jpeg,0,True,data\raw\images\IMG003250.jpeg,False,,3032,2520
IMG003251.jpeg,0,True,data\raw\images\IMG003251.jpeg,False,,967,1153
IMG003252.jpeg,0,True,data\raw\images\IMG003252.jpeg,False,,884,1239
IMG003253.jpeg,0,True,data\raw\images\IMG003253.jpeg,False,,1620,3032
IMG003254.jpeg,0,True,data\raw\images\IMG003254.jpeg,False,,1395,3032
IMG003255.jpeg,0,True,data\raw\images\IMG003255.jpeg,False,,1620,3032
IMG003256.jpeg,0,True,data\raw\images\IMG003256.jpeg,False,,1503,3032
IMG003257.jpeg,0,True,data\raw\images\IMG003257.jpeg,False,,1398,2491
IMG003258.jpeg,0,True,data\raw\images\IMG003258.jpeg,False,,1272,2343
IMG003259.jpeg,0,True,data\raw\images\IMG003259.jpeg,False,,1165,1130
IMG003260.jpeg,0,True,data\raw\images\IMG003260.jpeg,False,,2164,2220
IMG003261.jpeg,0,True,data\raw\images\IMG003261.jpeg,False,,1250,1430
IMG003262.jpeg,0,True,data\raw\images\IMG003262.jpeg,False,,1252,2411
IMG003263.jpeg,0,True,data\raw\images\IMG003263.jpeg,False,,1608,2408
IMG003264.jpeg,0,True,data\raw\images\IMG003264.jpeg,False,,541,1259
IMG003265.jpeg,0,True,data\raw\images\IMG003265.jpeg,False,,526,1477
IMG003266.jpeg,0,True,data\raw\images\IMG003266.jpeg,False,,1772,1973
IMG003267.jpeg,0,True,data\raw\images\IMG003267.jpeg,False,,1295,1952
IMG003268.jpeg,0,True,data\raw\images\IMG003268.jpeg,False,,1443,2781
IMG003269.jpeg,0,True,data\raw\images\IMG003269.jpeg,False,,1925,2169
IMG003270.jpeg,0,True,data\raw\images\IMG003270.jpeg,False,,1941,3032
IMG003271.jpeg,0,True,data\raw\images\IMG003271.jpeg,False,,2357,3032
IMG003272.jpeg,0,True,data\raw\images\IMG003272.jpeg,False,,1885,3032
IMG003273.jpeg,0,True,data\raw\images\IMG003273.jpeg,False,,1412,2833
IMG003274.jpeg,0,True,data\raw\images\IMG003274.jpeg,False,,601,1454
IMG003275.jpeg,0,True,data\raw\images\IMG003275.jpeg,False,,1152,809
IMG003276.jpeg,0,True,data\raw\images\IMG003276.jpeg,False,,1471,3084
IMG003277.jpeg,0,True,data\raw\images\IMG003277.jpeg,False,,3130,2270
IMG003278.jpeg,0,True,data\raw\images\IMG003278.jpeg,False,,2720,3328
IMG003279.jpeg,0,True,data\raw\images\IMG003279.jpeg,False,,2720,2957
IMG003280.jpeg,0,True,data\raw\images\IMG003280.jpeg,False,,2245,3025
IMG003281.jpeg,0,True,data\raw\images\IMG003281.jpeg,False,,1847,3408
IMG003282.jpeg,0,True,data\raw\images\IMG003282.jpeg,False,,1226,1424
IMG003283.jpeg,0,True,data\raw\images\IMG003283.jpeg,False,,1732,1783
IMG003284.jpeg,0,True,data\raw\images\IMG003284.jpeg,False,,1810,1887
IMG003285.jpeg,0,True,data\raw\images\IMG003285.jpeg,False,,1619,2046
IMG003286.jpeg,0,True,data\raw\images\IMG003286.jpeg,False,,1735,1988
IMG003287.jpeg,0,True,data\raw\images\IMG003287.jpeg,False,,1838,2656
IMG003288.jpeg,0,True,data\raw\images\IMG003288.jpeg,False,,1626,1743
IMG003289.jpeg,0,True,data\raw\images\IMG003289.jpeg,False,,1456,1715
IMG003290.jpeg,0,True,data\raw\images\IMG003290.jpeg,False,,1079,1278
IMG003291.jpeg,0,True,data\raw\images\IMG003291.jpeg,False,,1642,1724
IMG003292.jpeg,0,True,data\raw\images\IMG003292.jpeg,False,,1642,1616
IMG003293.jpeg,0,True,data\raw\images\IMG003293.jpeg,False,,1854,3195
IMG003294.jpeg,0,True,data\raw\images\IMG003294.jpeg,False,,1381,3062
IMG003295.jpeg,0,True,data\raw\images\IMG003295.jpeg,False,,1320,1363
IMG003296.jpeg,0,True,data\raw\images\IMG003296.jpeg,False,,1302,1293
IMG003297.jpeg,0,True,data\raw\images\IMG003297.jpeg,False,,1518,1896
IMG003298.jpeg,0,True,data\raw\images\IMG003298.jpeg,False,,1784,2305
IMG003299.jpeg,0,True,data\raw\images\IMG003299.jpeg,False,,1722,2197
IMG003300.jpeg,0,True,data\raw\images\IMG003300.jpeg,False,,1344,2306
IMG003301.jpeg,0,True,data\raw\images\IMG003301.jpeg,False,,810,2260
IMG003302.jpeg,0,True,data\raw\images\IMG003302.jpeg,False,,1255,3228
IMG003303.jpeg,0,True,data\raw\images\IMG003303.jpeg,False,,1809,3104
IMG003304.jpeg,0,True,data\raw\images\IMG003304.jpeg,False,,2072,3096
IMG003305.jpeg,0,True,data\raw\images\IMG003305.jpeg,False,,2352,3000
IMG003306.jpeg,0,True,data\raw\images\IMG003306.jpeg,False,,2438,2869
IMG003307.jpeg,0,True,data\raw\images\IMG003307.jpeg,False,,3032,2520
IMG003308.jpeg,0,True,data\raw\images\IMG003308.jpeg,False,,1856,2473
IMG003309.jpeg,0,True,data\raw\images\IMG003309.jpeg,False,,2128,2483
IMG003310.jpeg,0,True,data\raw\images\IMG003310.jpeg,False,,1715,2449
IMG003311.jpeg,0,True,data\raw\images\IMG003311.jpeg,False,,704,1514
IMG003312.jpeg,0,True,data\raw\images\IMG003312.jpeg,False,,548,1724
IMG003313.jpeg,0,True,data\raw\images\IMG003313.jpeg,False,,635,1729
IMG003314.jpeg,0,True,data\raw\images\IMG003314.jpeg,False,,1443,2042
IMG003315.jpeg,0,True,data\raw\images\IMG003315.jpeg,False,,1103,1393
IMG003316.jpeg,0,True,data\raw\images\IMG003316.jpeg,False,,1672,1496
IMG003317.jpeg,0,True,data\raw\images\IMG003317.jpeg,False,,992,1255
IMG003318.jpeg,0,True,data\raw\images\IMG003318.jpeg,False,,1300,1278
IMG003319.jpeg,0,True,data\raw\images\IMG003319.jpeg,False,,2074,2555
IMG003320.jpeg,0,True,data\raw\images\IMG003320.jpeg,False,,2544,3056
IMG003321.jpeg,0,True,data\raw\images\IMG003321.jpeg,False,,2544,3056
IMG003322.jpeg,0,True,data\raw\images\IMG003322.jpeg,False,,2544,3056
IMG003323.jpeg,0,True,data\raw\images\IMG003323.jpeg,False,,2544,3056
IMG003324.jpeg,0,True,data\raw\images\IMG003324.jpeg,False,,1724,2800
IMG003325.jpeg,0,True,data\raw\images\IMG003325.jpeg,False,,2178,2421
IMG003326.jpeg,0,True,data\raw\images\IMG003326.jpeg,False,,581,1729
IMG003327.jpeg,0,True,data\raw\images\IMG003327.jpeg,False,,1088,760
IMG003328.jpeg,0,True,data\raw\images\IMG003328.jpeg,False,,2504,2680
IMG003329.jpeg,0,True,data\raw\images\IMG003329.jpeg,False,,2512,2696
IMG003330.jpeg,0,True,data\raw\images\IMG003330.jpeg,False,,1893,3032
IMG003331.jpeg,0,True,data\raw\images\IMG003331.jpeg,False,,2504,3032
IMG003332.jpeg,0,True,data\raw\images\IMG003332.jpeg,False,,2520,3032
IMG003333.jpeg,0,True,data\raw\images\IMG003333.jpeg,False,,1784,2318
IMG003334.jpeg,0,True,data\raw\images\IMG003334.jpeg,False,,1808,2616
IMG003335.jpeg,0,True,data\raw\images\IMG003335.jpeg,False,,2944,2304
IMG003336.jpeg,0,True,data\raw\images\IMG003336.jpeg,False,,2816,2305
IMG003337.jpeg,0,True,data\raw\images\IMG003337.jpeg,False,,3008,2274
IMG003338.jpeg,0,True,data\raw\images\IMG003338.jpeg,False,,3032,2092
IMG003339.jpeg,0,True,data\raw\images\IMG003339.jpeg,False,,2174,2617
IMG003340.jpeg,0,True,data\raw\images\IMG003340.jpeg,False,,2008,2800
IMG003341.jpeg,0,True,data\raw\images\IMG003341.jpeg,False,,2408,2800
IMG003342.jpeg,0,True,data\raw\images\IMG003342.jpeg,False,,1250,1424
IMG003343.jpeg,0,True,data\raw\images\IMG003343.jpeg,False,,2296,1671
IMG003344.jpeg,0,True,data\raw\images\IMG003344.jpeg,False,,1250,1596
IMG003345.jpeg,0,True,data\raw\images\IMG003345.jpeg,False,,1250,2251
IMG003346.jpeg,0,True,data\raw\images\IMG003346.jpeg,False,,1387,2374
IMG003347.jpeg,0,True,data\raw\images\IMG003347.jpeg,False,,2860,2064
IMG003348.jpeg,0,True,data\raw\images\IMG003348.jpeg,False,,1998,2301
IMG003349.jpeg,0,True,data\raw\images\IMG003349.jpeg,False,,1572,2042
IMG003350.jpeg,0,True,data\raw\images\IMG003350.jpeg,False,,1454,1837
IMG003351.jpeg,0,True,data\raw\images\IMG003351.jpeg,False,,2240,2052
IMG003352.jpeg,0,True,data\raw\images\IMG003352.jpeg,False,,3236,2267
IMG003353.jpeg,0,True,data\raw\images\IMG003353.jpeg,False,,1817,1832
IMG003354.jpeg,0,True,data\raw\images\IMG003354.jpeg,False,,1826,2219
IMG003355.jpeg,0,True,data\raw\images\IMG003355.jpeg,False,,2404,1588
IMG003356.jpeg,0,True,data\raw\images\IMG003356.jpeg,False,,2364,1548
IMG003357.jpeg,0,True,data\raw\images\IMG003357.jpeg,False,,2856,2301
IMG003358.jpeg,0,True,data\raw\images\IMG003358.jpeg,False,,2944,2308
IMG003359.jpeg,0,True,data\raw\images\IMG003359.jpeg,False,,1546,2331
IMG003360.jpeg,0,True,data\raw\images\IMG003360.jpeg,False,,1453,2342
IMG003361.jpeg,0,True,data\raw\images\IMG003361.jpeg,False,,1935,2534
IMG003362.jpeg,0,True,data\raw\images\IMG003362.jpeg,False,,1901,2558
IMG003363.jpeg,0,True,data\raw\images\IMG003363.jpeg,False,,1756,2803
IMG003364.jpeg,0,True,data\raw\images\IMG003364.jpeg,False,,1919,2330
IMG003365.jpeg,0,True,data\raw\images\IMG003365.jpeg,False,,1885,2463
IMG003366.jpeg,0,True,data\raw\images\IMG003366.jpeg,False,,2338,1811
IMG003367.jpeg,0,True,data\raw\images\IMG003367.jpeg,False,,2184,3396
IMG003368.jpeg,0,True,data\raw\images\IMG003368.jpeg,False,,2176,2724
IMG003369.jpeg,0,True,data\raw\images\IMG003369.jpeg,False,,1656,2304
IMG003370.jpeg,0,True,data\raw\images\IMG003370.jpeg,False,,1761,2508
IMG003371.jpeg,0,True,data\raw\images\IMG003371.jpeg,False,,2920,1805
IMG003372.jpeg,0,True,data\raw\images\IMG003372.jpeg,False,,2036,2941
IMG003373.jpeg,0,True,data\raw\images\IMG003373.jpeg,False,,2036,2941
IMG003374.jpeg,0,True,data\raw\images\IMG003374.jpeg,False,,1808,1832
IMG003375.jpeg,0,True,data\raw\images\IMG003375.jpeg,False,,1496,1743
IMG003376.jpeg,0,True,data\raw\images\IMG003376.jpeg,False,,1316,1641
IMG003377.jpeg,0,True,data\raw\images\IMG003377.jpeg,False,,1716,2589
IMG003378.jpeg,0,True,data\raw\images\IMG003378.jpeg,False,,1561,2580
IMG003379.jpeg,0,True,data\raw\images\IMG003379.jpeg,False,,2368,3032
IMG003380.jpeg,0,True,data\raw\images\IMG003380.jpeg,False,,2148,2428
IMG003381.jpeg,0,True,data\raw\images\IMG003381.jpeg,False,,2488,2552
IMG003382.jpeg,0,True,data\raw\images\IMG003382.jpeg,False,,1250,1404
IMG003383.jpeg,0,True,data\raw\images\IMG003383.jpeg,False,,1250,1916
IMG003384.jpeg,0,True,data\raw\images\IMG003384.jpeg,False,,1468,1887
IMG003385.jpeg,0,True,data\raw\images\IMG003385.jpeg,False,,1250,1690
IMG003386.jpeg,0,True,data\raw\images\IMG003386.jpeg,False,,1250,1571
IMG003387.jpeg,0,True,data\raw\images\IMG003387.jpeg,False,,1468,1887
IMG003388.jpeg,0,True,data\raw\images\IMG003388.jpeg,False,,1608,2305
IMG003389.jpeg,0,True,data\raw\images\IMG003389.jpeg,False,,1608,2305
IMG003390.jpeg,0,True,data\raw\images\IMG003390.jpeg,False,,2968,2043
IMG003391.jpeg,0,True,data\raw\images\IMG003391.jpeg,False,,2320,2252
IMG003392.jpeg,0,True,data\raw\images\IMG003392.jpeg,False,,2064,2048
IMG003393.jpeg,0,True,data\raw\images\IMG003393.jpeg,False,,1541,2198
IMG003394.jpeg,0,True,data\raw\images\IMG003394.jpeg,False,,1790,2075
IMG003395.jpeg,0,True,data\raw\images\IMG003395.jpeg,False,,1957,2521
IMG003396.jpeg,0,True,data\raw\images\IMG003396.jpeg,False,,2104,2536
IMG003397.jpeg,0,True,data\raw\images\IMG003397.jpeg,False,,2247,3032
IMG003398.jpeg,0,True,data\raw\images\IMG003398.jpeg,False,,1105,1864
IMG003399.jpeg,0,True,data\raw\images\IMG003399.jpeg,False,,2026,2027
IMG003400.jpeg,0,True,data\raw\images\IMG003400.jpeg,False,,2026,2027
IMG003401.jpeg,0,True,data\raw\images\IMG003401.jpeg,False,,2630,2314
IMG003402.jpeg,0,True,data\raw\images\IMG003402.jpeg,False,,2024,2188
IMG003403.jpeg,0,True,data\raw\images\IMG003403.jpeg,False,,2300,1870
IMG003404.jpeg,0,True,data\raw\images\IMG003404.jpeg,False,,1332,2943
IMG003405.jpeg,0,True,data\raw\images\IMG003405.jpeg,False,,1332,2943
IMG003406.jpeg,0,True,data\raw\images\IMG003406.jpeg,False,,1608,2855
IMG003407.jpeg,0,True,data\raw\images\IMG003407.jpeg,False,,1608,2301
IMG003408.jpeg,0,True,data\raw\images\IMG003408.jpeg,False,,1608,2855
IMG003409.jpeg,0,True,data\raw\images\IMG003409.jpeg,False,,2306,2943
IMG003410.jpeg,0,True,data\raw\images\IMG003410.jpeg,False,,1470,1885
IMG003411.jpeg,0,True,data\raw\images\IMG003411.jpeg,False,,1608,2855
IMG003412.jpeg,0,True,data\raw\images\IMG003412.jpeg,False,,1608,2301
IMG003413.jpeg,0,True,data\raw\images\IMG003413.jpeg,False,,1352,1993
IMG003414.jpeg,0,True,data\raw\images\IMG003414.jpeg,False,,2032,1887
IMG003415.jpeg,0,True,data\raw\images\IMG003415.jpeg,False,,1586,1887
IMG003416.jpeg,0,True,data\raw\images\IMG003416.jpeg,False,,1586,1887
IMG003417.jpeg,0,True,data\raw\images\IMG003417.jpeg,False,,2860,2303
IMG003418.jpeg,0,True,data\raw\images\IMG003418.jpeg,False,,3032,2339
IMG003419.jpeg,0,True,data\raw\images\IMG003419.jpeg,False,,1852,2944
IMG003420.jpeg,0,True,data\raw\images\IMG003420.jpeg,False,,2039,3032
IMG003421.jpeg,0,True,data\raw\images\IMG003421.jpeg,False,,1834,3032
IMG003422.jpeg,0,True,data\raw\images\IMG003422.jpeg,False,,2520,3032
IMG003423.jpeg,0,True,data\raw\images\IMG003423.jpeg,False,,2012,3032
IMG003424.jpeg,0,True,data\raw\images\IMG003424.jpeg,False,,2850,1817
IMG003425.jpeg,0,True,data\raw\images\IMG003425.jpeg,False,,1748,2305
IMG003426.jpeg,0,True,data\raw\images\IMG003426.jpeg,False,,2544,3056
IMG003427.jpeg,0,True,data\raw\images\IMG003427.jpeg,False,,2544,3056
IMG003428.jpeg,0,True,data\raw\images\IMG003428.jpeg,False,,2429,2670
IMG003429.jpeg,0,True,data\raw\images\IMG003429.jpeg,False,,1414,1876
IMG003430.jpeg,0,True,data\raw\images\IMG003430.jpeg,False,,1387,1852
IMG003431.jpeg,0,True,data\raw\images\IMG003431.jpeg,False,,1536,2171
IMG003432.jpeg,0,True,data\raw\images\IMG003432.jpeg,False,,1536,2171
IMG003433.jpeg,0,True,data\raw\images\IMG003433.jpeg,False,,2942,2303
IMG003434.jpeg,0,True,data\raw\images\IMG003434.jpeg,False,,1608,2303
IMG003435.jpeg,0,True,data\raw\images\IMG003435.jpeg,False,,2559,2292
IMG003436.jpeg,0,True,data\raw\images\IMG003436.jpeg,False,,1264,2941
IMG003437.jpeg,0,True,data\raw\images\IMG003437.jpeg,False,,1264,2941
IMG003438.jpeg,0,True,data\raw\images\IMG003438.jpeg,False,,1824,2252
IMG003439.jpeg,0,True,data\raw\images\IMG003439.jpeg,False,,2000,2364
IMG003440.jpeg,0,True,data\raw\images\IMG003440.jpeg,False,,1968,2360
IMG003441.jpeg,0,True,data\raw\images\IMG003441.jpeg,False,,1680,2348
IMG003442.jpeg,0,True,data\raw\images\IMG003442.jpeg,False,,1608,2303
IMG003443.jpeg,0,True,data\raw\images\IMG003443.jpeg,False,,1470,1887
IMG003444.jpeg,0,True,data\raw\images\IMG003444.jpeg,False,,1470,1887
IMG003445.jpeg,0,True,data\raw\images\IMG003445.jpeg,False,,1622,2102
IMG003446.jpeg,0,True,data\raw\images\IMG003446.jpeg,False,,1470,1887
IMG003447.jpeg,0,True,data\raw\images\IMG003447.jpeg,False,,1357,1952
IMG003448.jpeg,0,True,data\raw\images\IMG003448.jpeg,False,,1659,1707
IMG003449.jpeg,0,True,data\raw\images\IMG003449.jpeg,False,,521,1276
IMG003450.jpeg,0,True,data\raw\images\IMG003450.jpeg,False,,590,1541
IMG003451.jpeg,0,True,data\raw\images\IMG003451.jpeg,False,,2009,2792
IMG003452.jpeg,0,True,data\raw\images\IMG003452.jpeg,False,,2183,3032
IMG003453.jpeg,0,True,data\raw\images\IMG003453.jpeg,False,,1252,1504
IMG003454.jpeg,0,True,data\raw\images\IMG003454.jpeg,False,,1250,1450
IMG003455.jpeg,0,True,data\raw\images\IMG003455.jpeg,False,,1768,3408
IMG003456.jpeg,0,True,data\raw\images\IMG003456.jpeg,False,,1823,3408
IMG003457.jpeg,0,True,data\raw\images\IMG003457.jpeg,False,,1894,3408
IMG003458.jpeg,0,True,data\raw\images\IMG003458.jpeg,False,,1721,3408
IMG003459.jpeg,0,True,data\raw\images\IMG003459.jpeg,False,,1251,2353
IMG003460.jpeg,0,True,data\raw\images\IMG003460.jpeg,False,,2183,2052
IMG003461.jpeg,0,True,data\raw\images\IMG003461.jpeg,False,,405,433
IMG003462.jpeg,0,True,data\raw\images\IMG003462.jpeg,False,,994,877
IMG003463.jpeg,0,True,data\raw\images\IMG003463.jpeg,False,,790,843
IMG003464.jpeg,0,True,data\raw\images\IMG003464.jpeg,False,,843,812
IMG003465.jpeg,0,True,data\raw\images\IMG003465.jpeg,False,,1504,1844
IMG003466.jpeg,0,True,data\raw\images\IMG003466.jpeg,False,,1504,1844
IMG003467.jpeg,0,True,data\raw\images\IMG003467.jpeg,False,,2569,1753
IMG003468.jpeg,0,True,data\raw\images\IMG003468.jpeg,False,,1385,2689
IMG003469.jpeg,0,True,data\raw\images\IMG003469.jpeg,False,,710,761
IMG003470.jpeg,0,True,data\raw\images\IMG003470.jpeg,False,,577,775
IMG003471.jpeg,0,True,data\raw\images\IMG003471.jpeg,False,,335,486
IMG003472.jpeg,0,True,data\raw\images\IMG003472.jpeg,False,,1069,2213
IMG003473.jpeg,0,True,data\raw\images\IMG003473.jpeg,False,,1593,2134
IMG003474.jpeg,0,True,data\raw\images\IMG003474.jpeg,False,,2346,2531
IMG003475.jpeg,0,True,data\raw\images\IMG003475.jpeg,False,,1492,2049
IMG003476.jpeg,0,True,data\raw\images\IMG003476.jpeg,False,,2232,2464
IMG003477.jpeg,0,True,data\raw\images\IMG003477.jpeg,False,,1636,2106
IMG003478.jpeg,0,True,data\raw\images\IMG003478.jpeg,False,,779,445
IMG003479.jpeg,0,True,data\raw\images\IMG003479.jpeg,False,,2040,2570
IMG003480.jpeg,0,True,data\raw\images\IMG003480.jpeg,False,,1435,1572
IMG003481.jpeg,0,True,data\raw\images\IMG003481.jpeg,False,,1344,1219
IMG003482.jpeg,0,True,data\raw\images\IMG003482.jpeg,False,,1309,1902
IMG003483.jpeg,0,True,data\raw\images\IMG003483.jpeg,False,,1656,1762
IMG003484.jpeg,0,True,data\raw\images\IMG003484.jpeg,False,,1366,3269
IMG003485.jpeg,0,True,data\raw\images\IMG003485.jpeg,False,,2500,2048
IMG003486.jpeg,0,True,data\raw\images\IMG003486.jpeg,False,,1462,1242
IMG003487.jpeg,0,True,data\raw\images\IMG003487.jpeg,False,,1453,1398
IMG003488.jpeg,0,True,data\raw\images\IMG003488.jpeg,False,,2369,1929
IMG003489.jpeg,0,True,data\raw\images\IMG003489.jpeg,False,,2021,1452
IMG003490.jpeg,0,True,data\raw\images\IMG003490.jpeg,False,,1243,1633
IMG003491.jpeg,0,True,data\raw\images\IMG003491.jpeg,False,,1110,1704
IMG003492.jpeg,0,True,data\raw\images\IMG003492.jpeg,False,,1227,1625
IMG003493.jpeg,0,True,data\raw\images\IMG003493.jpeg,False,,1644,1118
IMG003494.jpeg,0,True,data\raw\images\IMG003494.jpeg,False,,1294,1802
IMG003495.jpeg,0,True,data\raw\images\IMG003495.jpeg,False,,1187,1627
IMG003496.jpeg,0,True,data\raw\images\IMG003496.jpeg,False,,1409,1810
IMG003497.jpeg,0,True,data\raw\images\IMG003497.jpeg,False,,1445,2583
IMG003498.jpeg,0,True,data\raw\images\IMG003498.jpeg,False,,1782,2461
IMG003499.jpeg,0,True,data\raw\images\IMG003499.jpeg,False,,521,1017
IMG003500.jpeg,0,True,data\raw\images\IMG003500.jpeg,False,,748,1426
IMG003501.jpeg,0,True,data\raw\images\IMG003501.jpeg,False,,2149,951
IMG003502.jpeg,0,True,data\raw\images\IMG003502.jpeg,False,,725,1443
IMG003503.jpeg,0,True,data\raw\images\IMG003503.jpeg,False,,1365,1365
IMG003504.jpeg,0,True,data\raw\images\IMG003504.jpeg,False,,1365,1365
IMG003505.jpeg,0,True,data\raw\images\IMG003505.jpeg,False,,1365,1365
IMG003506.jpeg,0,True,data\raw\images\IMG003506.jpeg,False,,2526,2044
IMG003507.jpeg,0,True,data\raw\images\IMG003507.jpeg,False,,1876,1146
IMG003508.jpeg,0,True,data\raw\images\IMG003508.jpeg,False,,1385,1546
IMG003509.jpeg,0,True,data\raw\images\IMG003509.jpeg,False,,1011,1284
IMG003510.jpeg,0,True,data\raw\images\IMG003510.jpeg,False,,1401,1541
IMG003511.jpeg,0,True,data\raw\images\IMG003511.jpeg,False,,2064,1615
IMG003512.jpeg,0,True,data\raw\images\IMG003512.jpeg,False,,1260,1812
IMG003513.jpeg,0,True,data\raw\images\IMG003513.jpeg,False,,1592,1912
IMG003514.jpeg,0,True,data\raw\images\IMG003514.jpeg,False,,1570,1927
IMG003515.jpeg,0,True,data\raw\images\IMG003515.jpeg,False,,1567,1656
IMG003516.jpeg,0,True,data\raw\images\IMG003516.jpeg,False,,637,1034
IMG003517.jpeg,0,True,data\raw\images\IMG003517.jpeg,False,,640,876
IMG003518.jpeg,0,True,data\raw\images\IMG003518.jpeg,False,,1641,1643
IMG003519.jpeg,0,True,data\raw\images\IMG003519.jpeg,False,,1607,1609
IMG003520.jpeg,0,True,data\raw\images\IMG003520.jpeg,False,,562,769
IMG003521.jpeg,0,True,data\raw\images\IMG003521.jpeg,False,,472,818
IMG003522.jpeg,0,True,data\raw\images\IMG003522.jpeg,False,,1675,1105
IMG003523.jpeg,0,True,data\raw\images\IMG003523.jpeg,False,,1217,2073
IMG003524.jpeg,0,True,data\raw\images\IMG003524.jpeg,False,,878,351
IMG003525.jpeg,0,True,data\raw\images\IMG003525.jpeg,False,,2010,2869
IMG003526.jpeg,0,True,data\raw\images\IMG003526.jpeg,False,,1230,2825
IMG003527.jpeg,0,True,data\raw\images\IMG003527.jpeg,False,,655,806
IMG003528.jpeg,0,True,data\raw\images\IMG003528.jpeg,False,,661,806
IMG003529.jpeg,0,True,data\raw\images\IMG003529.jpeg,False,,1940,1544
IMG003530.jpeg,0,True,data\raw\images\IMG003530.jpeg,False,,1419,1779
IMG003531.jpeg,0,True,data\raw\images\IMG003531.jpeg,False,,1681,1325
IMG003532.jpeg,0,True,data\raw\images\IMG003532.jpeg,False,,1213,1549
IMG003533.jpeg,0,True,data\raw\images\IMG003533.jpeg,False,,3006,2601
IMG003534.jpeg,0,True,data\raw\images\IMG003534.jpeg,False,,2670,2725
IMG003535.jpeg,0,True,data\raw\images\IMG003535.jpeg,False,,2926,2991
IMG003536.jpeg,0,True,data\raw\images\IMG003536.jpeg,False,,2898,2295
IMG003537.jpeg,0,True,data\raw\images\IMG003537.jpeg,False,,1039,1829
IMG003538.jpeg,0,True,data\raw\images\IMG003538.jpeg,False,,1766,1641
IMG003539.jpeg,0,True,data\raw\images\IMG003539.jpeg,False,,751,1379
IMG003540.jpeg,0,True,data\raw\images\IMG003540.jpeg,False,,651,1258
IMG003541.jpeg,0,True,data\raw\images\IMG003541.jpeg,False,,916,1352
IMG003542.jpeg,0,True,data\raw\images\IMG003542.jpeg,False,,734,1178
IMG003543.jpeg,0,True,data\raw\images\IMG003543.jpeg,False,,734,1364
IMG003544.jpeg,0,True,data\raw\images\IMG003544.jpeg,False,,416,799
IMG003545.jpeg,0,True,data\raw\images\IMG003545.jpeg,False,,567,767
IMG003546.jpeg,0,True,data\raw\images\IMG003546.jpeg,False,,381,830
IMG003547.jpeg,0,True,data\raw\images\IMG003547.jpeg,False,,824,2758
IMG003548.jpeg,0,True,data\raw\images\IMG003548.jpeg,False,,822,2661
IMG003549.jpeg,0,True,data\raw\images\IMG003549.jpeg,False,,1328,1518
IMG003550.jpeg,0,True,data\raw\images\IMG003550.jpeg,False,,658,811
IMG003551.jpeg,0,True,data\raw\images\IMG003551.jpeg,False,,585,811
IMG003552.jpeg,0,True,data\raw\images\IMG003552.jpeg,False,,386,945
IMG003553.jpeg,0,True,data\raw\images\IMG003553.jpeg,False,,816,1516
IMG003554.jpeg,0,True,data\raw\images\IMG003554.jpeg,False,,792,1206
IMG003555.jpeg,0,True,data\raw\images\IMG003555.jpeg,False,,1789,1652
IMG003556.jpeg,0,True,data\raw\images\IMG003556.jpeg,False,,911,794
IMG003557.jpeg,0,True,data\raw\images\IMG003557.jpeg,False,,874,2050
IMG003558.jpeg,0,True,data\raw\images\IMG003558.jpeg,False,,757,1577
IMG003559.jpeg,0,True,data\raw\images\IMG003559.jpeg,False,,854,1798
IMG003560.jpeg,0,True,data\raw\images\IMG003560.jpeg,False,,386,788
IMG003561.jpeg,0,True,data\raw\images\IMG003561.jpeg,False,,811,785
IMG003562.jpeg,0,True,data\raw\images\IMG003562.jpeg,False,,2012,2012
IMG003563.jpeg,0,True,data\raw\images\IMG003563.jpeg,False,,1519,1414
IMG003564.jpeg,0,True,data\raw\images\IMG003564.jpeg,False,,1478,1373
IMG003565.jpeg,0,True,data\raw\images\IMG003565.jpeg,False,,1038,1692
IMG003566.jpeg,0,True,data\raw\images\IMG003566.jpeg,False,,1626,1375
IMG003567.jpeg,0,True,data\raw\images\IMG003567.jpeg,False,,409,645
IMG003568.jpeg,0,True,data\raw\images\IMG003568.jpeg,False,,448,647
IMG003569.jpeg,0,True,data\raw\images\IMG003569.jpeg,False,,672,1498
IMG003570.jpeg,0,True,data\raw\images\IMG003570.jpeg,False,,608,1496
IMG003571.jpeg,0,True,data\raw\images\IMG003571.jpeg,False,,1198,2466
IMG003572.jpeg,0,True,data\raw\images\IMG003572.jpeg,False,,1042,2496
IMG003573.jpeg,0,True,data\raw\images\IMG003573.jpeg,False,,1354,1767
IMG003574.jpeg,0,True,data\raw\images\IMG003574.jpeg,False,,996,2060
IMG003575.jpeg,0,True,data\raw\images\IMG003575.jpeg,False,,1253,1891
IMG003576.jpeg,0,True,data\raw\images\IMG003576.jpeg,False,,573,811
IMG003577.jpeg,0,True,data\raw\images\IMG003577.jpeg,False,,768,999
IMG003578.jpeg,0,True,data\raw\images\IMG003578.jpeg,False,,756,1048
IMG003579.jpeg,0,True,data\raw\images\IMG003579.jpeg,False,,775,1065
IMG003580.jpeg,0,True,data\raw\images\IMG003580.jpeg,False,,2144,2968
IMG003581.jpeg,0,True,data\raw\images\IMG003581.jpeg,False,,2510,2411
IMG003582.jpeg,0,True,data\raw\images\IMG003582.jpeg,False,,1264,1052
IMG003583.jpeg,0,True,data\raw\images\IMG003583.jpeg,False,,583,619
IMG003584.jpeg,0,True,data\raw\images\IMG003584.jpeg,False,,662,525
IMG003585.jpeg,0,True,data\raw\images\IMG003585.jpeg,False,,2523,1466
IMG003586.jpeg,0,True,data\raw\images\IMG003586.jpeg,False,,2724,1658
IMG003587.jpeg,0,True,data\raw\images\IMG003587.jpeg,False,,2862,1696
IMG003588.jpeg,0,True,data\raw\images\IMG003588.jpeg,False,,2745,1596
IMG003589.jpeg,0,True,data\raw\images\IMG003589.jpeg,False,,1028,1629
IMG003590.jpeg,0,True,data\raw\images\IMG003590.jpeg,False,,1036,1629
IMG003591.jpeg,0,True,data\raw\images\IMG003591.jpeg,False,,576,847
IMG003592.jpeg,0,True,data\raw\images\IMG003592.jpeg,False,,1700,1700
IMG003593.jpeg,0,True,data\raw\images\IMG003593.jpeg,False,,1700,1700
IMG003594.jpeg,0,True,data\raw\images\IMG003594.jpeg,False,,591,875
IMG003595.jpeg,0,True,data\raw\images\IMG003595.jpeg,False,,955,1599
IMG003596.jpeg,0,True,data\raw\images\IMG003596.jpeg,False,,1046,1110
IMG003597.jpeg,0,True,data\raw\images\IMG003597.jpeg,False,,1012,2224
IMG003598.jpeg,0,True,data\raw\images\IMG003598.jpeg,False,,2146,1564
IMG003599.jpeg,0,True,data\raw\images\IMG003599.jpeg,False,,931,2028
IMG003600.jpeg,0,True,data\raw\images\IMG003600.jpeg,False,,2224,1262
IMG003601.jpeg,0,True,data\raw\images\IMG003601.jpeg,False,,1197,1574
IMG003602.jpeg,0,True,data\raw\images\IMG003602.jpeg,False,,2971,2572
IMG003603.jpeg,0,True,data\raw\images\IMG003603.jpeg,False,,1568,1226
IMG003604.jpeg,0,True,data\raw\images\IMG003604.jpeg,False,,2652,2644
IMG003605.jpeg,0,True,data\raw\images\IMG003605.jpeg,False,,1047,1539
IMG003606.jpeg,0,True,data\raw\images\IMG003606.jpeg,False,,980,1504
IMG003607.jpeg,0,True,data\raw\images\IMG003607.jpeg,False,,1468,1798
IMG003608.jpeg,0,True,data\raw\images\IMG003608.jpeg,False,,1088,1733
IMG003609.jpeg,0,True,data\raw\images\IMG003609.jpeg,False,,896,1768
IMG003610.jpeg,0,True,data\raw\images\IMG003610.jpeg,False,,1360,1856
IMG003611.jpeg,0,True,data\raw\images\IMG003611.jpeg,False,,1506,1440
IMG003612.jpeg,0,True,data\raw\images\IMG003612.jpeg,False,,494,1807
IMG003613.jpeg,0,True,data\raw\images\IMG003613.jpeg,False,,153,476
IMG003614.jpeg,0,True,data\raw\images\IMG003614.jpeg,False,,1244,1912
IMG003615.jpeg,0,True,data\raw\images\IMG003615.jpeg,False,,1244,1868
IMG003616.jpeg,0,True,data\raw\images\IMG003616.jpeg,False,,890,1644
IMG003617.jpeg,0,True,data\raw\images\IMG003617.jpeg,False,,1064,1758
IMG003618.jpeg,0,True,data\raw\images\IMG003618.jpeg,False,,1304,1711
IMG003619.jpeg,0,True,data\raw\images\IMG003619.jpeg,False,,2226,1393
IMG003620.jpeg,0,True,data\raw\images\IMG003620.jpeg,False,,922,1334
IMG003621.jpeg,0,True,data\raw\images\IMG003621.jpeg,False,,2494,2048
IMG003622.jpeg,0,True,data\raw\images\IMG003622.jpeg,False,,1020,2172
IMG003623.jpeg,0,True,data\raw\images\IMG003623.jpeg,False,,1712,648
IMG003624.jpeg,0,True,data\raw\images\IMG003624.jpeg,False,,642,814
IMG003625.jpeg,0,True,data\raw\images\IMG003625.jpeg,False,,619,810
IMG003626.jpeg,0,True,data\raw\images\IMG003626.jpeg,False,,1133,1241
IMG003627.jpeg,0,True,data\raw\images\IMG003627.jpeg,False,,1024,1024
IMG003628.jpeg,0,True,data\raw\images\IMG003628.jpeg,False,,1024,1024
IMG003629.jpeg,0,True,data\raw\images\IMG003629.jpeg,False,,634,748
IMG003630.jpeg,0,True,data\raw\images\IMG003630.jpeg,False,,632,682
IMG003631.jpeg,0,True,data\raw\images\IMG003631.jpeg,False,,1206,1824
IMG003632.jpeg,0,True,data\raw\images\IMG003632.jpeg,False,,1404,1814
IMG003633.jpeg,0,True,data\raw\images\IMG003633.jpeg,False,,1660,1798
IMG003634.jpeg,0,True,data\raw\images\IMG003634.jpeg,False,,1214,1864
IMG003635.jpeg,0,True,data\raw\images\IMG003635.jpeg,False,,1478,2735
IMG003636.jpeg,0,True,data\raw\images\IMG003636.jpeg,False,,2902,2908
IMG003637.jpeg,0,True,data\raw\images\IMG003637.jpeg,False,,2398,2907
IMG003638.jpeg,0,True,data\raw\images\IMG003638.jpeg,False,,1514,2917
IMG003639.jpeg,0,True,data\raw\images\IMG003639.jpeg,False,,2492,2915
IMG003640.jpeg,0,True,data\raw\images\IMG003640.jpeg,False,,1666,2905
IMG003641.jpeg,0,True,data\raw\images\IMG003641.jpeg,False,,1478,2734
IMG003642.jpeg,0,True,data\raw\images\IMG003642.jpeg,False,,2195,2094
IMG003643.jpeg,0,True,data\raw\images\IMG003643.jpeg,False,,2619,1985
IMG003644.jpeg,0,True,data\raw\images\IMG003644.jpeg,False,,2408,2301
IMG003645.jpeg,0,True,data\raw\images\IMG003645.jpeg,False,,1508,1524
IMG003646.jpeg,0,True,data\raw\images\IMG003646.jpeg,False,,1524,1524
IMG003647.jpeg,0,True,data\raw\images\IMG003647.jpeg,False,,713,778
IMG003648.jpeg,0,True,data\raw\images\IMG003648.jpeg,False,,523,779
IMG003649.jpeg,0,True,data\raw\images\IMG003649.jpeg,False,,2342,1905
IMG003650.jpeg,0,True,data\raw\images\IMG003650.jpeg,False,,728,1367
IMG003651.jpeg,0,True,data\raw\images\IMG003651.jpeg,False,,1139,1969
IMG003652.jpeg,0,True,data\raw\images\IMG003652.jpeg,False,,1045,819
IMG003653.jpeg,0,True,data\raw\images\IMG003653.jpeg,False,,1773,1001
IMG003654.jpeg,0,True,data\raw\images\IMG003654.jpeg,False,,1165,1549
IMG003655.jpeg,0,True,data\raw\images\IMG003655.jpeg,False,,2517,2920
IMG003656.jpeg,0,True,data\raw\images\IMG003656.jpeg,False,,2517,2913
IMG003657.jpeg,0,True,data\raw\images\IMG003657.jpeg,False,,3028,2517
IMG003658.jpeg,0,True,data\raw\images\IMG003658.jpeg,False,,1248,1624
IMG003659.jpeg,0,True,data\raw\images\IMG003659.jpeg,False,,1184,860
IMG003660.jpeg,0,True,data\raw\images\IMG003660.jpeg,False,,1248,912
IMG003661.jpeg,0,True,data\raw\images\IMG003661.jpeg,False,,1084,1704
IMG003662.jpeg,0,True,data\raw\images\IMG003662.jpeg,False,,757,1612
IMG003663.jpeg,0,True,data\raw\images\IMG003663.jpeg,False,,1060,1832
IMG003664.jpeg,0,True,data\raw\images\IMG003664.jpeg,False,,817,817
IMG003665.jpeg,0,True,data\raw\images\IMG003665.jpeg,False,,780,780
IMG003666.jpeg,0,True,data\raw\images\IMG003666.jpeg,False,,1177,1682
IMG003667.jpeg,0,True,data\raw\images\IMG003667.jpeg,False,,1027,1631
IMG003668.jpeg,0,True,data\raw\images\IMG003668.jpeg,False,,1251,1704
IMG003669.jpeg,0,True,data\raw\images\IMG003669.jpeg,False,,1299,1597
IMG003670.jpeg,0,True,data\raw\images\IMG003670.jpeg,False,,342,811
IMG003671.jpeg,0,True,data\raw\images\IMG003671.jpeg,False,,319,810
IMG003672.jpeg,0,True,data\raw\images\IMG003672.jpeg,False,,1032,2086
IMG003673.jpeg,0,True,data\raw\images\IMG003673.jpeg,False,,456,2088
IMG003674.jpeg,0,True,data\raw\images\IMG003674.jpeg,False,,875,784
IMG003675.jpeg,0,True,data\raw\images\IMG003675.jpeg,False,,558,798
IMG003676.jpeg,0,True,data\raw\images\IMG003676.jpeg,False,,532,694
IMG003677.jpeg,0,True,data\raw\images\IMG003677.jpeg,False,,768,663
IMG003678.jpeg,0,True,data\raw\images\IMG003678.jpeg,False,,538,751
IMG003679.jpeg,0,True,data\raw\images\IMG003679.jpeg,False,,1782,1528
IMG003680.jpeg,0,True,data\raw\images\IMG003680.jpeg,False,,1406,1848
IMG003681.jpeg,0,True,data\raw\images\IMG003681.jpeg,False,,1112,1930
IMG003682.jpeg,0,True,data\raw\images\IMG003682.jpeg,False,,2192,2461
IMG003683.jpeg,0,True,data\raw\images\IMG003683.jpeg,False,,1826,2371
IMG003684.jpeg,0,True,data\raw\images\IMG003684.jpeg,False,,2840,2808
IMG003685.jpeg,0,True,data\raw\images\IMG003685.jpeg,False,,1299,1597
IMG003686.jpeg,0,True,data\raw\images\IMG003686.jpeg,False,,1251,1704
IMG003687.jpeg,0,True,data\raw\images\IMG003687.jpeg,False,,1693,1850
IMG003688.jpeg,0,True,data\raw\images\IMG003688.jpeg,False,,2057,2025
IMG003689.jpeg,0,True,data\raw\images\IMG003689.jpeg,False,,2057,1169
IMG003690.jpeg,0,True,data\raw\images\IMG003690.jpeg,False,,1844,1556
IMG003691.jpeg,0,True,data\raw\images\IMG003691.jpeg,False,,2330,2570
IMG003692.jpeg,0,True,data\raw\images\IMG003692.jpeg,False,,1653,2068
IMG003693.jpeg,0,True,data\raw\images\IMG003693.jpeg,False,,2292,2606
IMG003694.jpeg,0,True,data\raw\images\IMG003694.jpeg,False,,1639,1969
IMG003695.jpeg,0,True,data\raw\images\IMG003695.jpeg,False,,1491,1924
IMG003696.jpeg,0,True,data\raw\images\IMG003696.jpeg,False,,1423,1831
IMG003697.jpeg,0,True,data\raw\images\IMG003697.jpeg,False,,1334,1789
IMG003698.jpeg,0,True,data\raw\images\IMG003698.jpeg,False,,1264,1740
IMG003699.jpeg,0,True,data\raw\images\IMG003699.jpeg,False,,773,1466
IMG003700.jpeg,0,True,data\raw\images\IMG003700.jpeg,False,,969,1426
IMG003701.jpeg,0,True,data\raw\images\IMG003701.jpeg,False,,233,455
IMG003702.jpeg,0,True,data\raw\images\IMG003702.jpeg,False,,1016,2488
IMG003703.jpeg,0,True,data\raw\images\IMG003703.jpeg,False,,1504,1844
IMG003704.jpeg,0,True,data\raw\images\IMG003704.jpeg,False,,2633,2089
IMG003705.jpeg,0,True,data\raw\images\IMG003705.jpeg,False,,1324,1800
IMG003706.jpeg,0,True,data\raw\images\IMG003706.jpeg,False,,1547,2029
IMG003707.jpeg,0,True,data\raw\images\IMG003707.jpeg,False,,2392,3001
IMG003708.jpeg,0,True,data\raw\images\IMG003708.jpeg,False,,1559,2504
IMG003709.jpeg,0,True,data\raw\images\IMG003709.jpeg,False,,1200,1585
IMG003710.jpeg,0,True,data\raw\images\IMG003710.jpeg,False,,977,1555
IMG003711.jpeg,0,True,data\raw\images\IMG003711.jpeg,False,,1348,1701
IMG003712.jpeg,0,True,data\raw\images\IMG003712.jpeg,False,,764,920
IMG003713.jpeg,0,True,data\raw\images\IMG003713.jpeg,False,,764,920
IMG003714.jpeg,0,True,data\raw\images\IMG003714.jpeg,False,,3049,3265
IMG003715.jpeg,0,True,data\raw\images\IMG003715.jpeg,False,,1288,1808
IMG003716.jpeg,0,True,data\raw\images\IMG003716.jpeg,False,,1481,1705
IMG003717.jpeg,0,True,data\raw\images\IMG003717.jpeg,False,,2280,1833
IMG003718.jpeg,0,True,data\raw\images\IMG003718.jpeg,False,,2440,2080
IMG003719.jpeg,0,True,data\raw\images\IMG003719.jpeg,False,,2360,2036
IMG003720.jpg,0,True,data\raw\images\IMG003720.jpg,False,,410,466
IMG003721.jpg,0,True,data\raw\images\IMG003721.jpg,False,,800,975
IMG003722.jpg,0,True,data\raw\images\IMG003722.jpg,False,,788,975
IMG003723.jpg,0,True,data\raw\images\IMG003723.jpg,False,,524,480
IMG003724.jpg,0,True,data\raw\images\IMG003724.jpg,False,,1024,1309
IMG003725.jpg,0,True,data\raw\images\IMG003725.jpg,False,,1019,1252
IMG003726.jpg,0,True,data\raw\images\IMG003726.jpg,False,,1024,1292
IMG003727.jpg,0,True,data\raw\images\IMG003727.jpg,False,,637,1105
IMG003728.jpg,0,True,data\raw\images\IMG003728.jpg,False,,1024,1286
IMG003729.jpg,0,True,data\raw\images\IMG003729.jpg,False,,584,480
IMG003730.jpg,0,True,data\raw\images\IMG003730.jpg,False,,1024,1230
IMG003731.jpg,0,True,data\raw\images\IMG003731.jpg,False,,1024,1286
IMG003732.jpg,0,True,data\raw\images\IMG003732.jpg,False,,1024,1286
IMG003733.jpg,0,True,data\raw\images\IMG003733.jpg,False,,1024,1286
IMG003734.jpg,0,True,data\raw\images\IMG003734.jpg,False,,1024,1286
IMG003735.jpg,0,True,data\raw\images\IMG003735.jpg,False,,953,1200
IMG003736.jpg,0,True,data\raw\images\IMG003736.jpg,False,,775,906
IMG003737.jpg,0,True,data\raw\images\IMG003737.jpg,False,,1024,1286
IMG003738.jpg,0,True,data\raw\images\IMG003738.jpg,False,,512,480
IMG003739.jpg,0,True,data\raw\images\IMG003739.jpg,False,,512,480
IMG003740.jpg,0,True,data\raw\images\IMG003740.jpg,False,,960,1200
IMG003741.jpg,0,True,data\raw\images\IMG003741.jpg,False,,480,626
IMG003742.jpg,0,True,data\raw\images\IMG003742.jpg,False,,480,630
IMG003743.jpg,0,True,data\raw\images\IMG003743.jpg,False,,471,640
IMG003744.jpg,0,True,data\raw\images\IMG003744.jpg,False,,480,591
IMG003745.jpg,0,True,data\raw\images\IMG003745.jpg,False,,1013,1175
IMG003746.jpg,0,True,data\raw\images\IMG003746.jpg,False,,1024,865
