image_id,raw_mask_area,clean_mask_area,area_diff,area_keep_ratio,lost_pixels,normal_became_non_empty,crop_area_ratio,fallback,reason,mask_safety_fallback
IMG000001.jpeg,296413,296413,0,1.0,False,False,0.920946156240274,False,ok,False
IMG000002.jpeg,131932,131932,0,1.0,False,False,0.499390243902439,False,ok,False
IMG000003.jpeg,121129,121129,0,1.0,False,False,0.453427065026362,False,ok,False
IMG000004.jpeg,91831,91831,0,1.0,False,False,0.3014142533125358,False,ok,False
IMG000005.jpeg,89110,89110,0,1.0,False,False,0.3153131070838996,False,ok,False
IMG000006.jpeg,808123,808123,0,1.0,False,False,0.769459919144593,True,almost_full_image_edge_trimmed,False
IMG000007.jpeg,593354,593354,0,1.0,False,False,0.9569034317637668,True,almost_full_image_edge_trimmed,False
IMG000008.jpeg,61592,61592,0,1.0,False,False,0.8704075471698113,True,almost_full_image_edge_trimmed,False
IMG000009.jpeg,49835,49835,0,1.0,False,False,0.8744311183144247,True,almost_full_image_edge_trimmed,False
IMG000010.jpeg,131881,131881,0,1.0,False,False,1.0,True,almost_full_image,False
IMG000011.jpeg,305644,305644,0,1.0,False,False,1.0,True,mask_safety_fallback,True
IMG000012.jpeg,272030,272030,0,1.0,False,False,1.0,True,mask_safety_fallback,True
IMG000013.jpeg,182494,182494,0,1.0,False,False,1.0,True,almost_full_image,False
IMG000014.jpeg,155144,155144,0,1.0,False,False,0.8584195113788488,False,ok_edge_trimmed,False
IMG000015.jpeg,161954,161954,0,1.0,False,False,1.0,True,mask_safety_fallback,True
IMG000016.jpeg,120577,120577,0,1.0,False,False,0.6671302735280482,False,ok,False
IMG000017.jpeg,287904,287904,0,1.0,False,False,0.8023540951446788,False,ok,False
IMG000018.jpeg,400861,400861,0,1.0,False,False,0.6885245901639344,False,ok_edge_trimmed,False
IMG000019.jpeg,205821,205821,0,1.0,False,False,0.6989473684210527,False,ok,False
IMG000020.jpeg,252305,252305,0,1.0,False,False,1.0,True,mask_safety_fallback,True
IMG000021.jpeg,237135,237135,0,1.0,False,False,0.7845578412587035,False,ok,False
IMG000022.jpeg,329885,329885,0,1.0,False,False,0.5397232188621219,False,ok,False
IMG000023.jpeg,228412,228412,0,1.0,False,False,0.8984329657573998,False,ok_edge_trimmed,False
IMG000024.jpeg,498754,498754,0,1.0,False,False,0.4906338237594257,False,ok_edge_trimmed,False
IMG000025.jpeg,273472,273472,0,1.0,False,False,0.4235636051565741,False,ok_edge_trimmed,False
IMG000026.jpeg,257893,257893,0,1.0,False,False,0.9515706806282722,False,ok_edge_trimmed,False
IMG000027.jpeg,283857,283857,0,1.0,False,False,0.8581972982317495,False,ok_edge_trimmed,False
IMG000028.jpeg,263277,263277,0,1.0,False,False,0.5250617920412263,False,ok_edge_trimmed,False
IMG000029.jpeg,241472,241472,0,1.0,False,False,0.5573672988903158,False,ok_edge_trimmed,False
IMG000030.jpeg,120966,120966,0,1.0,False,False,0.5047169811320755,True,almost_full_image_edge_trimmed,False
IMG000031.jpeg,136580,136580,0,1.0,False,False,0.5931603773584906,True,almost_full_image_edge_trimmed,False
IMG000032.jpeg,189796,189796,0,1.0,False,False,0.7845911949685535,False,ok_edge_trimmed,False
IMG000033.jpeg,74970,74970,0,1.0,False,False,0.7981107579028834,False,ok,False
IMG000034.jpeg,68241,68241,0,1.0,False,False,0.6827499651373589,False,ok_edge_trimmed,False
IMG000035.jpeg,37007,37007,0,1.0,False,False,0.7888707037643208,False,ok,False
IMG000036.jpeg,24256,24256,0,1.0,False,False,0.806609547123623,False,ok,False
IMG000037.jpeg,8363,8363,0,1.0,False,False,0.8043775649794802,False,ok_edge_trimmed,False
IMG000038.jpeg,12797,12797,0,1.0,False,False,0.5426008968609866,False,ok_edge_trimmed,False
IMG000039.jpeg,20670,20670,0,1.0,False,False,0.6641711229946524,False,ok_edge_trimmed,False
IMG000040.jpeg,16633,16633,0,1.0,False,False,0.7377049180327869,False,ok_edge_trimmed,False
IMG000041.jpeg,23882,23882,0,1.0,False,False,0.5057471264367817,False,ok,False
IMG000042.jpeg,5321,5321,0,1.0,False,False,0.7907742998352554,False,ok_edge_trimmed,False
IMG000043.jpeg,4278,4278,0,1.0,False,False,0.7914639504043478,True,almost_full_image_edge_trimmed,False
IMG000044.jpeg,7690,7690,0,1.0,False,False,0.6712871287128713,False,ok_edge_trimmed,False
IMG000045.jpeg,8401,8401,0,1.0,False,False,0.7137330754352031,False,ok_edge_trimmed,False
IMG000046.jpeg,6508,6508,0,1.0,False,False,0.6967032967032967,False,ok,False
IMG000047.jpeg,5322,5322,0,1.0,False,False,0.5432900432900433,False,ok_edge_trimmed,False
IMG000048.jpeg,11029,11029,0,1.0,False,False,0.6450511945392492,False,ok_edge_trimmed,False
IMG000049.jpeg,9287,9287,0,1.0,False,False,0.9166666666666666,False,ok,False
IMG000050.jpeg,80897,80897,0,1.0,False,False,1.0,True,mask_safety_fallback,True
IMG000051.jpeg,9916,9916,0,1.0,False,False,0.95079950799508,True,almost_full_image_edge_trimmed,False
IMG000052.jpeg,7967,7967,0,1.0,False,False,0.7728331774335707,True,almost_full_image_edge_trimmed,False
IMG000053.jpeg,50430,50430,0,1.0,False,False,0.9047619047619048,False,ok_edge_trimmed,False
IMG000054.jpeg,52208,52208,0,1.0,False,False,0.6162420382165605,False,ok_edge_trimmed,False
IMG000055.jpeg,15089,15089,0,1.0,False,False,0.6323529411764706,False,ok,False
IMG000056.jpeg,20172,20172,0,1.0,False,False,0.7808219178082192,False,ok,False
IMG000057.jpeg,8065,8065,0,1.0,False,False,0.4794007490636704,False,ok_edge_trimmed,False
IMG000058.jpeg,7564,7564,0,1.0,False,False,0.4274509803921568,False,ok_edge_trimmed,False
IMG000059.jpeg,16887,16887,0,1.0,False,False,0.7814113597246127,False,ok_edge_trimmed,False
IMG000060.jpeg,20572,20572,0,1.0,False,False,0.7482993197278912,False,ok_edge_trimmed,False
IMG000061.jpeg,2966,2966,0,1.0,False,False,0.5203094777562862,False,ok,False
IMG000062.jpeg,4262,4262,0,1.0,False,False,0.3353293413173652,False,ok_edge_trimmed,False
IMG000063.jpeg,9782,9782,0,1.0,False,False,0.8436830835117773,False,ok,False
IMG000064.jpeg,8860,8860,0,1.0,False,False,0.8711018711018711,False,ok,False
IMG000065.jpeg,3805,3805,0,1.0,False,False,0.6355140186915887,False,ok_edge_trimmed,False
IMG000066.jpeg,5543,5543,0,1.0,False,False,0.7019245668949701,False,ok_edge_trimmed,False
IMG000067.jpeg,7657,7657,0,1.0,False,False,0.5490196078431373,False,ok,False
IMG000068.jpeg,11460,11460,0,1.0,False,False,0.3779904306220095,False,ok,False
IMG000069.jpeg,3312,3312,0,1.0,False,False,0.4485815602836879,False,ok_edge_trimmed,False
IMG000070.jpeg,6379,6379,0,1.0,False,False,0.4074803149606299,False,ok_edge_trimmed,False
IMG000071.jpeg,45129,45129,0,1.0,False,False,0.8429844097995546,False,ok,False
IMG000072.jpeg,11982,11982,0,1.0,False,False,0.5401459854014599,False,ok_edge_trimmed,False
IMG000073.jpeg,9207,9207,0,1.0,False,False,0.4791318864774624,False,ok_edge_trimmed,False
IMG000074.jpeg,15020,15020,0,1.0,False,False,0.813780260707635,False,ok_edge_trimmed,False
IMG000075.jpeg,20134,20134,0,1.0,False,False,0.6959459459459459,False,ok_edge_trimmed,False
IMG000076.jpeg,16144,16144,0,1.0,False,False,0.6392785571142284,False,ok,False
IMG000077.jpeg,6930,6930,0,1.0,False,False,0.8763906056860321,False,ok_edge_trimmed,False
IMG000078.jpeg,19711,19711,0,1.0,False,False,0.637345111399198,False,ok_edge_trimmed,False
IMG000079.jpeg,11680,11680,0,1.0,False,False,0.8097580975809758,False,ok_edge_trimmed,False
IMG000080.jpeg,6932,6932,0,1.0,False,False,0.994579945799458,True,almost_full_image_edge_trimmed,False
IMG000081.jpeg,14537,14537,0,1.0,False,False,0.7967914438502673,False,ok,False
IMG000082.jpeg,15394,15394,0,1.0,False,False,0.579403026066114,False,ok,False
IMG000083.jpeg,29023,29023,0,1.0,False,False,0.7088607594936709,False,ok_edge_trimmed,False
IMG000084.jpeg,38078,38078,0,1.0,False,False,0.5983870967741935,False,ok_edge_trimmed,False
IMG000085.jpeg,83072,83072,0,1.0,False,False,0.5751533742331288,False,ok,False
IMG000086.jpeg,33662,33662,0,1.0,False,False,0.932568149210904,False,ok,False
IMG000087.jpeg,32341,32341,0,1.0,False,False,0.5064695009242144,False,ok_edge_trimmed,False
IMG000088.jpeg,41146,41146,0,1.0,False,False,0.610726643598616,False,ok_edge_trimmed,False
IMG000089.jpeg,49453,49453,0,1.0,False,False,0.9041487839771102,False,ok_edge_trimmed,False
IMG000090.jpeg,38641,38641,0,1.0,False,False,0.4730713245997088,False,ok_edge_trimmed,False
IMG000091.jpeg,17183,17183,0,1.0,False,False,0.9455645161290324,False,ok,False
IMG000092.jpeg,16807,16807,0,1.0,False,False,0.5728346456692913,False,ok,False
IMG000093.jpeg,20410,20410,0,1.0,False,False,0.7518072289156627,False,ok_edge_trimmed,False
IMG000094.jpeg,23389,23389,0,1.0,False,False,0.5794183445190156,False,ok_edge_trimmed,False
IMG000095.jpeg,18972,18972,0,1.0,False,False,0.5830188679245283,False,ok_edge_trimmed,False
IMG000096.jpeg,14604,14604,0,1.0,False,False,0.5822368421052632,False,ok_edge_trimmed,False
IMG000097.jpeg,18064,18064,0,1.0,False,False,0.8470824949698189,False,ok,False
IMG000098.jpeg,11933,11933,0,1.0,False,False,1.0,True,almost_full_image,False
IMG000099.jpeg,8777,8777,0,1.0,False,False,0.407780612244898,False,ok_edge_trimmed,False
IMG000100.jpeg,13036,13036,0,1.0,False,False,0.4738738738738738,False,ok,False
IMG000101.jpeg,24283,24283,0,1.0,False,False,1.0,True,almost_full_image,False
IMG000102.jpeg,23336,23336,0,1.0,False,False,0.5054371624580353,False,ok_edge_trimmed,False
IMG000103.jpeg,18600,18600,0,1.0,False,False,0.5050301810865191,False,ok_edge_trimmed,False
IMG000104.jpeg,19229,19229,0,1.0,False,False,0.6932038834951456,False,ok_edge_trimmed,False
IMG000105.jpeg,19342,19342,0,1.0,False,False,0.4911538782117366,False,ok_edge_trimmed,False
IMG000106.jpeg,10110,10110,0,1.0,False,False,0.4339249492900608,False,ok_edge_trimmed,False
IMG000107.jpeg,8841,8841,0,1.0,False,False,0.4442105263157895,False,ok_edge_trimmed,False
IMG000108.jpeg,9385,9385,0,1.0,False,False,0.5707832811889771,False,ok_edge_trimmed,False
IMG000109.jpeg,6858,6858,0,1.0,False,False,0.4237012987012987,False,ok_edge_trimmed,False
IMG000110.jpeg,19669,19669,0,1.0,False,False,0.7227371864776445,False,ok_edge_trimmed,False
IMG000111.jpeg,18852,18852,0,1.0,False,False,0.4560530679933665,False,ok_edge_trimmed,False
IMG000112.jpeg,1889,1889,0,1.0,False,False,0.5286415711947627,False,ok,False
IMG000113.jpeg,3469,3469,0,1.0,False,False,0.9250645994832042,False,ok_edge_trimmed,False
IMG000114.jpeg,10101,10101,0,1.0,False,False,0.9105058365758756,False,ok,False
IMG000115.jpeg,3356,3356,0,1.0,False,False,0.4457364341085271,False,ok_edge_trimmed,False
IMG000116.jpeg,4046,4046,0,1.0,False,False,0.5006156119182468,False,ok_edge_trimmed,False
IMG000117.jpeg,8850,8850,0,1.0,False,False,0.467714149934656,False,ok_edge_trimmed,False
IMG000118.jpeg,13957,13957,0,1.0,False,False,0.43261231281198,False,ok_edge_trimmed,False
IMG000119.jpeg,12191,12191,0,1.0,False,False,0.4768611670020121,False,ok_edge_trimmed,False
IMG000120.jpeg,4702,4702,0,1.0,False,False,0.4259259259259259,False,ok_edge_trimmed,False
IMG000121.jpeg,5803,5803,0,1.0,False,False,0.6837717371672951,False,ok_edge_trimmed,False
IMG000122.jpeg,5108,5108,0,1.0,False,False,0.6034816247582205,False,ok_edge_trimmed,False
IMG000123.jpeg,97472,97472,0,1.0,False,False,0.5982067844971071,False,ok_edge_trimmed,False
IMG000124.jpeg,90731,90731,0,1.0,False,False,0.7744945567651633,False,ok_edge_trimmed,False
IMG000125.jpeg,12108,12108,0,1.0,False,False,0.6817472698907956,False,ok_edge_trimmed,False
IMG000126.jpeg,19239,19239,0,1.0,False,False,0.5403508771929825,False,ok_edge_trimmed,False
IMG000127.jpeg,17257,17257,0,1.0,False,False,0.7953736654804271,False,ok_edge_trimmed,False
IMG000128.jpeg,32106,32106,0,1.0,False,False,0.5193548387096775,False,ok,False
IMG000129.jpeg,10030,10030,0,1.0,False,False,0.823240589198036,False,ok,False
IMG000130.jpeg,11870,11870,0,1.0,False,False,0.6323076923076923,False,ok,False
IMG000131.jpeg,34349,34349,0,1.0,False,False,0.7970014662756598,False,ok_edge_trimmed,False
IMG000132.jpeg,38344,38344,0,1.0,False,False,0.6397941680960549,False,ok,False
IMG000133.jpeg,20408,20408,0,1.0,False,False,0.6855733662145499,False,ok_edge_trimmed,False
IMG000134.jpeg,37966,37966,0,1.0,False,False,0.7767017818297363,False,ok_edge_trimmed,False
IMG000135.jpeg,29984,29984,0,1.0,False,False,1.0,True,mask_safety_fallback,True
IMG000136.jpeg,34898,34898,0,1.0,False,False,0.5689320388349515,False,ok_edge_trimmed,False
IMG000137.jpeg,8655,8655,0,1.0,False,False,0.6466967913219539,False,ok_edge_trimmed,False
IMG000138.jpeg,10102,10102,0,1.0,False,False,0.6716141001855288,False,ok_edge_trimmed,False
IMG000139.jpeg,23519,23519,0,1.0,False,False,0.4566929133858268,False,ok_edge_trimmed,False
IMG000140.jpeg,23032,23032,0,1.0,False,False,0.5108108108108108,False,ok_edge_trimmed,False
IMG000141.jpeg,5785,5785,0,1.0,False,False,0.9155608753171336,True,almost_full_image_edge_trimmed,False
IMG000142.jpeg,25890,25890,0,1.0,False,False,0.6216216216216216,False,ok_edge_trimmed,False
IMG000143.jpeg,27467,27467,0,1.0,False,False,0.6420454545454546,False,ok_edge_trimmed,False
IMG000144.jpeg,9944,9944,0,1.0,False,False,0.8190709046454768,False,ok,False
IMG000145.jpeg,64265,64265,0,1.0,False,False,0.8331838565022421,False,ok_edge_trimmed,False
IMG000146.jpeg,18467,18467,0,1.0,False,False,0.4918032786885246,False,ok_edge_trimmed,False
IMG000147.jpeg,16108,16108,0,1.0,False,False,0.4323809523809523,False,ok_edge_trimmed,False
IMG000148.jpeg,25837,25837,0,1.0,False,False,0.6739606126914661,False,ok,False
IMG000149.jpeg,53524,53524,0,1.0,False,False,0.994277539341917,True,almost_full_image_edge_trimmed,False
IMG000150.jpeg,39884,39884,0,1.0,False,False,1.0,True,mask_safety_fallback,True
IMG000151.jpeg,19054,19054,0,1.0,False,False,0.844845908607864,False,ok,False
IMG000152.jpeg,58429,58429,0,1.0,False,False,0.8763557483731019,False,ok,False
IMG000153.jpeg,7597,7597,0,1.0,False,False,0.652542372881356,False,ok_edge_trimmed,False
IMG000154.jpeg,9483,9483,0,1.0,False,False,0.6753022452504318,False,ok_edge_trimmed,False
IMG000155.jpeg,9900,9900,0,1.0,False,False,0.769927536231884,False,ok_edge_trimmed,False
IMG000156.jpeg,13333,13333,0,1.0,False,False,0.7827788649706457,False,ok_edge_trimmed,False
IMG000157.jpeg,10478,10478,0,1.0,False,False,0.7514018691588785,False,ok_edge_trimmed,False
IMG000158.jpeg,14875,14875,0,1.0,False,False,0.6891946010888742,False,ok_edge_trimmed,False
IMG000159.jpeg,19353,19353,0,1.0,False,False,0.5226039783001808,False,ok_edge_trimmed,False
IMG000160.jpeg,21139,21139,0,1.0,False,False,0.8133333333333334,False,ok_edge_trimmed,False
IMG000161.jpeg,17521,17521,0,1.0,False,False,0.8526211671612265,False,ok_edge_trimmed,False
IMG000162.jpeg,13417,13417,0,1.0,False,False,0.5845690495172292,False,ok_edge_trimmed,False
IMG000163.jpeg,11226,11226,0,1.0,False,False,0.5504483822368893,False,ok_edge_trimmed,False
IMG000164.jpeg,19205,19205,0,1.0,False,False,0.5133470225872689,False,ok_edge_trimmed,False
IMG000165.jpeg,18310,18310,0,1.0,False,False,0.4754716981132075,False,ok_edge_trimmed,False
IMG000166.jpeg,19506,19506,0,1.0,False,False,0.6211453744493393,False,ok_edge_trimmed,False
IMG000167.jpeg,19991,19991,0,1.0,False,False,0.4642857142857143,False,ok_edge_trimmed,False
IMG000168.jpeg,31958,31958,0,1.0,False,False,0.6520210896309314,False,ok_edge_trimmed,False
IMG000169.jpeg,1241,1241,0,1.0,False,False,0.775438596491228,False,ok_edge_trimmed,False
IMG000170.jpeg,24848,24848,0,1.0,False,False,0.5159362549800797,False,ok,False
IMG000171.jpeg,31776,31776,0,1.0,False,False,0.5555555555555556,False,ok_edge_trimmed,False
IMG000172.jpeg,1767,1767,0,1.0,False,False,1.0,True,mask_safety_fallback,True
IMG000173.jpeg,1883,1883,0,1.0,False,False,0.4156521739130435,False,ok_edge_trimmed,False
IMG000174.jpeg,10083,10083,0,1.0,False,False,0.8696581196581197,False,ok,False
IMG000175.jpeg,8986,8986,0,1.0,False,False,0.7694524495677233,False,ok,False
IMG000176.jpeg,7311,7311,0,1.0,False,False,0.627387643725074,False,ok_edge_trimmed,False
IMG000177.jpeg,8137,8137,0,1.0,False,False,0.6688713462769362,False,ok_edge_trimmed,False
IMG000178.jpeg,9081,9081,0,1.0,False,False,0.5792452830188679,False,ok,False
IMG000179.jpeg,50497,50497,0,1.0,False,False,0.93717277486911,False,ok_edge_trimmed,False
IMG000180.jpeg,10445,10445,0,1.0,False,False,0.6182884549966103,False,ok_edge_trimmed,False
IMG000181.jpeg,13281,13281,0,1.0,False,False,0.7652733118971061,False,ok_edge_trimmed,False
IMG000182.jpeg,20873,20873,0,1.0,False,False,0.6565656565656566,False,ok_edge_trimmed,False
IMG000183.jpeg,18675,18675,0,1.0,False,False,0.5175983436853002,False,ok_edge_trimmed,False
IMG000184.jpeg,20376,20376,0,1.0,False,False,0.5215759849906192,False,ok_edge_trimmed,False
IMG000185.jpeg,36828,36828,0,1.0,False,False,0.8716012084592145,False,ok,False
IMG000186.jpeg,34460,34460,0,1.0,False,False,0.5069918944265809,False,ok_edge_trimmed,False
IMG000187.jpeg,14135,14135,0,1.0,False,False,0.7049924357034796,False,ok,False
IMG000188.jpeg,7506,7506,0,1.0,False,False,0.9215686274509804,True,almost_full_image_edge_trimmed,False
IMG000189.jpeg,6472,6472,0,1.0,False,False,0.8457300275482094,True,almost_full_image_edge_trimmed,False
IMG000190.jpeg,6178,6178,0,1.0,False,False,0.8151898734177215,False,ok,False
IMG000191.jpeg,7326,7326,0,1.0,False,False,0.6179639532580709,False,ok_edge_trimmed,False
IMG000192.jpeg,5532,5532,0,1.0,False,False,0.6914060329981667,False,ok_edge_trimmed,False
IMG000193.jpeg,8935,8935,0,1.0,False,False,1.0,True,mask_safety_fallback,True
IMG000194.jpeg,5416,5416,0,1.0,False,False,0.7146145332379992,False,ok_edge_trimmed,False
IMG000195.jpeg,4012,4012,0,1.0,False,False,0.752543165793883,True,almost_full_image_edge_trimmed,False
IMG000196.jpeg,4249,4249,0,1.0,False,False,0.5698924731182796,False,ok_edge_trimmed,False
IMG000197.jpeg,6893,6893,0,1.0,False,False,0.8696655132641292,False,ok,False
IMG000198.jpeg,5409,5409,0,1.0,False,False,0.7142857142857143,False,ok_edge_trimmed,False
IMG000199.jpeg,6827,6827,0,1.0,False,False,0.7838977419073939,True,almost_full_image_edge_trimmed,False
IMG000200.jpeg,9347,9347,0,1.0,False,False,0.7701149425287356,False,ok,False
IMG000201.jpeg,10064,10064,0,1.0,False,False,0.8528925619834711,False,ok,False
IMG000202.jpeg,16818,16818,0,1.0,False,False,0.835075493612079,False,ok_edge_trimmed,False
IMG000203.jpeg,4769,4769,0,1.0,False,False,0.4557737213864729,False,ok_edge_trimmed,False
IMG000204.jpeg,3749,3749,0,1.0,False,False,0.3963080023819339,False,ok_edge_trimmed,False
IMG000205.jpeg,9962,9962,0,1.0,False,False,0.7448630136986302,False,ok_edge_trimmed,False
IMG000206.jpeg,27107,27107,0,1.0,False,False,0.4901584048503479,False,ok_edge_trimmed,False
IMG000207.jpeg,28636,28636,0,1.0,False,False,0.4225523664324539,False,ok_edge_trimmed,False
IMG000208.jpeg,294395,294395,0,1.0,False,False,0.6546583850931676,False,ok,False
IMG000209.jpeg,147256,147256,0,1.0,False,False,0.8397515527950311,False,ok,False
IMG000210.jpeg,9275,9275,0,1.0,False,False,0.9790405280096002,True,no_component_large_enough,False
IMG000211.jpeg,13878,13878,0,1.0,False,False,0.7136379752359134,False,ok_edge_trimmed,False
IMG000212.jpeg,39276,39276,0,1.0,False,False,0.519217801753203,False,ok_edge_trimmed,False
IMG000213.jpeg,44625,44625,0,1.0,False,False,0.6249162759544541,False,ok_edge_trimmed,False
IMG000214.jpeg,681395,681395,0,1.0,False,False,0.7167701863354037,False,ok,False
IMG000215.jpeg,579235,579235,0,1.0,False,False,0.8059723672317048,False,ok_edge_trimmed,False
IMG000216.jpeg,546321,546321,0,1.0,False,False,0.8793103448275862,False,ok,False
IMG000217.jpeg,174629,174629,0,1.0,False,False,1.0,True,almost_full_image,False
IMG000218.jpeg,160456,160456,0,1.0,False,False,0.6040462427745664,False,ok,False
IMG000219.jpeg,168533,168533,0,1.0,False,False,0.6520833333333333,False,ok,False
IMG000220.jpeg,17231,17231,0,1.0,False,False,0.6,False,ok,False
IMG000221.jpeg,37208,37208,0,1.0,False,False,0.8115411681914145,False,ok,False
IMG000222.jpeg,125785,125785,0,1.0,False,False,0.6520666525237458,False,ok_edge_trimmed,False
IMG000223.jpeg,107728,107728,0,1.0,False,False,0.7817944005434798,False,ok_edge_trimmed,False
IMG000224.jpeg,93137,93137,0,1.0,False,False,0.982017982017982,True,almost_full_image_edge_trimmed,False
IMG000225.jpeg,73114,73114,0,1.0,False,False,0.9502961520072988,True,almost_full_image_edge_trimmed,False
IMG000226.jpeg,114622,114622,0,1.0,False,False,0.8837064676616916,False,ok,False
IMG000227.jpeg,111078,111078,0,1.0,False,False,0.8880597014925373,False,ok,False
IMG000228.jpeg,33170,33170,0,1.0,False,False,0.8880597014925373,False,ok,False
IMG000229.jpeg,29558,29558,0,1.0,False,False,0.9565210980073467,True,almost_full_image_edge_trimmed,False
IMG000230.jpeg,97164,97164,0,1.0,False,False,1.0,True,mask_safety_fallback,True
IMG000231.jpeg,31575,31575,0,1.0,False,False,0.7867469879518072,False,ok_edge_trimmed,False
IMG000232.jpeg,176520,176520,0,1.0,False,False,0.6307596513075965,False,ok,False
IMG000233.jpeg,145538,145538,0,1.0,False,False,0.9280155642023348,False,ok,False
IMG000234.jpeg,77051,77051,0,1.0,False,False,0.4614078861256545,True,almost_full_image_edge_trimmed,False
IMG000235.jpeg,81948,81948,0,1.0,False,False,0.4933489948631828,True,almost_full_image_edge_trimmed,False
IMG000236.jpeg,9972,9972,0,1.0,False,False,0.4533630620587142,False,ok_edge_trimmed,False
IMG000237.jpeg,19161,19161,0,1.0,False,False,0.5777863363544438,False,ok_edge_trimmed,False
IMG000238.jpeg,18160,18160,0,1.0,False,False,0.9823113207547168,True,almost_full_image_edge_trimmed,False
IMG000239.jpeg,15073,15073,0,1.0,False,False,0.8297955974842768,False,ok,False
IMG000240.jpeg,34639,34639,0,1.0,False,False,0.7260261286179986,True,almost_full_image_edge_trimmed,False
IMG000241.jpeg,52653,52653,0,1.0,False,False,0.7318065914254668,True,almost_full_image_edge_trimmed,False
IMG000242.jpeg,126872,126872,0,1.0,False,False,0.8408018867924528,True,almost_full_image_edge_trimmed,False
IMG000243.jpeg,143596,143596,0,1.0,False,False,0.7523584905660378,True,almost_full_image_edge_trimmed,False
IMG000244.jpeg,1505,1505,0,1.0,False,False,0.445596043879099,False,ok_edge_trimmed,False
IMG000245.jpeg,74449,74449,0,1.0,False,False,0.9106302916274694,False,ok,False
IMG000246.jpeg,15170,15170,0,1.0,False,False,0.4940113018021085,False,ok_edge_trimmed,False
IMG000247.jpeg,670565,670565,0,1.0,False,False,0.8958926663040528,False,ok_edge_trimmed,False
IMG000248.jpeg,707656,707656,0,1.0,False,False,0.7775781112886724,False,ok_edge_trimmed,False
IMG000249.jpeg,647336,647336,0,1.0,False,False,0.721767679399656,False,ok_edge_trimmed,False
IMG000250.jpeg,883,883,0,1.0,False,False,0.7224880331422929,False,ok,False
IMG000251.jpeg,13936,13936,0,1.0,False,False,0.8350748465750358,False,ok_edge_trimmed,False
IMG000252.jpeg,12139,12139,0,1.0,False,False,1.0,True,almost_full_image,False
IMG000253.jpeg,2347,2347,0,1.0,False,False,0.7691029900332226,False,ok,False
IMG000254.jpeg,1587,1587,0,1.0,False,False,0.6546003016591252,False,ok_edge_trimmed,False
IMG000255.jpeg,17172,17172,0,1.0,False,False,0.912536443148688,True,almost_full_image_edge_trimmed,False
IMG000256.jpeg,18893,18893,0,1.0,False,False,0.92,False,ok,False
IMG000257.jpeg,17797,17797,0,1.0,False,False,1.0,True,mask_safety_fallback,True
IMG000258.jpeg,15870,15870,0,1.0,False,False,1.0,True,almost_full_image,False
IMG000259.jpeg,13647,13647,0,1.0,False,False,0.820040899795501,False,ok,False
IMG000260.jpeg,3617,3617,0,1.0,False,False,0.720242706965592,False,ok_edge_trimmed,False
IMG000261.jpeg,2586,2586,0,1.0,False,False,0.8991750687442713,False,ok,False
IMG000262.jpeg,1073,1073,0,1.0,False,False,0.8517287450712028,False,ok_edge_trimmed,False
IMG000263.jpeg,3053,3053,0,1.0,False,False,0.5930599369085173,False,ok,False
IMG000264.jpeg,4892,4892,0,1.0,False,False,0.8552123552123552,False,ok,False
IMG000265.jpeg,25217,25217,0,1.0,False,False,0.8277582159624414,False,ok,False
IMG000266.jpeg,11504,11504,0,1.0,False,False,0.5779283639883833,False,ok,False
IMG000267.jpeg,8592,8592,0,1.0,False,False,0.6197183098591549,False,ok,False
IMG000268.jpeg,6788,6788,0,1.0,False,False,0.7752631578947369,False,ok,False
IMG000269.jpeg,17324,17324,0,1.0,False,False,0.74627984382543,False,ok,False
IMG000270.jpeg,14099,14099,0,1.0,False,False,0.6294172648709855,False,ok,False
IMG000271.jpeg,2121,2121,0,1.0,False,False,0.7453609196433845,False,ok,False
IMG000272.jpeg,53705,53705,0,1.0,False,False,0.5861165684348395,False,ok_edge_trimmed,False
IMG000273.jpeg,81432,81432,0,1.0,False,False,0.7208061647895673,False,ok_edge_trimmed,False
IMG000274.jpeg,2433,2433,0,1.0,False,False,0.4840485829959514,False,ok_edge_trimmed,False
IMG000275.jpeg,2351,2351,0,1.0,False,False,0.967227635075288,False,ok,False
IMG000276.jpeg,6622,6622,0,1.0,False,False,0.4494310998735777,False,ok,False
IMG000277.jpeg,2719,2719,0,1.0,False,False,0.7940097799511002,False,ok,False
IMG000278.jpeg,1253,1253,0,1.0,False,False,1.0,True,mask_safety_fallback,True
IMG000279.jpeg,392,392,0,1.0,False,False,0.578265926778938,False,ok_edge_trimmed,False
IMG000280.jpeg,9815,9815,0,1.0,False,False,0.6635188866799204,False,ok,False
IMG000281.jpeg,8608,8608,0,1.0,False,False,0.7520283975659229,False,ok,False
IMG000282.jpeg,8520,8520,0,1.0,False,False,0.5298429319371728,False,ok,False
IMG000283.jpeg,1001,1001,0,1.0,False,False,1.0,True,mask_safety_fallback,True
IMG000284.jpeg,2471,2471,0,1.0,False,False,0.7522935779816514,False,ok,False
IMG000285.jpeg,6579,6579,0,1.0,False,False,0.6134593993325917,False,ok_edge_trimmed,False
IMG000286.jpeg,1239,1239,0,1.0,False,False,1.0,True,mask_safety_fallback,True
IMG000287.jpeg,6418,6418,0,1.0,False,False,0.4771317810895716,False,ok_edge_trimmed,False
IMG000288.jpeg,7702,7702,0,1.0,False,False,0.4878126356856435,False,ok_edge_trimmed,False
IMG000289.jpeg,66879,66879,0,1.0,False,False,0.5420655113902904,False,ok_edge_trimmed,False
IMG000290.jpeg,66511,66511,0,1.0,False,False,0.5756713353696112,False,ok_edge_trimmed,False
IMG000291.jpeg,4252,4252,0,1.0,False,False,0.6959424934476391,False,ok_edge_trimmed,False
IMG000292.jpeg,1626,1626,0,1.0,False,False,0.4576043068640646,False,ok_edge_trimmed,False
IMG000293.jpeg,824,824,0,1.0,False,False,1.0,True,mask_safety_fallback,True
IMG000294.jpeg,880,880,0,1.0,False,False,1.0,True,mask_safety_fallback,True
IMG000295.jpeg,1727,1727,0,1.0,False,False,0.9767331902091366,True,almost_full_image_edge_trimmed,False
IMG000296.jpeg,5189,5189,0,1.0,False,False,0.5678670360110804,False,ok,False
IMG000297.jpeg,914,914,0,1.0,False,False,0.6495867768595042,False,ok_edge_trimmed,False
IMG000298.jpeg,100414,100414,0,1.0,False,False,0.4894911504424779,False,ok_edge_trimmed,False
IMG000299.jpeg,124269,124269,0,1.0,False,False,0.859987929993965,False,ok,False
IMG000300.jpeg,6537,6537,0,1.0,False,False,0.8436599423631124,False,ok,False
IMG000301.jpeg,3326,3326,0,1.0,False,False,0.81280353200883,False,ok,False
IMG000302.jpeg,1900,1900,0,1.0,False,False,0.528131634819533,False,ok_edge_trimmed,False
IMG000303.jpeg,8112,8112,0,1.0,False,False,0.3282945342498692,False,ok,False
IMG000304.jpeg,6734,6734,0,1.0,False,False,0.6149660198955974,False,ok_edge_trimmed,False
IMG000305.jpeg,1162,1162,0,1.0,False,False,0.6100861008610086,False,ok,False
IMG000306.jpeg,3724,3724,0,1.0,False,False,0.7924362357080035,False,ok_edge_trimmed,False
IMG000307.jpeg,4122,4122,0,1.0,False,False,0.5655465530566465,False,ok,False
IMG000308.jpeg,549,549,0,1.0,False,False,0.6092503987240829,False,ok_edge_trimmed,False
IMG000309.jpeg,4403,4403,0,1.0,False,False,0.600715137067938,False,ok,False
IMG000310.jpeg,4452,4452,0,1.0,False,False,0.5670731707317073,False,ok,False
IMG000311.jpeg,3814,3814,0,1.0,False,False,0.8656835392586688,False,ok,False
IMG000312.jpeg,2759,2759,0,1.0,False,False,0.6596512327119664,False,ok,False
IMG000313.jpeg,1741,1741,0,1.0,False,False,0.6190476190476191,False,ok,False
IMG000314.jpeg,41621,41621,0,1.0,False,False,0.5973178502887987,False,ok_edge_trimmed,False
IMG000315.jpeg,43156,43156,0,1.0,False,False,0.7862783894074898,False,ok_edge_trimmed,False
IMG000316.jpeg,42589,42589,0,1.0,False,False,0.7690476190476191,False,ok_edge_trimmed,False
IMG000317.jpeg,48351,48351,0,1.0,False,False,0.7671951123683797,False,ok_edge_trimmed,False
IMG000318.jpeg,49155,49155,0,1.0,False,False,0.5935162266226622,False,ok_edge_trimmed,False
IMG000319.jpeg,3828,3828,0,1.0,False,False,0.493932961132788,False,ok_edge_trimmed,False
IMG000320.jpeg,865,865,0,1.0,False,False,0.5222619131198383,False,ok_edge_trimmed,False
IMG000321.jpeg,23205,23205,0,1.0,False,False,0.7943224424209963,False,ok,False
IMG000322.jpeg,1551,1551,0,1.0,False,False,0.5998323127979808,False,ok_edge_trimmed,False
IMG000323.jpeg,4720,4720,0,1.0,False,False,0.9898477157360406,True,almost_full_image_edge_trimmed,False
IMG000324.jpeg,4437,4437,0,1.0,False,False,0.5605656239655743,False,ok_edge_trimmed,False
IMG000325.jpeg,803,803,0,1.0,False,False,0.5478468899521531,False,ok,False
IMG000326.jpeg,2419,2419,0,1.0,False,False,0.6294964028776978,False,ok,False
IMG000327.jpeg,659,659,0,1.0,False,False,1.0,True,mask_safety_fallback,True
IMG000328.jpeg,29317,29317,0,1.0,False,False,0.5619047619047619,False,ok_edge_trimmed,False
IMG000329.jpeg,7728,7728,0,1.0,False,False,0.7504409171075838,False,ok,False
IMG000330.jpeg,26203,26203,0,1.0,False,False,0.8503350707371556,False,ok,False
IMG000331.jpeg,16912,16912,0,1.0,False,False,0.4800381093796305,True,almost_full_image_edge_trimmed,False
IMG000332.jpeg,421144,421144,0,1.0,False,False,0.7924528301886793,False,ok,False
IMG000333.jpeg,528212,528212,0,1.0,False,False,0.7476659862078947,False,ok_edge_trimmed,False
IMG000334.jpeg,849,849,0,1.0,False,False,0.9048034934497816,False,ok,False
IMG000335.jpeg,3997,3997,0,1.0,False,False,0.5251242977402043,False,ok_edge_trimmed,False
IMG000336.jpeg,3288,3288,0,1.0,False,False,0.6269368295589988,False,ok_edge_trimmed,False
IMG000337.jpeg,1359,1359,0,1.0,False,False,0.290000386342368,False,ok_edge_trimmed,False
IMG000338.jpeg,3098,3098,0,1.0,False,False,0.6747496046389035,False,ok,False
IMG000339.jpeg,43807,43807,0,1.0,False,False,0.7983870967741935,False,ok,False
IMG000340.jpeg,2687,2687,0,1.0,False,False,0.5681728232189973,False,ok_edge_trimmed,False
IMG000341.jpeg,9008,9008,0,1.0,False,False,0.8944510934609945,False,ok_edge_trimmed,False
IMG000342.jpeg,15181,15181,0,1.0,False,False,1.0,True,mask_safety_fallback,True
IMG000343.jpeg,1811,1811,0,1.0,False,False,0.5201401050788091,False,ok,False
IMG000344.jpeg,15781,15781,0,1.0,False,False,0.6667803288130268,False,ok_edge_trimmed,False
IMG000345.jpeg,12008,12008,0,1.0,False,False,0.7825278810408922,False,ok,False
IMG000346.jpeg,25708,25708,0,1.0,False,False,0.4643922018348624,False,ok_edge_trimmed,False
IMG000347.jpeg,22563,22563,0,1.0,False,False,0.4163721096411202,False,ok_edge_trimmed,False
IMG000348.jpeg,75746,75746,0,1.0,False,False,0.7942957868220883,True,almost_full_image_edge_trimmed,False
IMG000349.jpeg,1631,1631,0,1.0,False,False,0.5244386695183558,False,ok_edge_trimmed,False
IMG000350.jpeg,8108,8108,0,1.0,False,False,0.745550061326597,False,ok_edge_trimmed,False
IMG000351.jpeg,6092,6092,0,1.0,False,False,0.5921835905401446,False,ok_edge_trimmed,False
IMG000352.jpeg,2127,2127,0,1.0,False,False,0.7825659325886638,False,ok_edge_trimmed,False
IMG000353.jpeg,2124,2124,0,1.0,False,False,0.6930799803272587,False,ok_edge_trimmed,False
IMG000354.jpeg,15349,15349,0,1.0,False,False,0.7115275411697899,False,ok,False
IMG000355.jpeg,14969,14969,0,1.0,False,False,0.920343137254902,False,ok,False
IMG000356.jpeg,1842,1842,0,1.0,False,False,0.6827794561933535,False,ok,False
IMG000357.jpeg,1036,1036,0,1.0,False,False,0.9840071079520212,True,almost_full_image_edge_trimmed,False
IMG000358.jpeg,316,316,0,1.0,False,False,0.8828920570264766,False,ok_edge_trimmed,False
IMG000359.jpeg,481,481,0,1.0,False,False,0.4216894667930832,False,ok_edge_trimmed,False
IMG000360.jpeg,13248,13248,0,1.0,False,False,0.9517857142857142,False,ok_edge_trimmed,False
IMG000361.jpeg,12947,12947,0,1.0,False,False,0.6158534053156146,False,ok,False
IMG000362.jpeg,11029,11029,0,1.0,False,False,0.8889285714285714,False,ok,False
IMG000363.jpeg,16606,16606,0,1.0,False,False,0.8697150498613623,False,ok,False
IMG000364.jpeg,583,583,0,1.0,False,False,0.5844370860927153,False,ok_edge_trimmed,False
IMG000365.jpeg,512,512,0,1.0,False,False,1.0,True,mask_safety_fallback,True
IMG000366.jpeg,439,439,0,1.0,False,False,0.6635252500056691,False,ok,False
IMG000367.jpeg,4266,4266,0,1.0,False,False,0.630266876105077,False,ok_edge_trimmed,False
IMG000368.jpeg,1987,1987,0,1.0,False,False,0.8244802507095553,False,ok_edge_trimmed,False
IMG000369.jpeg,48655,48655,0,1.0,False,False,0.5044488565335686,False,ok_edge_trimmed,False
IMG000370.jpeg,2339,2339,0,1.0,False,False,0.81665868836764,False,ok,False
IMG000371.jpeg,33963,33963,0,1.0,False,False,0.9821731748726656,True,almost_full_image_edge_trimmed,False
IMG000372.jpeg,2312,2312,0,1.0,False,False,0.6426814268142681,False,ok,False
IMG000373.jpeg,867,867,0,1.0,False,False,0.3909834368530021,False,ok_edge_trimmed,False
IMG000374.jpeg,82628,82628,0,1.0,False,False,0.9153153153153152,False,ok_edge_trimmed,False
IMG000375.jpeg,689447,689447,0,1.0,False,False,0.6736425339366516,False,ok,False
IMG000376.jpeg,704284,704284,0,1.0,False,False,0.8026249369005553,False,ok,False
IMG000377.jpeg,1900,1900,0,1.0,False,False,0.3958630527817404,False,ok_edge_trimmed,False
IMG000378.jpeg,837,837,0,1.0,False,False,0.7154882154882155,False,ok,False
IMG000379.jpeg,31920,31920,0,1.0,False,False,0.4384517766497462,False,ok,False
IMG000380.jpeg,6901,6901,0,1.0,False,False,0.7282020444978954,False,ok_edge_trimmed,False
IMG000381.jpeg,4870,4870,0,1.0,False,False,0.9017713365539451,False,ok,False
IMG000382.jpeg,17257,17257,0,1.0,False,False,0.6734750968448854,False,ok_edge_trimmed,False
IMG000383.jpeg,2843,2843,0,1.0,False,False,0.9884997955226048,True,almost_full_image_edge_trimmed,False
IMG000384.jpeg,3214,3214,0,1.0,False,False,0.8989113530326595,False,ok,False
IMG000385.jpeg,2269,2269,0,1.0,False,False,0.9250791417516708,False,ok,False
IMG000386.jpeg,499,499,0,1.0,False,False,0.6117255725286941,False,ok,False
IMG000387.jpeg,503,503,0,1.0,False,False,0.631032849192837,False,ok,False
IMG000388.jpeg,997,997,0,1.0,False,False,0.4206800759013283,False,ok_edge_trimmed,False
IMG000389.jpeg,1343,1343,0,1.0,False,False,0.41180032,False,ok_edge_trimmed,False
IMG000390.jpeg,18507,18507,0,1.0,False,False,0.688434997553879,False,ok,False
IMG000391.jpeg,24845,24845,0,1.0,False,False,0.7234299516908212,False,ok,False
IMG000392.jpeg,20453,20453,0,1.0,False,False,0.8080402151547867,False,ok,False
IMG000393.jpeg,30273,30273,0,1.0,False,False,0.8258227848101266,False,ok,False
IMG000394.jpeg,138149,138149,0,1.0,False,False,1.0,True,almost_full_image,False
IMG000395.jpeg,49460,49460,0,1.0,False,False,0.5569620253164557,False,ok_edge_trimmed,False
IMG000396.jpeg,47000,47000,0,1.0,False,False,0.841897233201581,False,ok_edge_trimmed,False
IMG000397.jpeg,95835,95835,0,1.0,False,False,0.7198515769944341,False,ok_edge_trimmed,False
IMG000398.jpeg,673252,673252,0,1.0,False,False,0.5502336448598131,False,ok,False
IMG000399.jpeg,771100,771100,0,1.0,False,False,0.5502676977989293,False,ok,False
IMG000400.jpeg,724274,724274,0,1.0,False,False,0.6724719101123595,False,ok,False
IMG000401.jpeg,649874,649874,0,1.0,False,False,0.5945790080738178,False,ok_edge_trimmed,False
IMG000402.jpeg,1623268,1623268,0,1.0,False,False,0.9094503756425464,False,ok,False
IMG000403.jpeg,724404,724404,0,1.0,False,False,0.8271832718327183,False,ok,False
IMG000404.jpeg,959352,959352,0,1.0,False,False,0.8710714285714286,False,ok,False
IMG000405.jpeg,465357,465357,0,1.0,False,False,0.7482555018786903,False,ok,False
IMG000406.jpeg,457053,457053,0,1.0,False,False,0.8762618512502833,False,ok_edge_trimmed,False
IMG000407.jpeg,188186,188186,0,1.0,False,False,0.8888888888888888,False,ok_edge_trimmed,False
IMG000408.jpeg,430,430,0,1.0,False,False,0.8412354731140738,False,ok,False
IMG000409.jpeg,7685,7685,0,1.0,False,False,0.4875647668393782,False,ok,False
IMG000410.jpeg,2582,2582,0,1.0,False,False,0.6404341926729986,False,ok,False
IMG000411.jpeg,33944,33944,0,1.0,False,False,0.415365143443301,False,ok_edge_trimmed,False
IMG000412.jpeg,45469,45469,0,1.0,False,False,0.3457722249430839,False,ok_edge_trimmed,False
IMG000413.jpeg,38010,38010,0,1.0,False,False,0.7244388751238067,False,ok_edge_trimmed,False
IMG000414.jpeg,821,821,0,1.0,False,False,0.4455577822311289,False,ok,False
IMG000415.jpeg,224119,224119,0,1.0,False,False,0.8895348837209303,True,almost_full_image_edge_trimmed,False
IMG000416.jpeg,7057,7057,0,1.0,False,False,0.68786469730124,False,ok_edge_trimmed,False
IMG000417.jpeg,45082,45082,0,1.0,False,False,0.6566878980891719,False,ok_edge_trimmed,False
IMG000418.jpeg,23870,23870,0,1.0,False,False,0.6323709885254954,False,ok_edge_trimmed,False
IMG000419.jpeg,19405,19405,0,1.0,False,False,0.648015873015873,False,ok,False
IMG000420.jpeg,6286,6286,0,1.0,False,False,0.713980998509687,False,ok_edge_trimmed,False
IMG000421.jpeg,3795,3795,0,1.0,False,False,0.5731981329470465,False,ok_edge_trimmed,False
IMG000422.jpeg,4605,4605,0,1.0,False,False,0.7400501321048709,False,ok_edge_trimmed,False
IMG000423.jpeg,11470,11470,0,1.0,False,False,0.6604541039339485,False,ok_edge_trimmed,False
IMG000424.jpeg,12019,12019,0,1.0,False,False,0.7947686116700201,False,ok,False
IMG000425.jpeg,12043,12043,0,1.0,False,False,0.7929951644837039,False,ok,False
IMG000426.jpeg,6583,6583,0,1.0,False,False,0.7414656886824397,False,ok_edge_trimmed,False
IMG000427.jpeg,26191,26191,0,1.0,False,False,0.510049751243781,False,ok_edge_trimmed,False
IMG000428.jpeg,18006,18006,0,1.0,False,False,0.70521347350354,False,ok_edge_trimmed,False
IMG000429.jpeg,4007,4007,0,1.0,False,False,0.6916451335055986,False,ok,False
IMG000430.jpeg,10481,10481,0,1.0,False,False,0.8960714285714285,False,ok,False
IMG000431.jpeg,5419,5419,0,1.0,False,False,0.6729994242947611,False,ok,False
IMG000432.jpeg,5692,5692,0,1.0,False,False,0.8356481481481481,False,ok,False
IMG000433.jpeg,18669,18669,0,1.0,False,False,0.985372340425532,True,almost_full_image_edge_trimmed,False
IMG000434.jpeg,16044,16044,0,1.0,False,False,0.9805309734513274,True,almost_full_image_edge_trimmed,False
IMG000435.jpeg,32369,32369,0,1.0,False,False,0.7525380710659898,False,ok,False
IMG000436.jpeg,19241,19241,0,1.0,False,False,0.8153609476558594,False,ok_edge_trimmed,False
IMG000437.jpeg,24848,24848,0,1.0,False,False,0.8522195050446547,False,ok_edge_trimmed,False
IMG000438.jpeg,14636,14636,0,1.0,False,False,0.7994579945799458,False,ok_edge_trimmed,False
IMG000439.jpeg,1396,1396,0,1.0,False,False,0.6520962877958955,False,ok_edge_trimmed,False
IMG000440.jpeg,1430,1430,0,1.0,False,False,0.9616746698679473,True,almost_full_image_edge_trimmed,False
IMG000441.jpeg,1426,1426,0,1.0,False,False,0.9176408504899626,False,ok_edge_trimmed,False
IMG000442.jpeg,3259,3259,0,1.0,False,False,0.9038594470046084,False,ok_edge_trimmed,False
IMG000443.jpeg,2010,2010,0,1.0,False,False,0.884083044982699,False,ok,False
IMG000444.jpeg,294,294,0,1.0,False,False,0.6698473282442748,False,ok_edge_trimmed,False
IMG000445.jpeg,3322,3322,0,1.0,False,False,0.5725420278221437,False,ok_edge_trimmed,False
IMG000446.jpeg,238921,238921,0,1.0,False,False,0.8345070422535211,False,ok,False
IMG000447.jpeg,1629,1629,0,1.0,False,False,0.5218811622313358,False,ok_edge_trimmed,False
IMG000448.jpeg,169153,169153,0,1.0,False,False,0.529052184673271,False,ok_edge_trimmed,False
IMG000449.jpeg,136679,136679,0,1.0,False,False,0.7934282256677712,False,ok_edge_trimmed,False
IMG000450.jpeg,29933,29933,0,1.0,False,False,0.5926497788972195,False,ok_edge_trimmed,False
IMG000451.jpeg,10662,10662,0,1.0,False,False,0.5768936006448646,False,ok_edge_trimmed,False
IMG000452.jpeg,48285,48285,0,1.0,False,False,0.5184938111781878,False,ok_edge_trimmed,False
IMG000453.jpeg,9281,9281,0,1.0,False,False,0.6294572632758523,False,ok_edge_trimmed,False
IMG000454.jpeg,7832,7832,0,1.0,False,False,0.490857047448258,False,ok_edge_trimmed,False
IMG000455.jpeg,138518,138518,0,1.0,False,False,0.5360117430603576,True,almost_full_image_edge_trimmed,False
IMG000456.jpeg,61836,61836,0,1.0,False,False,0.6901432690407981,True,almost_full_image_edge_trimmed,False
IMG000457.jpeg,78063,78063,0,1.0,False,False,0.3519939123777536,True,almost_full_image_edge_trimmed,False
IMG000458.jpeg,154535,154535,0,1.0,False,False,0.3086211473871382,True,almost_full_image_edge_trimmed,False
IMG000459.jpeg,71451,71451,0,1.0,False,False,0.877632375919521,True,almost_full_image_edge_trimmed,False
IMG000460.jpeg,73161,73161,0,1.0,False,False,0.9299763475662892,True,almost_full_image_edge_trimmed,False
IMG000461.jpeg,54634,54634,0,1.0,False,False,0.3708870476472719,False,ok_edge_trimmed,False
IMG000462.jpeg,55282,55282,0,1.0,False,False,0.28214292329349,False,ok_edge_trimmed,False
IMG000463.jpeg,370864,370864,0,1.0,False,False,0.8723821989528796,True,almost_full_image_edge_trimmed,False
IMG000464.jpeg,377750,377750,0,1.0,False,False,0.931799799960486,True,almost_full_image_edge_trimmed,False
IMG000465.jpeg,365050,365050,0,1.0,False,False,0.7940251572327044,False,ok,False
IMG000466.jpeg,456153,456153,0,1.0,False,False,0.52437106918239,False,ok,False
IMG000467.jpeg,33711,33711,0,1.0,False,False,0.9360297152290548,False,ok_edge_trimmed,False
IMG000468.jpeg,51778,51778,0,1.0,False,False,0.7633857811430715,False,ok_edge_trimmed,False
IMG000469.jpeg,45718,45718,0,1.0,False,False,0.7864904043513957,False,ok_edge_trimmed,False
IMG000470.jpeg,1459,1459,0,1.0,False,False,0.4611398963730569,False,ok,False
IMG000471.jpeg,2218,2218,0,1.0,False,False,0.4714285714285714,False,ok,False
IMG000472.jpeg,230926,230926,0,1.0,False,False,0.5878423794320282,False,ok_edge_trimmed,False
IMG000473.jpeg,690554,690554,0,1.0,False,False,0.8015140092976505,False,ok_edge_trimmed,False
IMG000474.jpeg,377206,377206,0,1.0,False,False,0.6879542937246893,False,ok_edge_trimmed,False
IMG000475.jpeg,80744,80744,0,1.0,False,False,0.7897225077081192,False,ok_edge_trimmed,False
IMG000476.jpeg,113423,113423,0,1.0,False,False,0.6911296739267914,False,ok_edge_trimmed,False
IMG000477.jpeg,612300,612300,0,1.0,False,False,0.908163745134408,True,almost_full_image_edge_trimmed,False
IMG000478.jpeg,24295,24295,0,1.0,False,False,0.6855077196373991,False,ok_edge_trimmed,False
IMG000479.jpeg,59031,59031,0,1.0,False,False,0.4364007920792079,False,ok_edge_trimmed,False
IMG000480.jpeg,29238,29238,0,1.0,False,False,0.5674906930693069,False,ok_edge_trimmed,False
IMG000481.jpeg,4370,4370,0,1.0,False,False,0.689908256880734,False,ok,False
IMG000482.jpeg,6027,6027,0,1.0,False,False,0.6360184963432909,False,ok_edge_trimmed,False
IMG000483.jpeg,6321,6321,0,1.0,False,False,0.7032292094039521,False,ok_edge_trimmed,False
IMG000484.jpeg,161304,161304,0,1.0,False,False,0.6516047297297297,False,ok_edge_trimmed,False
IMG000485.jpeg,161264,161264,0,1.0,False,False,0.7907184795836208,False,ok_edge_trimmed,False
IMG000486.jpeg,7522,7522,0,1.0,False,False,0.690574912891986,False,ok_edge_trimmed,False
IMG000487.jpeg,2799,2799,0,1.0,False,False,0.6497271542033686,False,ok_edge_trimmed,False
IMG000488.jpeg,7553,7553,0,1.0,False,False,0.5451682229840279,False,ok,False
IMG000489.jpeg,5887,5887,0,1.0,False,False,0.5234201494044014,False,ok,False
IMG000490.jpeg,2362,2362,0,1.0,False,False,0.577229854912057,False,ok_edge_trimmed,False
IMG000491.jpeg,1931,1931,0,1.0,False,False,0.4541093109938369,False,ok_edge_trimmed,False
IMG000492.jpeg,10988,10988,0,1.0,False,False,0.7433742243566865,False,ok_edge_trimmed,False
IMG000493.jpeg,8940,8940,0,1.0,False,False,0.2625547910005069,False,ok_edge_trimmed,False
IMG000494.jpeg,2050,2050,0,1.0,False,False,0.4217683597045065,False,ok,False
IMG000495.jpeg,904,904,0,1.0,False,False,1.0,True,mask_safety_fallback,True
IMG000496.jpeg,6771,6771,0,1.0,False,False,0.8148665425201738,False,ok_edge_trimmed,False
IMG000497.jpeg,226381,226381,0,1.0,False,False,0.8895348837209303,True,almost_full_image_edge_trimmed,False
IMG000498.jpeg,45326,45326,0,1.0,False,False,0.3017517349105996,False,ok_edge_trimmed,False
IMG000499.jpeg,43743,43743,0,1.0,False,False,0.4155053004297145,False,ok_edge_trimmed,False
IMG000500.jpeg,4109,4109,0,1.0,False,False,0.7328214523856564,True,almost_full_image_edge_trimmed,False
IMG000501.jpeg,4690,4690,0,1.0,False,False,0.7375311018225822,True,almost_full_image_edge_trimmed,False
IMG000502.jpeg,2793,2793,0,1.0,False,False,0.2729134767361454,False,ok_edge_trimmed,False
IMG000503.jpeg,53784,53784,0,1.0,False,False,0.5268822390842636,False,ok_edge_trimmed,False
IMG000504.jpeg,39155,39155,0,1.0,False,False,0.4980345911949685,False,ok_edge_trimmed,False
IMG000505.jpeg,33855,33855,0,1.0,False,False,0.2720125786163522,False,ok_edge_trimmed,False
IMG000506.jpeg,81714,81714,0,1.0,False,False,0.4170597484276729,False,ok,False
IMG000507.jpeg,27562,27562,0,1.0,False,False,0.5877581120943953,False,ok_edge_trimmed,False
IMG000508.jpeg,95585,95585,0,1.0,False,False,0.9412231930103256,False,ok,False
IMG000509.jpeg,8414,8414,0,1.0,False,False,0.7397752808988765,False,ok,False
IMG000510.jpeg,3585,3585,0,1.0,False,False,0.9008494069393636,True,almost_full_image_edge_trimmed,False
IMG000511.jpeg,7041,7041,0,1.0,False,False,0.7110025613812757,False,ok,False
IMG000512.jpeg,7849,7849,0,1.0,False,False,0.6870752608905987,False,ok,False
IMG000513.jpeg,25085,25085,0,1.0,False,False,0.9425,False,ok,False
IMG000514.jpeg,187810,187810,0,1.0,False,False,1.0,True,almost_full_image,False
IMG000515.jpeg,1931,1931,0,1.0,False,False,0.783578911506686,False,ok_edge_trimmed,False
IMG000516.jpeg,28946,28946,0,1.0,False,False,0.919551934826884,False,ok,False
IMG000517.jpeg,66748,66748,0,1.0,False,False,0.369573796446094,False,ok,False
IMG000518.jpeg,43938,43938,0,1.0,False,False,0.4848797661297661,False,ok,False
IMG000519.jpeg,14391,14391,0,1.0,False,False,0.9542601202723748,True,almost_full_image_edge_trimmed,False
IMG000520.jpeg,22191,22191,0,1.0,False,False,0.3049613455623597,False,ok,False
IMG000521.jpeg,35269,35269,0,1.0,False,False,0.8164983164983165,False,ok,False
IMG000522.jpeg,32808,32808,0,1.0,False,False,0.8257093225246092,False,ok,False
IMG000523.jpeg,6323,6323,0,1.0,False,False,0.5855816016745914,False,ok,False
IMG000524.jpeg,6427,6427,0,1.0,False,False,0.9368932038834952,False,ok_edge_trimmed,False
IMG000525.jpeg,33486,33486,0,1.0,False,False,1.0,True,mask_safety_fallback,True
IMG000526.jpeg,58988,58988,0,1.0,False,False,0.6094557715922726,False,ok_edge_trimmed,False
IMG000527.jpeg,61275,61275,0,1.0,False,False,0.7259488532575604,False,ok_edge_trimmed,False
IMG000528.jpeg,9742,9742,0,1.0,False,False,0.7317166227492314,False,ok,False
IMG000529.jpeg,6635,6635,0,1.0,False,False,0.5548203869651155,False,ok,False
IMG000530.jpeg,5628,5628,0,1.0,False,False,0.9570979427807532,True,almost_full_image_edge_trimmed,False
IMG000531.jpeg,5256,5256,0,1.0,False,False,0.95281606737507,True,almost_full_image_edge_trimmed,False
IMG000532.jpeg,64391,64391,0,1.0,False,False,0.9554025187914726,True,almost_full_image_edge_trimmed,False
IMG000533.jpeg,58458,58458,0,1.0,False,False,1.0,True,almost_full_image,False
IMG000534.jpeg,60456,60456,0,1.0,False,False,0.5427382833388217,False,ok_edge_trimmed,False
IMG000535.jpeg,61969,61969,0,1.0,False,False,0.6982288723626,False,ok_edge_trimmed,False
IMG000536.jpeg,59671,59671,0,1.0,False,False,0.5367943548387096,False,ok,False
IMG000537.jpeg,43021,43021,0,1.0,False,False,0.7329683911231429,False,ok_edge_trimmed,False
IMG000538.jpeg,64862,64862,0,1.0,False,False,1.0,True,almost_full_image,False
IMG000539.jpeg,10216,10216,0,1.0,False,False,0.9104622871046228,False,ok,False
IMG000540.jpeg,12832,12832,0,1.0,False,False,0.9374228077398106,False,ok,False
IMG000541.jpeg,15210,15210,0,1.0,False,False,0.8641280830809174,False,ok_edge_trimmed,False
IMG000542.jpeg,1753,1753,0,1.0,False,False,0.6194144838212635,False,ok,False
IMG000543.jpeg,33923,33923,0,1.0,False,False,0.5810975609756097,False,ok,False
IMG000544.jpeg,18834,18834,0,1.0,False,False,0.8617083091226031,False,ok,False
IMG000545.jpeg,18164,18164,0,1.0,False,False,0.7106625258799172,False,ok,False
IMG000546.jpeg,1927,1927,0,1.0,False,False,0.5002616997528502,False,ok_edge_trimmed,False
IMG000547.jpeg,1833,1833,0,1.0,False,False,0.7572438966399617,False,ok_edge_trimmed,False
IMG000548.jpeg,2315,2315,0,1.0,False,False,0.5705911478515456,False,ok_edge_trimmed,False
IMG000549.jpeg,2246,2246,0,1.0,False,False,0.6200636126883832,False,ok_edge_trimmed,False
IMG000550.jpeg,1566,1566,0,1.0,False,False,0.2742439864664625,False,ok_edge_trimmed,False
IMG000551.jpeg,9428,9428,0,1.0,False,False,0.2976892040403042,False,ok_edge_trimmed,False
IMG000552.jpeg,70492,70492,0,1.0,False,False,1.0,True,mask_safety_fallback,True
IMG000553.jpeg,65501,65501,0,1.0,False,False,0.8278440803121604,True,almost_full_image_edge_trimmed,False
IMG000554.jpeg,56211,56211,0,1.0,False,False,0.803790332040897,True,almost_full_image_edge_trimmed,False
IMG000555.jpeg,5082,5082,0,1.0,False,False,0.6339188142102143,True,almost_full_image_edge_trimmed,False
IMG000556.jpeg,4851,4851,0,1.0,False,False,0.6292091647732886,True,almost_full_image_edge_trimmed,False
IMG000557.jpeg,117,117,0,1.0,False,False,0.1976528542675096,False,ok_edge_trimmed,False
IMG000558.jpeg,248,248,0,1.0,False,False,0.2026634890842635,False,ok_edge_trimmed,False
IMG000559.jpeg,231,231,0,1.0,False,False,0.1913376922190391,False,ok_edge_trimmed,False
IMG000560.jpeg,182,182,0,1.0,False,False,0.4420549120813988,False,ok_edge_trimmed,False
IMG000561.jpeg,5779,5779,0,1.0,False,False,0.798918918918919,False,ok,False
IMG000562.jpeg,20105,20105,0,1.0,False,False,0.460486793687642,False,ok_edge_trimmed,False
IMG000563.jpeg,14199,14199,0,1.0,False,False,0.1654292823273733,False,ok_edge_trimmed,False
IMG000564.jpeg,46614,46614,0,1.0,False,False,0.9779639975170702,False,ok,False
IMG000565.jpeg,2004,2004,0,1.0,False,False,0.5599240028008499,False,ok_edge_trimmed,False
IMG000566.jpeg,1400,1400,0,1.0,False,False,0.4426059468536995,True,no_component_large_enough,False
IMG000567.jpeg,948,948,0,1.0,False,False,0.5511877869318897,False,ok_edge_trimmed,False
IMG000568.jpeg,63007,63007,0,1.0,False,False,0.9378843788437884,False,ok,False
IMG000569.jpeg,59820,59820,0,1.0,False,False,0.4277215942891136,False,ok_edge_trimmed,False
IMG000570.jpeg,59953,59953,0,1.0,False,False,0.4995417048579285,False,ok_edge_trimmed,False
IMG000571.jpeg,81403,81403,0,1.0,False,False,0.5210355987055016,False,ok_edge_trimmed,False
IMG000572.jpeg,69621,69621,0,1.0,False,False,0.4559917895129688,False,ok_edge_trimmed,False
IMG000573.jpeg,548629,548629,0,1.0,False,False,0.8200473559589582,False,ok,False
IMG000574.jpeg,391854,391854,0,1.0,False,False,0.8259081562714188,False,ok,False
IMG000575.jpeg,184971,184971,0,1.0,False,False,0.76338199513382,False,ok,False
IMG000576.jpeg,18718,18718,0,1.0,False,False,0.6081609837898267,False,ok,False
IMG000577.jpeg,8013,8013,0,1.0,False,False,0.3895152128815568,False,ok_edge_trimmed,False
IMG000578.jpeg,18677,18677,0,1.0,False,False,0.5776630689816987,False,ok,False
IMG000579.jpeg,7913,7913,0,1.0,False,False,0.8526785714285714,False,ok,False
IMG000580.jpeg,28795,28795,0,1.0,False,False,0.4096916299559471,False,ok_edge_trimmed,False
IMG000581.jpeg,73082,73082,0,1.0,False,False,0.8601321585903083,False,ok_edge_trimmed,False
IMG000582.jpeg,7435,7435,0,1.0,False,False,0.360117430603576,False,ok_edge_trimmed,False
IMG000583.jpeg,34369,34369,0,1.0,False,False,0.5988857938718662,False,ok,False
IMG000584.jpeg,20110,20110,0,1.0,False,False,0.5794477138976912,False,ok,False
IMG000585.jpeg,2808,2808,0,1.0,False,False,0.2309483972142645,False,ok_edge_trimmed,False
IMG000586.jpeg,3309,3309,0,1.0,False,False,0.2408455425351509,False,ok_edge_trimmed,False
IMG000587.jpeg,60439,60439,0,1.0,False,False,0.9963709677419356,True,almost_full_image_edge_trimmed,False
IMG000588.jpeg,39854,39854,0,1.0,False,False,0.9953560371517028,True,almost_full_image_edge_trimmed,False
IMG000589.jpeg,4810,4810,0,1.0,False,False,0.5172472340215352,False,ok_edge_trimmed,False
IMG000590.jpeg,5670,5670,0,1.0,False,False,0.3116185244410419,False,ok_edge_trimmed,False
IMG000591.jpeg,12566,12566,0,1.0,False,False,0.6072408118486012,False,ok,False
IMG000592.jpeg,12237,12237,0,1.0,False,False,0.9218139171227522,False,ok,False
IMG000593.jpeg,3835,3835,0,1.0,False,False,0.3563287342531493,False,ok_edge_trimmed,False
IMG000594.jpeg,11289,11289,0,1.0,False,False,0.5383589059372915,False,ok,False
IMG000595.jpeg,899,899,0,1.0,False,False,0.4685222006335477,False,ok_edge_trimmed,False
IMG000596.jpeg,3050,3050,0,1.0,False,False,0.4676726266916922,True,almost_full_image_edge_trimmed,False
IMG000597.jpeg,4415,4415,0,1.0,False,False,0.5596124573872635,False,ok_edge_trimmed,False
IMG000598.jpeg,87898,87898,0,1.0,False,False,0.8726951199925612,False,ok_edge_trimmed,False
IMG000599.jpeg,88163,88163,0,1.0,False,False,0.6485624240901285,False,ok_edge_trimmed,False
IMG000600.jpeg,81367,81367,0,1.0,False,False,0.9427083333333334,True,almost_full_image_edge_trimmed,False
IMG000601.jpeg,41702,41702,0,1.0,False,False,0.5810473815461347,False,ok_edge_trimmed,False
IMG000602.jpeg,23792,23792,0,1.0,False,False,0.5723438334223171,False,ok_edge_trimmed,False
IMG000603.jpeg,34734,34734,0,1.0,False,False,0.7087681995023324,False,ok_edge_trimmed,False
IMG000604.jpeg,14658,14658,0,1.0,False,False,0.7424172092706444,False,ok_edge_trimmed,False
IMG000605.jpeg,14426,14426,0,1.0,False,False,1.0,True,mask_safety_fallback,True
IMG000606.jpeg,14233,14233,0,1.0,False,False,1.0,True,mask_safety_fallback,True
IMG000607.jpeg,356193,356193,0,1.0,False,False,0.97210953346856,True,almost_full_image_edge_trimmed,False
IMG000608.jpeg,255980,255980,0,1.0,False,False,0.9830508474576272,True,almost_full_image_edge_trimmed,False
IMG000609.jpeg,13145,13145,0,1.0,False,False,0.5983407987997629,True,almost_full_image_edge_trimmed,False
IMG000610.jpeg,15755,15755,0,1.0,False,False,0.5743738732342191,True,almost_full_image_edge_trimmed,False
IMG000611.jpeg,15173,15173,0,1.0,False,False,0.5871638224834536,True,almost_full_image_edge_trimmed,False
IMG000612.jpeg,5957,5957,0,1.0,False,False,0.5892857142857143,False,ok,False
IMG000613.jpeg,45036,45036,0,1.0,False,False,0.5380208333333333,False,ok_edge_trimmed,False
IMG000614.jpeg,43848,43848,0,1.0,False,False,0.7762605042016807,False,ok,False
IMG000615.jpeg,29327,29327,0,1.0,False,False,0.9360714285714286,False,ok_edge_trimmed,False
IMG000616.jpeg,58100,58100,0,1.0,False,False,0.8602981778023192,False,ok,False
IMG000617.jpeg,6459,6459,0,1.0,False,False,0.3505911425921958,False,ok,False
IMG000618.jpeg,6662,6662,0,1.0,False,False,0.623952571539926,False,ok,False
IMG000619.jpeg,2303,2303,0,1.0,False,False,0.4477611940298507,False,ok,False
IMG000620.jpeg,11400,11400,0,1.0,False,False,0.7423780487804879,False,ok,False
IMG000621.jpeg,19859,19859,0,1.0,False,False,0.8634564643799473,False,ok_edge_trimmed,False
IMG000622.jpeg,41065,41065,0,1.0,False,False,0.6240070609002648,False,ok,False
IMG000623.jpeg,45213,45213,0,1.0,False,False,0.7634554500226142,False,ok,False
IMG000624.jpeg,38973,38973,0,1.0,False,False,0.8737662337662337,False,ok,False
IMG000625.jpeg,2553,2553,0,1.0,False,False,0.7000710732054015,False,ok_edge_trimmed,False
IMG000626.jpeg,4865,4865,0,1.0,False,False,0.7135815991237678,False,ok,False
IMG000627.jpeg,3718,3718,0,1.0,False,False,0.9112903225806452,False,ok,False
IMG000628.jpeg,3210,3210,0,1.0,False,False,0.9169658886894076,False,ok_edge_trimmed,False
IMG000629.jpeg,6920,6920,0,1.0,False,False,0.6122572815533981,False,ok,False
IMG000630.jpeg,13458,13458,0,1.0,False,False,0.6146509908572417,False,ok_edge_trimmed,False
IMG000631.jpeg,6966,6966,0,1.0,False,False,0.7046464932126697,False,ok_edge_trimmed,False
IMG000632.jpeg,5260,5260,0,1.0,False,False,0.7470211575522722,False,ok_edge_trimmed,False
IMG000633.jpeg,949,949,0,1.0,False,False,0.9151772613243716,True,almost_full_image_edge_trimmed,False
IMG000634.jpeg,1018,1018,0,1.0,False,False,0.9150960693444272,True,almost_full_image_edge_trimmed,False
IMG000635.jpeg,1573,1573,0,1.0,False,False,0.7570879551287323,False,ok,False
IMG000636.jpeg,5460,5460,0,1.0,False,False,0.6227822265303434,False,ok_edge_trimmed,False
IMG000637.jpeg,3093,3093,0,1.0,False,False,0.9221941662422904,False,ok_edge_trimmed,False
IMG000638.jpeg,8136,8136,0,1.0,False,False,0.9122257053291536,False,ok,False
IMG000639.jpeg,639,639,0,1.0,False,False,0.4508320726172466,False,ok_edge_trimmed,False
IMG000640.jpeg,22638,22638,0,1.0,False,False,0.9469339622641508,True,almost_full_image_edge_trimmed,False
IMG000641.jpeg,2204,2204,0,1.0,False,False,0.8231396534148828,False,ok,False
IMG000642.jpeg,7356,7356,0,1.0,False,False,0.8542416557591623,False,ok_edge_trimmed,False
IMG000643.jpeg,9375,9375,0,1.0,False,False,0.2488845533274062,False,ok_edge_trimmed,False
IMG000644.jpeg,46250,46250,0,1.0,False,False,0.7617693335647108,False,ok_edge_trimmed,False
IMG000645.jpeg,41837,41837,0,1.0,False,False,0.7905504140282513,False,ok_edge_trimmed,False
IMG000646.jpeg,5745,5745,0,1.0,False,False,0.6716733931951154,False,ok_edge_trimmed,False
IMG000647.jpeg,1770,1770,0,1.0,False,False,0.7197766128089096,False,ok_edge_trimmed,False
IMG000648.jpeg,5807,5807,0,1.0,False,False,0.5586126580559123,True,almost_full_image_edge_trimmed,False
IMG000649.jpeg,1832,1832,0,1.0,False,False,0.5894752358490566,True,almost_full_image_edge_trimmed,False
IMG000650.jpeg,425167,425167,0,1.0,False,False,0.4097397145256087,False,ok,False
IMG000651.jpeg,309339,309339,0,1.0,False,False,0.99468791500664,True,almost_full_image_edge_trimmed,False
IMG000652.jpeg,10904,10904,0,1.0,False,False,0.6372255489021956,False,ok,False
IMG000653.jpeg,33189,33189,0,1.0,False,False,0.6682958465046593,False,ok_edge_trimmed,False
IMG000654.jpeg,27902,27902,0,1.0,False,False,0.5503513811370148,False,ok_edge_trimmed,False
IMG000655.jpeg,189288,189288,0,1.0,False,False,0.8912138508841253,False,ok_edge_trimmed,False
IMG000656.jpeg,211599,211599,0,1.0,False,False,0.5404874213836478,False,ok_edge_trimmed,False
IMG000657.jpeg,174088,174088,0,1.0,False,False,0.762185534591195,False,ok_edge_trimmed,False
IMG000658.jpeg,4224,4224,0,1.0,False,False,0.9587264150943396,True,almost_full_image_edge_trimmed,False
IMG000659.jpeg,1216061,1216061,0,1.0,False,False,1.0,True,mask_safety_fallback,True
IMG000660.jpeg,386679,386679,0,1.0,False,False,0.7364905889496054,False,ok,False
IMG000661.jpeg,1411529,1411529,0,1.0,False,False,1.0,True,mask_safety_fallback,True
IMG000662.jpeg,716611,716611,0,1.0,False,False,1.0,True,mask_safety_fallback,True
IMG000663.jpeg,607149,607149,0,1.0,False,False,0.8656957928802589,False,ok,False
IMG000664.jpeg,709325,709325,0,1.0,False,False,1.0,True,mask_safety_fallback,True
IMG000665.jpeg,35684,35684,0,1.0,False,False,0.4992387460288917,False,ok,False
IMG000666.jpeg,30307,30307,0,1.0,False,False,0.7621111384716408,False,ok,False
IMG000667.jpeg,25633,25633,0,1.0,False,False,0.8232784424705758,False,ok,False
IMG000668.jpeg,405546,405546,0,1.0,False,False,1.0,True,mask_safety_fallback,True
IMG000669.jpeg,64985,64985,0,1.0,False,False,0.7745803357314148,False,ok_edge_trimmed,False
IMG000670.jpeg,142524,142524,0,1.0,False,False,0.7692307692307693,False,ok,False
IMG000671.jpeg,75387,75387,0,1.0,False,False,0.9149501661129568,False,ok,False
IMG000672.jpeg,1228,1228,0,1.0,False,False,0.7059303469241774,False,ok_edge_trimmed,False
IMG000673.jpeg,2717,2717,0,1.0,False,False,0.9049295774647887,False,ok,False
IMG000674.jpeg,54391,54391,0,1.0,False,False,0.6157046628668756,False,ok_edge_trimmed,False
IMG000675.jpeg,44524,44524,0,1.0,False,False,0.4056182306060931,False,ok_edge_trimmed,False
IMG000676.jpeg,46542,46542,0,1.0,False,False,0.5948346414073071,False,ok_edge_trimmed,False
IMG000677.jpeg,108768,108768,0,1.0,False,False,0.6993241322822276,False,ok_edge_trimmed,False
IMG000678.jpeg,114685,114685,0,1.0,False,False,0.7976876448564807,False,ok_edge_trimmed,False
IMG000679.jpeg,1369,1369,0,1.0,False,False,0.9057539682539684,False,ok,False
IMG000680.jpeg,1481,1481,0,1.0,False,False,0.5606169425149359,False,ok_edge_trimmed,False
IMG000681.jpeg,507,507,0,1.0,False,False,0.5287187039764359,False,ok_edge_trimmed,False
IMG000682.jpeg,1008,1008,0,1.0,False,False,0.7229102167182663,False,ok,False
IMG000683.jpeg,127602,127602,0,1.0,False,False,0.9106302916274694,False,ok,False
IMG000684.jpeg,2041,2041,0,1.0,False,False,0.5632250580046404,False,ok_edge_trimmed,False
IMG000685.jpeg,1839,1839,0,1.0,False,False,0.813953488372093,False,ok,False
IMG000686.jpeg,28884,28884,0,1.0,False,False,0.6939214631522324,False,ok,False
IMG000687.jpeg,22082,22082,0,1.0,False,False,0.8610183639398998,False,ok_edge_trimmed,False
IMG000688.jpeg,45480,45480,0,1.0,False,False,0.6891814539210075,False,ok_edge_trimmed,False
IMG000689.jpeg,66898,66898,0,1.0,False,False,0.7503467406380028,False,ok,False
IMG000690.jpeg,64091,64091,0,1.0,False,False,0.963089802130898,False,ok,False
IMG000691.jpeg,10528,10528,0,1.0,False,False,0.8969481063445175,False,ok_edge_trimmed,False
IMG000692.jpeg,6625,6625,0,1.0,False,False,0.9060591827148896,False,ok,False
IMG000693.jpeg,20604,20604,0,1.0,False,False,0.8759417024572274,True,almost_full_image_edge_trimmed,False
IMG000694.jpeg,18960,18960,0,1.0,False,False,0.7210477941176471,False,ok,False
IMG000695.jpeg,17657,17657,0,1.0,False,False,0.3669463934341342,False,ok_edge_trimmed,False
IMG000696.jpeg,28553,28553,0,1.0,False,False,0.7720510095642933,False,ok,False
IMG000697.jpeg,21630,21630,0,1.0,False,False,0.8115942028985508,False,ok,False
IMG000698.jpeg,13923,13923,0,1.0,False,False,0.3613344051446945,False,ok_edge_trimmed,False
IMG000699.jpeg,11219,11219,0,1.0,False,False,0.5636604774535809,False,ok,False
IMG000700.jpeg,5500,5500,0,1.0,False,False,0.8403755868544601,False,ok,False
IMG000701.jpeg,7153,7153,0,1.0,False,False,0.8403979238754326,False,ok,False
IMG000702.jpeg,149,149,0,1.0,False,False,0.2510980518856803,False,ok_edge_trimmed,False
IMG000703.jpeg,5941,5941,0,1.0,False,False,0.5284921775931876,False,ok_edge_trimmed,False
IMG000704.jpeg,6169,6169,0,1.0,False,False,0.535059331175836,False,ok,False
IMG000705.jpeg,10678,10678,0,1.0,False,False,0.7909319899244333,False,ok,False
IMG000706.jpeg,6871,6871,0,1.0,False,False,1.0,True,mask_safety_fallback,True
IMG000707.jpeg,20140,20140,0,1.0,False,False,0.6759681456587193,False,ok_edge_trimmed,False
IMG000708.jpeg,4282,4282,0,1.0,False,False,0.3517712112467018,False,ok,False
IMG000709.jpeg,7324,7324,0,1.0,False,False,0.9879032258064516,True,almost_full_image_edge_trimmed,False
IMG000710.jpeg,5672,5672,0,1.0,False,False,0.9904101525219507,True,almost_full_image_edge_trimmed,False
IMG000711.jpeg,1046,1046,0,1.0,False,False,0.8035725617107684,False,ok,False
IMG000712.jpeg,574,574,0,1.0,False,False,0.5146832159011681,False,ok_edge_trimmed,False
IMG000713.jpeg,636,636,0,1.0,False,False,1.0,True,mask_safety_fallback,True
IMG000714.jpeg,9923,9923,0,1.0,False,False,0.1853221006618591,False,ok_edge_trimmed,False
IMG000715.jpeg,8311,8311,0,1.0,False,False,0.3705955806085153,False,ok_edge_trimmed,False
IMG000716.jpeg,452339,452339,0,1.0,False,False,0.996274834437086,True,almost_full_image_edge_trimmed,False
IMG000717.jpeg,523589,523589,0,1.0,False,False,0.9885786802030456,True,almost_full_image_edge_trimmed,False
IMG000718.jpeg,333650,333650,0,1.0,False,False,0.6655192197360872,False,ok,False
IMG000719.jpeg,347997,347997,0,1.0,False,False,0.7280130293159609,False,ok,False
IMG000720.jpeg,26542,26542,0,1.0,False,False,0.6482677627715796,False,ok_edge_trimmed,False
IMG000721.jpeg,28309,28309,0,1.0,False,False,0.6527230713914962,False,ok_edge_trimmed,False
IMG000722.jpeg,74039,74039,0,1.0,False,False,0.994969040247678,True,almost_full_image_edge_trimmed,False
IMG000723.jpeg,5450,5450,0,1.0,False,False,0.8269736842105263,False,ok,False
IMG000724.jpeg,12199,12199,0,1.0,False,False,0.3248601988390583,False,ok,False
IMG000725.jpeg,9189,9189,0,1.0,False,False,0.6076221148684917,False,ok,False
IMG000726.jpeg,3980,3980,0,1.0,False,False,0.7658752070679182,False,ok,False
IMG000727.jpeg,7089,7089,0,1.0,False,False,0.8588850174216028,False,ok,False
IMG000728.jpeg,1231,1231,0,1.0,False,False,0.5619891008174387,False,ok_edge_trimmed,False
IMG000729.jpeg,10786,10786,0,1.0,False,False,0.7959183673469388,False,ok,False
IMG000730.jpeg,4919,4919,0,1.0,False,False,0.8073496659242761,False,ok,False
IMG000731.jpeg,8057,8057,0,1.0,False,False,1.0,True,almost_full_image,False
IMG000732.jpeg,3878,3878,0,1.0,False,False,0.7165021156558533,False,ok,False
IMG000733.jpeg,1578,1578,0,1.0,False,False,0.7140930546190155,False,ok_edge_trimmed,False
IMG000734.jpeg,12477,12477,0,1.0,False,False,0.8145650708024275,False,ok,False
IMG000735.jpeg,2684,2684,0,1.0,False,False,0.8233058898036733,False,ok,False
IMG000736.jpeg,692,692,0,1.0,False,False,0.5377207062600321,False,ok_edge_trimmed,False
IMG000737.jpeg,7457,7457,0,1.0,False,False,0.5617910447761194,False,ok,False
IMG000738.jpeg,12822,12822,0,1.0,False,False,0.6653739612188365,False,ok,False
IMG000739.jpeg,2480,2480,0,1.0,False,False,0.5767120070456991,False,ok_edge_trimmed,False
IMG000740.jpeg,2647,2647,0,1.0,False,False,0.5077467291934297,False,ok_edge_trimmed,False
IMG000741.jpeg,1199,1199,0,1.0,False,False,0.910874897792314,False,ok,False
IMG000742.jpeg,7778,7778,0,1.0,False,False,0.8920243615657987,False,ok,False
IMG000743.jpeg,2097,2097,0,1.0,False,False,0.4797736631439513,False,ok_edge_trimmed,False
IMG000744.jpeg,6302,6302,0,1.0,False,False,0.6008216931406846,False,ok_edge_trimmed,False
IMG000745.jpeg,25115,25115,0,1.0,False,False,0.5823250920568122,False,ok,False
IMG000746.jpeg,36422,36422,0,1.0,False,False,0.889739663093415,False,ok,False
IMG000747.jpeg,2220,2220,0,1.0,False,False,0.8697972251867663,False,ok_edge_trimmed,False
IMG000748.jpeg,5736,5736,0,1.0,False,False,0.8354720439963337,False,ok,False
IMG000749.jpeg,1030,1030,0,1.0,False,False,0.6957403651115619,False,ok,False
IMG000750.jpeg,5283,5283,0,1.0,False,False,0.8337606837606838,False,ok,False
IMG000751.jpeg,3237,3237,0,1.0,False,False,0.5860042735042735,False,ok,False
IMG000752.jpeg,4038,4038,0,1.0,False,False,0.5509119059284664,False,ok_edge_trimmed,False
IMG000753.jpeg,2395,2395,0,1.0,False,False,0.5251686559418786,False,ok_edge_trimmed,False
IMG000754.jpeg,3121,3121,0,1.0,False,False,0.5827647823261858,False,ok_edge_trimmed,False
IMG000755.jpeg,4465,4465,0,1.0,False,False,0.5022547533652475,False,ok_edge_trimmed,False
IMG000756.jpeg,243506,243506,0,1.0,False,False,0.393526405451448,False,ok_edge_trimmed,False
IMG000757.jpeg,182886,182886,0,1.0,False,False,0.8676975945017182,False,ok,False
IMG000758.jpeg,118636,118636,0,1.0,False,False,0.2251339770818927,False,ok_edge_trimmed,False
IMG000759.jpeg,187339,187339,0,1.0,False,False,0.2267901684283315,False,ok_edge_trimmed,False
IMG000760.jpeg,1435,1435,0,1.0,False,False,0.7914438502673797,False,ok_edge_trimmed,False
IMG000761.jpeg,992,992,0,1.0,False,False,0.6446629213483146,False,ok,False
IMG000762.jpeg,280,280,0,1.0,False,False,0.5911330049261084,False,ok_edge_trimmed,False
IMG000763.jpeg,1136,1136,0,1.0,False,False,0.654357459379616,False,ok,False
IMG000764.jpeg,1863,1863,0,1.0,False,False,0.8212703101920237,False,ok,False
IMG000765.jpeg,17250,17250,0,1.0,False,False,0.8960714285714285,False,ok,False
IMG000766.jpeg,5224,5224,0,1.0,False,False,1.0,True,almost_full_image,False
IMG000767.jpeg,17316,17316,0,1.0,False,False,0.8355769230769231,False,ok,False
IMG000768.jpeg,2393,2393,0,1.0,False,False,0.7798408488063661,False,ok,False
IMG000769.jpeg,2289,2289,0,1.0,False,False,0.73607972988166,False,ok_edge_trimmed,False
IMG000770.jpeg,639,639,0,1.0,False,False,0.7463175122749591,False,ok,False
IMG000771.jpeg,1962,1962,0,1.0,False,False,0.5875307125307125,False,ok_edge_trimmed,False
IMG000772.jpeg,2065,2065,0,1.0,False,False,0.7446239564698867,False,ok_edge_trimmed,False
IMG000773.jpeg,1172,1172,0,1.0,False,False,0.6772423615585472,False,ok_edge_trimmed,False
IMG000774.jpeg,26577,26577,0,1.0,False,False,0.6439522998296422,False,ok,False
IMG000775.jpeg,26553,26553,0,1.0,False,False,0.870945945945946,False,ok,False
IMG000776.jpeg,25947,25947,0,1.0,False,False,0.6107715497250381,False,ok,False
IMG000777.jpeg,167895,167895,0,1.0,False,False,0.5825163398692811,False,ok,False
IMG000778.jpeg,178682,178682,0,1.0,False,False,1.0,True,mask_safety_fallback,True
IMG000779.jpeg,225994,225994,0,1.0,False,False,1.0,True,almost_full_image,False
IMG000780.jpeg,2935,2935,0,1.0,False,False,0.97,False,ok,False
IMG000781.jpeg,20218,20218,0,1.0,False,False,0.8405612244897959,False,ok_edge_trimmed,False
IMG000782.jpeg,27890,27890,0,1.0,False,False,0.5282738095238095,False,ok,False
IMG000783.jpeg,388,388,0,1.0,False,False,0.6573426573426573,False,ok_edge_trimmed,False
IMG000784.jpeg,611,611,0,1.0,False,False,0.5676190476190476,False,ok_edge_trimmed,False
IMG000785.jpeg,18445,18445,0,1.0,False,False,0.5062607980255039,False,ok_edge_trimmed,False
IMG000786.jpeg,38189,38189,0,1.0,False,False,0.8323353293413174,False,ok_edge_trimmed,False
IMG000787.jpeg,13480,13480,0,1.0,False,False,0.851291745431632,False,ok_edge_trimmed,False
IMG000788.jpeg,13807,13807,0,1.0,False,False,0.804583835946924,False,ok,False
IMG000789.jpeg,19005,19005,0,1.0,False,False,0.8331479421579533,False,ok,False
IMG000790.jpeg,1639,1639,0,1.0,False,False,0.5989010989010989,False,ok_edge_trimmed,False
IMG000791.jpeg,5040,5040,0,1.0,False,False,0.7164634146341463,False,ok,False
IMG000792.jpeg,7757,7757,0,1.0,False,False,0.7943786982248521,False,ok_edge_trimmed,False
IMG000793.jpeg,11294,11294,0,1.0,False,False,0.8024691358024691,False,ok_edge_trimmed,False
IMG000794.jpeg,5123,5123,0,1.0,False,False,0.6284631681877445,False,ok,False
IMG000795.jpeg,14984,14984,0,1.0,False,False,0.6692262700534759,False,ok,False
IMG000796.jpeg,1193,1193,0,1.0,False,False,0.9361979166666666,False,ok,False
IMG000797.jpeg,1305,1305,0,1.0,False,False,0.519015422791808,False,ok,False
IMG000798.jpeg,2295,2295,0,1.0,False,False,0.8205709204159773,False,ok_edge_trimmed,False
IMG000799.jpeg,5066,5066,0,1.0,False,False,0.4808823529411765,False,ok,False
IMG000800.jpeg,2196,2196,0,1.0,False,False,0.5914874945151383,False,ok_edge_trimmed,False
IMG000801.jpeg,1144,1144,0,1.0,False,False,0.5150812064965197,False,ok_edge_trimmed,False
IMG000802.jpeg,13493,13493,0,1.0,False,False,0.7726657645466847,False,ok_edge_trimmed,False
IMG000803.jpeg,14785,14785,0,1.0,False,False,0.5226277372262774,False,ok_edge_trimmed,False
IMG000804.jpeg,35402,35402,0,1.0,False,False,0.5334507042253521,False,ok_edge_trimmed,False
IMG000805.jpeg,25006,25006,0,1.0,False,False,0.6933085501858736,False,ok_edge_trimmed,False
IMG000806.jpeg,30464,30464,0,1.0,False,False,0.792258064516129,False,ok_edge_trimmed,False
IMG000807.jpeg,10929,10929,0,1.0,False,False,0.8236994219653179,False,ok_edge_trimmed,False
IMG000808.jpeg,9648,9648,0,1.0,False,False,0.591044776119403,False,ok,False
IMG000809.jpeg,2873,2873,0,1.0,False,False,0.4455205811138014,False,ok_edge_trimmed,False
IMG000810.jpeg,3626,3626,0,1.0,False,False,0.4112478031634446,False,ok_edge_trimmed,False
IMG000811.jpeg,9413,9413,0,1.0,False,False,0.611214953271028,False,ok_edge_trimmed,False
IMG000812.jpeg,12128,12128,0,1.0,False,False,0.9581995613337996,True,almost_full_image_edge_trimmed,False
IMG000813.jpeg,9194,9194,0,1.0,False,False,0.6076591098169717,False,ok_edge_trimmed,False
IMG000814.jpeg,1323,1323,0,1.0,False,False,0.3468309859154929,False,ok_edge_trimmed,False
IMG000815.jpeg,1956,1956,0,1.0,False,False,0.3106180665610142,False,ok_edge_trimmed,False
IMG000816.jpeg,24770,24770,0,1.0,False,False,0.6685552407932012,False,ok,False
IMG000817.jpeg,27648,27648,0,1.0,False,False,0.8207343412526998,False,ok_edge_trimmed,False
IMG000818.jpeg,56039,56039,0,1.0,False,False,0.7534722222222222,False,ok_edge_trimmed,False
IMG000819.jpeg,3166,3166,0,1.0,False,False,0.7436823104693141,False,ok_edge_trimmed,False
IMG000820.jpeg,6956,6956,0,1.0,False,False,0.7332242225859247,False,ok_edge_trimmed,False
IMG000821.jpeg,930,930,0,1.0,False,False,0.5214007782101168,False,ok_edge_trimmed,False
IMG000822.jpeg,4335,4335,0,1.0,False,False,0.6,True,almost_full_image_edge_trimmed,False
IMG000823.jpeg,3844,3844,0,1.0,False,False,0.3476923076923077,False,ok_edge_trimmed,False
IMG000824.jpeg,444,444,0,1.0,False,False,0.4623030927003359,False,ok_edge_trimmed,False
IMG000825.jpeg,833,833,0,1.0,False,False,0.7045476466049383,False,ok,False
IMG000826.jpeg,1131,1131,0,1.0,False,False,0.6421883191680869,False,ok,False
IMG000827.jpeg,1909,1909,0,1.0,False,False,0.585635359116022,False,ok_edge_trimmed,False
IMG000828.jpeg,5549,5549,0,1.0,False,False,0.7995570321151716,False,ok_edge_trimmed,False
IMG000829.jpeg,4292,4292,0,1.0,False,False,0.4532797546250461,False,ok_edge_trimmed,False
IMG000830.jpeg,5273,5273,0,1.0,False,False,0.5130813953488372,False,ok,False
IMG000831.jpeg,6411,6411,0,1.0,False,False,0.9188034188034188,False,ok_edge_trimmed,False
IMG000832.jpeg,3700,3700,0,1.0,False,False,0.6357783564814815,False,ok_edge_trimmed,False
IMG000833.jpeg,10259,10259,0,1.0,False,False,0.7483552631578947,False,ok_edge_trimmed,False
IMG000834.jpeg,11854,11854,0,1.0,False,False,0.8319039451114922,False,ok_edge_trimmed,False
IMG000835.jpeg,8148,8148,0,1.0,False,False,0.9259990057741576,True,almost_full_image_edge_trimmed,False
IMG000836.jpeg,9538,9538,0,1.0,False,False,0.781930693069307,False,ok,False
IMG000837.jpeg,11086,11086,0,1.0,False,False,0.8350848424509415,False,ok,False
IMG000838.jpeg,8404,8404,0,1.0,False,False,0.7027972027972028,False,ok_edge_trimmed,False
IMG000839.jpeg,83191,83191,0,1.0,False,False,0.5139389320029564,False,ok_edge_trimmed,False
IMG000840.jpeg,108809,108809,0,1.0,False,False,0.5970383721722349,False,ok,False
IMG000841.jpeg,5013,5013,0,1.0,False,False,0.6022964509394572,False,ok_edge_trimmed,False
IMG000842.jpeg,6667,6667,0,1.0,False,False,0.6443806440446739,True,almost_full_image_edge_trimmed,False
IMG000843.jpeg,6594,6594,0,1.0,False,False,1.0,True,almost_full_image,False
IMG000844.jpeg,76340,76340,0,1.0,False,False,0.8298245614035088,False,ok_edge_trimmed,False
IMG000845.jpeg,56166,56166,0,1.0,False,False,0.9834558823529412,True,almost_full_image_edge_trimmed,False
IMG000846.jpeg,22481,22481,0,1.0,False,False,0.9254658385093169,False,ok,False
IMG000847.jpeg,17342,17342,0,1.0,False,False,0.8950310559006212,False,ok,False
IMG000848.jpeg,1732,1732,0,1.0,False,False,0.7701863354037267,False,ok,False
IMG000849.jpeg,1439,1439,0,1.0,False,False,1.0,True,almost_full_image,False
IMG000850.jpeg,3008,3008,0,1.0,False,False,1.0,True,almost_full_image,False
IMG000851.jpeg,788,788,0,1.0,False,False,1.0,True,almost_full_image,False
IMG000852.jpeg,140,140,0,1.0,False,False,1.0,True,almost_full_image,False
IMG000853.jpeg,2539,2539,0,1.0,False,False,0.6529850746268657,False,ok,False
IMG000854.jpeg,2627,2627,0,1.0,False,False,0.7453613392006533,False,ok,False
IMG000855.jpeg,5631,5631,0,1.0,False,False,0.8208955223880597,False,ok,False
IMG000856.jpeg,986,986,0,1.0,False,False,0.5292207792207793,False,ok_edge_trimmed,False
IMG000857.jpeg,14295,14295,0,1.0,False,False,0.8538532508491379,False,ok_edge_trimmed,False
IMG000858.jpeg,4026,4026,0,1.0,False,False,0.674346201743462,False,ok,False
IMG000859.jpeg,5077,5077,0,1.0,False,False,0.8200498132004981,False,ok,False
IMG000860.jpeg,3795,3795,0,1.0,False,False,0.6975155279503106,False,ok_edge_trimmed,False
IMG000861.jpeg,18409,18409,0,1.0,False,False,0.5257198503551962,False,ok_edge_trimmed,False
IMG000862.jpeg,121928,121928,0,1.0,False,False,1.0,True,mask_safety_fallback,True
IMG000863.jpeg,1144,1144,0,1.0,False,False,0.6917443408788282,False,ok,False
IMG000864.jpeg,6492,6492,0,1.0,False,False,0.4461864406779661,False,ok_edge_trimmed,False
IMG000865.jpeg,4377,4377,0,1.0,False,False,0.4724375538329026,False,ok_edge_trimmed,False
IMG000866.jpeg,6030,6030,0,1.0,False,False,0.8819494584837545,False,ok,False
IMG000867.jpeg,1825,1825,0,1.0,False,False,0.835158817086528,False,ok,False
IMG000868.jpeg,2403,2403,0,1.0,False,False,0.9425367904695164,False,ok,False
IMG000869.jpeg,4865,4865,0,1.0,False,False,1.0,True,almost_full_image,False
IMG000870.jpeg,1307,1307,0,1.0,False,False,0.6268656716417911,False,ok,False
IMG000871.jpeg,1261,1261,0,1.0,False,False,0.8905472636815921,False,ok,False
IMG000872.jpeg,16866,16866,0,1.0,False,False,0.7176470588235294,False,ok_edge_trimmed,False
IMG000873.jpeg,18894,18894,0,1.0,False,False,0.711764705882353,False,ok_edge_trimmed,False
IMG000874.jpeg,17232,17232,0,1.0,False,False,0.914570685169124,False,ok,False
IMG000875.jpeg,694,694,0,1.0,False,False,0.5902979651162791,False,ok_edge_trimmed,False
IMG000876.jpeg,3134,3134,0,1.0,False,False,0.7956098151566141,False,ok_edge_trimmed,False
IMG000877.jpeg,851,851,0,1.0,False,False,0.4914506943279074,False,ok_edge_trimmed,False
IMG000878.jpeg,15190,15190,0,1.0,False,False,0.6261261261261262,False,ok,False
IMG000879.jpeg,25578,25578,0,1.0,False,False,0.8528528528528528,False,ok,False
IMG000880.jpeg,455692,455692,0,1.0,False,False,0.6922554347826086,False,ok,False
IMG000881.jpeg,6450,6450,0,1.0,False,False,0.6635572139303483,False,ok,False
IMG000882.jpeg,12791,12791,0,1.0,False,False,0.8392,False,ok,False
IMG000883.jpeg,18714,18714,0,1.0,False,False,0.7846560846560846,False,ok,False
IMG000884.jpeg,18089,18089,0,1.0,False,False,0.5105215004574566,False,ok,False
IMG000885.jpeg,18264,18264,0,1.0,False,False,0.5284916201117319,False,ok,False
IMG000886.jpeg,5861,5861,0,1.0,False,False,0.7187112763320942,False,ok,False
IMG000887.jpeg,4204,4204,0,1.0,False,False,0.8004956629491945,False,ok,False
IMG000888.jpeg,1690,1690,0,1.0,False,False,0.5003450655624568,False,ok,False
IMG000889.jpeg,11965,11965,0,1.0,False,False,0.4794076816288755,False,ok_edge_trimmed,False
IMG000890.jpeg,2736,2736,0,1.0,False,False,0.6391304347826087,False,ok,False
IMG000891.jpeg,7442,7442,0,1.0,False,False,0.5877318116975749,False,ok_edge_trimmed,False
IMG000892.jpeg,2913,2913,0,1.0,False,False,0.5706018518518519,False,ok_edge_trimmed,False
IMG000893.jpeg,1625,1625,0,1.0,False,False,0.5954045954045954,False,ok_edge_trimmed,False
IMG000894.jpeg,2562,2562,0,1.0,False,False,0.7277227722772277,False,ok_edge_trimmed,False
IMG000895.jpeg,1462,1462,0,1.0,False,False,1.0,True,almost_full_image,False
IMG000896.jpeg,10350,10350,0,1.0,False,False,0.7470588235294118,False,ok,False
IMG000897.jpeg,5607,5607,0,1.0,False,False,0.7845096814490943,False,ok,False
IMG000898.jpeg,5038,5038,0,1.0,False,False,0.5615491009681881,False,ok,False
IMG000899.jpeg,4593,4593,0,1.0,False,False,0.8139148986606614,False,ok_edge_trimmed,False
IMG000900.jpeg,20543,20543,0,1.0,False,False,0.6363777210048566,False,ok_edge_trimmed,False
IMG000901.jpeg,830,830,0,1.0,False,False,0.6356241048898589,False,ok_edge_trimmed,False
IMG000902.jpeg,1488,1488,0,1.0,False,False,0.7190839694656489,False,ok,False
IMG000903.jpeg,2458,2458,0,1.0,False,False,0.5920398009950248,False,ok,False
IMG000904.jpeg,1564,1564,0,1.0,False,False,0.8109452736318408,False,ok,False
IMG000905.jpeg,6081,6081,0,1.0,False,False,0.7939530275564521,False,ok_edge_trimmed,False
IMG000906.jpeg,5252,5252,0,1.0,False,False,0.7759398496240602,False,ok,False
IMG000907.jpeg,3964,3964,0,1.0,False,False,0.7172932330827068,False,ok,False
IMG000908.jpeg,10032,10032,0,1.0,False,False,0.762406015037594,False,ok,False
IMG000909.jpeg,406,406,0,1.0,False,False,0.963354474982382,False,ok,False
IMG000910.jpeg,1261,1261,0,1.0,False,False,0.822139303482587,False,ok,False
IMG000911.jpeg,2710,2710,0,1.0,False,False,0.7686567164179104,False,ok,False
IMG000912.jpeg,4249,4249,0,1.0,False,False,0.856651376146789,False,ok,False
IMG000913.jpeg,147515,147515,0,1.0,False,False,0.5970149253731343,False,ok,False
IMG000914.jpeg,165492,165492,0,1.0,False,False,0.6088308457711443,False,ok,False
IMG000915.jpeg,186275,186275,0,1.0,False,False,0.7145522388059702,False,ok,False
IMG000916.jpeg,143681,143681,0,1.0,False,False,0.7139303482587065,False,ok,False
IMG000917.jpeg,611,611,0,1.0,False,False,1.0,True,mask_safety_fallback,True
IMG000918.jpeg,3346,3346,0,1.0,False,False,0.6884796238244514,False,ok_edge_trimmed,False
IMG000919.jpeg,791,791,0,1.0,False,False,1.0,True,almost_full_image,False
IMG000920.jpeg,1033,1033,0,1.0,False,False,0.6920180722891566,False,ok,False
IMG000921.jpeg,1323,1323,0,1.0,False,False,0.8478915662650602,False,ok,False
IMG000922.jpeg,401,401,0,1.0,False,False,0.6252214068825911,False,ok,False
IMG000923.jpeg,827,827,0,1.0,False,False,0.7133084577114428,False,ok,False
IMG000924.jpeg,1154,1154,0,1.0,False,False,0.7615646258503401,False,ok,False
IMG000925.jpeg,37702,37702,0,1.0,False,False,0.9109351806036616,True,almost_full_image_edge_trimmed,False
IMG000926.jpeg,3257,3257,0,1.0,False,False,0.9063829787234042,False,ok,False
IMG000927.jpeg,10020,10020,0,1.0,False,False,0.5249441548771407,False,ok,False
IMG000928.jpeg,2959,2959,0,1.0,False,False,0.9243379571248423,False,ok,False
IMG000929.jpeg,540,540,0,1.0,False,False,1.0,True,mask_safety_fallback,True
IMG000930.jpeg,8955,8955,0,1.0,False,False,0.8560869565217392,False,ok_edge_trimmed,False
IMG000931.jpeg,1514,1514,0,1.0,False,False,0.5664089950808152,False,ok_edge_trimmed,False
IMG000932.jpeg,839,839,0,1.0,False,False,0.6248447204968944,False,ok,False
IMG000933.jpeg,2186,2186,0,1.0,False,False,0.7314245552341742,True,almost_full_image_edge_trimmed,False
IMG000934.jpeg,5857,5857,0,1.0,False,False,0.5629669156883671,False,ok_edge_trimmed,False
IMG000935.jpeg,5874,5874,0,1.0,False,False,0.5641547861507128,False,ok_edge_trimmed,False
IMG000936.jpeg,131214,131214,0,1.0,False,False,0.7363945578231292,False,ok,False
IMG000937.jpeg,75040,75040,0,1.0,False,False,0.705151458233059,False,ok,False
IMG000938.jpeg,107571,107571,0,1.0,False,False,0.8662790697674418,False,ok,False
IMG000939.jpeg,15607,15607,0,1.0,False,False,0.5527941136431702,False,ok_edge_trimmed,False
IMG000940.jpeg,9142,9142,0,1.0,False,False,0.2715670859538784,False,ok_edge_trimmed,False
IMG000941.jpeg,31034,31034,0,1.0,False,False,0.734310985928037,False,ok_edge_trimmed,False
IMG000942.jpeg,25350,25350,0,1.0,False,False,0.5998655421097665,False,ok_edge_trimmed,False
IMG000943.jpeg,32269,32269,0,1.0,False,False,0.3388157894736842,False,ok_edge_trimmed,False
IMG000944.jpeg,21122,21122,0,1.0,False,False,0.2794533459000942,False,ok_edge_trimmed,False
IMG000945.jpeg,22738,22738,0,1.0,False,False,0.4851116625310174,False,ok_edge_trimmed,False
IMG000946.jpeg,69252,69252,0,1.0,False,False,0.5048139047693633,False,ok_edge_trimmed,False
IMG000947.jpeg,7870,7870,0,1.0,False,False,0.8138138138138138,False,ok,False
IMG000948.jpeg,9159,9159,0,1.0,False,False,0.502601908065915,False,ok_edge_trimmed,False
IMG000949.jpeg,999,999,0,1.0,False,False,0.9024536205864752,False,ok_edge_trimmed,False
IMG000950.jpeg,42322,42322,0,1.0,False,False,0.8664335664335664,False,ok_edge_trimmed,False
IMG000951.jpeg,11396,11396,0,1.0,False,False,0.5325884543761639,False,ok_edge_trimmed,False
IMG000952.jpeg,2752,2752,0,1.0,False,False,0.917391304347826,False,ok,False
IMG000953.jpeg,3254,3254,0,1.0,False,False,0.5995222929936306,False,ok_edge_trimmed,False
IMG000954.jpeg,2801,2801,0,1.0,False,False,0.8052173913043478,False,ok_edge_trimmed,False
IMG000955.jpeg,5556,5556,0,1.0,False,False,0.8115183246073299,False,ok_edge_trimmed,False
IMG000956.jpeg,16289,16289,0,1.0,False,False,0.4961089494163424,False,ok_edge_trimmed,False
IMG000957.jpeg,18760,18760,0,1.0,False,False,0.8391341256366723,False,ok_edge_trimmed,False
IMG000958.jpeg,6534,6534,0,1.0,False,False,0.5985915492957746,False,ok_edge_trimmed,False
IMG000959.jpeg,2602,2602,0,1.0,False,False,0.6267558528428093,False,ok_edge_trimmed,False
IMG000960.jpeg,6603,6603,0,1.0,False,False,1.0,True,almost_full_image,False
IMG000961.jpeg,9752,9752,0,1.0,False,False,0.9820862809011656,True,almost_full_image_edge_trimmed,False
IMG000962.jpeg,451616,451616,0,1.0,False,False,1.0,True,almost_full_image,False
IMG000963.jpeg,128692,128692,0,1.0,False,False,0.6999695457213806,False,ok,False
IMG000964.jpeg,69582,69582,0,1.0,False,False,0.8934683898009081,False,ok,False
IMG000965.jpeg,12170,12170,0,1.0,False,False,1.0,True,almost_full_image,False
IMG000966.jpeg,79587,79587,0,1.0,False,False,0.7449754651400532,False,ok,False
IMG000967.jpeg,123874,123874,0,1.0,False,False,1.0,True,mask_safety_fallback,True
IMG000968.jpeg,153105,153105,0,1.0,False,False,1.0,True,mask_safety_fallback,True
IMG000969.jpeg,334548,334548,0,1.0,False,False,1.0,True,mask_safety_fallback,True
IMG000970.jpeg,101329,101329,0,1.0,False,False,1.0,True,mask_safety_fallback,True
IMG000971.jpeg,7122,7122,0,1.0,False,False,0.373180397884337,True,almost_full_image_edge_trimmed,False
IMG000972.jpeg,120879,120879,0,1.0,False,False,0.8620923913043478,False,ok,False
IMG000973.jpeg,3549,3549,0,1.0,False,False,0.7884120697626488,False,ok,False
IMG000974.jpeg,3840,3840,0,1.0,False,False,0.9885521885521884,True,almost_full_image_edge_trimmed,False
IMG000975.jpeg,210,210,0,1.0,False,False,1.0,True,almost_full_image,False
IMG000976.jpeg,199,199,0,1.0,False,False,1.0,True,almost_full_image,False
IMG000977.jpeg,70365,70365,0,1.0,False,False,0.8235057451352877,False,ok_edge_trimmed,False
IMG000978.jpeg,60108,60108,0,1.0,False,False,0.8993089832181639,True,almost_full_image_edge_trimmed,False
IMG000979.jpeg,824,824,0,1.0,False,False,1.0,True,almost_full_image,False
IMG000980.jpeg,5206,5206,0,1.0,False,False,1.0,True,almost_full_image,False
IMG000981.jpeg,614,614,0,1.0,False,False,1.0,True,mask_safety_fallback,True
IMG000982.jpeg,12876,12876,0,1.0,False,False,0.5792312879298719,False,ok_edge_trimmed,False
IMG000983.jpeg,11279,11279,0,1.0,False,False,0.4932111337406653,False,ok_edge_trimmed,False
IMG000984.jpeg,28169,28169,0,1.0,False,False,0.4511201629327902,False,ok,False
IMG000985.jpeg,4735,4735,0,1.0,False,False,0.8308189655172413,False,ok,False
IMG000986.jpeg,11099,11099,0,1.0,False,False,0.7101990049751243,False,ok,False
IMG000987.jpeg,10041,10041,0,1.0,False,False,0.9359838274932616,False,ok,False
IMG000988.jpeg,3508,3508,0,1.0,False,False,0.5716768027801912,False,ok_edge_trimmed,False
IMG000989.jpeg,5394,5394,0,1.0,False,False,0.580364900086881,False,ok_edge_trimmed,False
IMG000990.jpeg,2098,2098,0,1.0,False,False,0.7276247848537005,False,ok_edge_trimmed,False
IMG000991.jpeg,11782,11782,0,1.0,False,False,0.6977471839799749,False,ok,False
IMG000992.jpeg,12335,12335,0,1.0,False,False,0.899874843554443,False,ok,False
IMG000993.jpeg,3633,3633,0,1.0,False,False,0.7027363184079602,False,ok,False
IMG000994.jpeg,52727,52727,0,1.0,False,False,0.554726368159204,False,ok,False
IMG000995.jpeg,160502,160502,0,1.0,False,False,0.8681592039800995,False,ok,False
IMG000996.jpeg,1079,1079,0,1.0,False,False,0.91015625,False,ok,False
IMG000997.jpeg,102593,102593,0,1.0,False,False,0.8094444444444444,False,ok,False
IMG000998.jpeg,374581,374581,0,1.0,False,False,1.0,True,almost_full_image,False
IMG000999.jpeg,55626,55626,0,1.0,False,False,0.8688252386882523,False,ok,False
IMG001000.jpeg,119588,119588,0,1.0,False,False,0.858546861735336,False,ok,False
IMG001001.jpeg,95764,95764,0,1.0,False,False,0.9414694894146948,False,ok,False
IMG001002.jpeg,53673,53673,0,1.0,False,False,0.7559354226020892,False,ok,False
IMG001003.jpeg,3767,3767,0,1.0,False,False,1.0,True,almost_full_image,False
IMG001004.jpeg,6603,6603,0,1.0,False,False,0.4942716857610474,False,ok,False
IMG001005.jpeg,4605,4605,0,1.0,False,False,0.9063023506136156,False,ok,False
IMG001006.jpeg,3855,3855,0,1.0,False,False,0.4762569832402235,False,ok,False
IMG001007.jpeg,39549,39549,0,1.0,False,False,1.0,True,almost_full_image,False
IMG001008.jpeg,64394,64394,0,1.0,False,False,0.8072829131652661,False,ok_edge_trimmed,False
IMG001009.jpeg,268303,268303,0,1.0,False,False,1.0,True,mask_safety_fallback,True
IMG001010.jpeg,110212,110212,0,1.0,False,False,1.0,True,mask_safety_fallback,True
IMG001011.jpeg,2850,2850,0,1.0,False,False,0.4852653213359512,False,ok_edge_trimmed,False
IMG001012.jpeg,2633,2633,0,1.0,False,False,1.0,True,mask_safety_fallback,True
IMG001013.jpeg,73454,73454,0,1.0,False,False,0.5887096774193549,False,ok,False
IMG001014.jpeg,46051,46051,0,1.0,False,False,0.5685434516523867,False,ok,False
IMG001015.jpeg,54008,54008,0,1.0,False,False,0.8870967741935484,False,ok,False
IMG001016.jpeg,73758,73758,0,1.0,False,False,0.9185323383084576,False,ok,False
IMG001017.jpeg,17058,17058,0,1.0,False,False,0.9398148148148148,False,ok,False
IMG001018.jpeg,2476,2476,0,1.0,False,False,0.7827745811474023,False,ok_edge_trimmed,False
IMG001019.jpeg,1270,1270,0,1.0,False,False,1.0,True,almost_full_image,False
IMG001020.jpeg,703,703,0,1.0,False,False,0.5999380285797609,False,ok_edge_trimmed,False
IMG001021.jpeg,626,626,0,1.0,False,False,0.9282272939398654,False,ok_edge_trimmed,False
IMG001022.jpeg,954,954,0,1.0,False,False,0.5894409937888199,False,ok,False
IMG001023.jpeg,3475,3475,0,1.0,False,False,0.8434782608695652,False,ok,False
IMG001024.jpeg,4643,4643,0,1.0,False,False,0.5061662964138369,False,ok_edge_trimmed,False
IMG001025.jpeg,6752,6752,0,1.0,False,False,0.2626683529884749,False,ok_edge_trimmed,False
IMG001026.jpeg,1042,1042,0,1.0,False,False,0.5837662337662337,False,ok,False
IMG001027.jpeg,11489,11489,0,1.0,False,False,0.6383125864453665,False,ok,False
IMG001028.jpeg,1834,1834,0,1.0,False,False,0.5897790055248618,False,ok,False
IMG001029.jpeg,848,848,0,1.0,False,False,0.6921641791044776,False,ok,False
IMG001030.jpeg,58556,58556,0,1.0,False,False,1.0,True,almost_full_image,False
IMG001031.jpeg,6891,6891,0,1.0,False,False,0.7058457711442786,False,ok,False
IMG001032.jpeg,5280,5280,0,1.0,False,False,0.8227611940298507,False,ok,False
IMG001033.jpeg,4409,4409,0,1.0,False,False,0.7083333333333334,False,ok,False
IMG001034.jpeg,5317,5317,0,1.0,False,False,0.9282380396732788,False,ok,False
IMG001035.jpeg,1493,1493,0,1.0,False,False,0.6525529265255293,False,ok,False
IMG001036.jpeg,5620,5620,0,1.0,False,False,0.8468244084682441,False,ok,False
IMG001037.jpeg,3754,3754,0,1.0,False,False,0.6788819875776397,False,ok,False
IMG001038.jpeg,7551,7551,0,1.0,False,False,0.8801242236024844,False,ok,False
IMG001039.jpeg,1150,1150,0,1.0,False,False,0.3012352545829567,False,ok_edge_trimmed,False
IMG001040.jpeg,46234,46234,0,1.0,False,False,0.6788819875776397,False,ok,False
IMG001041.jpeg,46002,46002,0,1.0,False,False,0.6851679104477612,False,ok,False
IMG001042.jpeg,1497,1497,0,1.0,False,False,0.678006329113924,False,ok,False
IMG001043.jpeg,1405,1405,0,1.0,False,False,0.8680057388809183,False,ok,False
IMG001044.jpeg,11412,11412,0,1.0,False,False,0.6433933933933934,False,ok,False
IMG001045.jpeg,14060,14060,0,1.0,False,False,0.7319819819819819,False,ok,False
IMG001046.jpeg,13874,13874,0,1.0,False,False,0.8680089682931996,False,ok_edge_trimmed,False
IMG001047.jpeg,3157,3157,0,1.0,False,False,0.7745341614906832,False,ok,False
IMG001048.jpeg,3151,3151,0,1.0,False,False,0.8594117647058823,False,ok,False
IMG001049.jpeg,6432,6432,0,1.0,False,False,0.9153645833333334,False,ok,False
IMG001050.jpeg,70205,70205,0,1.0,False,False,0.606832298136646,False,ok_edge_trimmed,False
IMG001051.jpeg,56326,56326,0,1.0,False,False,0.5229422379092225,False,ok_edge_trimmed,False
IMG001052.jpeg,24782,24782,0,1.0,False,False,0.7681533082862836,False,ok_edge_trimmed,False
IMG001053.jpeg,27374,27374,0,1.0,False,False,0.8076923076923077,False,ok_edge_trimmed,False
IMG001054.jpeg,17563,17563,0,1.0,False,False,0.5395513577331759,False,ok_edge_trimmed,False
IMG001055.jpeg,13438,13438,0,1.0,False,False,0.9781181619256016,True,almost_full_image_edge_trimmed,False
IMG001056.jpeg,16967,16967,0,1.0,False,False,0.8327560613557645,False,ok_edge_trimmed,False
IMG001057.jpeg,4845,4845,0,1.0,False,False,0.736879560252593,False,ok_edge_trimmed,False
IMG001058.jpeg,5543,5543,0,1.0,False,False,1.0,True,almost_full_image,False
IMG001059.jpeg,4677,4677,0,1.0,False,False,0.8827328348062542,False,ok,False
IMG001060.jpeg,2137,2137,0,1.0,False,False,0.6571428571428571,False,ok,False
IMG001061.jpeg,24786,24786,0,1.0,False,False,0.6625,False,ok_edge_trimmed,False
IMG001062.jpeg,23153,23153,0,1.0,False,False,0.6116071428571429,False,ok_edge_trimmed,False
IMG001063.jpeg,2487,2487,0,1.0,False,False,0.8093167701863354,False,ok,False
IMG001064.jpeg,3382,3382,0,1.0,False,False,0.8267080745341615,False,ok,False
IMG001065.jpeg,8521,8521,0,1.0,False,False,0.4263607257203842,False,ok_edge_trimmed,False
IMG001066.jpeg,11423,11423,0,1.0,False,False,0.7350960415383635,False,ok_edge_trimmed,False
IMG001067.jpeg,2000,2000,0,1.0,False,False,0.6123076923076923,False,ok,False
IMG001068.jpeg,2428,2428,0,1.0,False,False,0.7670537010159652,False,ok,False
IMG001069.jpeg,1125,1125,0,1.0,False,False,0.8773025850364711,False,ok_edge_trimmed,False
IMG001070.jpeg,19279,19279,0,1.0,False,False,0.6075187969924812,False,ok,False
IMG001071.jpeg,16649,16649,0,1.0,False,False,0.8315789473684211,False,ok,False
IMG001072.jpeg,11765,11765,0,1.0,False,False,0.768944099378882,False,ok,False
IMG001073.jpeg,7947,7947,0,1.0,False,False,0.8179824561403509,False,ok,False
IMG001074.jpeg,19734,19734,0,1.0,False,False,0.5361258659615266,False,ok_edge_trimmed,False
IMG001075.jpeg,18621,18621,0,1.0,False,False,0.8139097744360902,False,ok,False
IMG001076.jpeg,28651,28651,0,1.0,False,False,1.0,True,almost_full_image,False
IMG001077.jpeg,21871,21871,0,1.0,False,False,0.96045197740113,True,almost_full_image_edge_trimmed,False
IMG001078.jpeg,27395,27395,0,1.0,False,False,1.0,True,mask_safety_fallback,True
IMG001079.jpeg,40116,40116,0,1.0,False,False,0.6593984962406015,False,ok,False
IMG001080.jpeg,48020,48020,0,1.0,False,False,0.8062787136294027,False,ok,False
IMG001081.jpeg,46872,46872,0,1.0,False,False,0.6432119205298014,False,ok,False
IMG001082.jpeg,50623,50623,0,1.0,False,False,0.7570422535211268,False,ok,False
IMG001083.jpeg,157040,157040,0,1.0,False,False,0.732,False,ok,False
IMG001084.jpeg,25908,25908,0,1.0,False,False,0.7399030694668821,False,ok,False
IMG001085.jpeg,28281,28281,0,1.0,False,False,0.7947976878612717,False,ok,False
IMG001086.jpeg,9318,9318,0,1.0,False,False,0.6834355828220859,False,ok,False
IMG001087.jpeg,72435,72435,0,1.0,False,False,0.8368421052631579,False,ok,False
IMG001088.jpeg,44622,44622,0,1.0,False,False,1.0,True,almost_full_image,False
IMG001089.jpeg,94086,94086,0,1.0,False,False,0.9552129221732746,False,ok,False
IMG001090.jpeg,10602,10602,0,1.0,False,False,1.0,True,almost_full_image,False
IMG001091.jpeg,14458,14458,0,1.0,False,False,0.7084805653710248,False,ok,False
IMG001092.jpeg,144257,144257,0,1.0,False,False,0.81,False,ok,False
IMG001093.jpeg,118741,118741,0,1.0,False,False,0.6460511149091777,False,ok_edge_trimmed,False
IMG001094.jpeg,79513,79513,0,1.0,False,False,0.6619718309859155,False,ok,False
IMG001095.jpeg,7595,7595,0,1.0,False,False,0.7587209302325582,False,ok,False
IMG001096.jpeg,9192,9192,0,1.0,False,False,0.6476190476190476,False,ok,False
IMG001097.jpeg,9988,9988,0,1.0,False,False,0.8077939233817701,False,ok,False
IMG001098.jpeg,37510,37510,0,1.0,False,False,0.5196374622356495,False,ok_edge_trimmed,False
IMG001099.jpeg,25551,25551,0,1.0,False,False,0.9283065512978986,False,ok_edge_trimmed,False
IMG001100.jpeg,285861,285861,0,1.0,False,False,0.820677570093458,False,ok,False
IMG001101.jpeg,138424,138424,0,1.0,False,False,0.83006993006993,False,ok,False
IMG001102.jpeg,294423,294423,0,1.0,False,False,0.6102941176470589,False,ok,False
IMG001103.jpeg,291720,291720,0,1.0,False,False,0.660699755899105,False,ok,False
IMG001104.jpeg,216327,216327,0,1.0,False,False,0.5395558639833449,False,ok_edge_trimmed,False
IMG001105.jpeg,38244,38244,0,1.0,False,False,0.7528813559322034,False,ok_edge_trimmed,False
IMG001106.jpeg,90574,90574,0,1.0,False,False,0.6651937457511896,False,ok_edge_trimmed,False
IMG001107.jpeg,150424,150424,0,1.0,False,False,0.4852112676056338,False,ok_edge_trimmed,False
IMG001108.jpeg,16296,16296,0,1.0,False,False,0.8440860215053764,False,ok,False
IMG001109.jpeg,19410,19410,0,1.0,False,False,0.7838709677419354,False,ok,False
IMG001110.jpeg,32887,32887,0,1.0,False,False,0.8128612716763006,False,ok,False
IMG001111.jpeg,1659,1659,0,1.0,False,False,0.8296019900497512,False,ok,False
IMG001112.jpeg,16511,16511,0,1.0,False,False,0.5938566552901023,True,almost_full_image_edge_trimmed,False
IMG001113.jpeg,15690,15690,0,1.0,False,False,0.7173350582147477,False,ok,False
IMG001114.jpeg,4038,4038,0,1.0,False,False,0.2935779816513761,False,ok_edge_trimmed,False
IMG001115.jpeg,2582,2582,0,1.0,False,False,0.2616279069767442,False,ok,False
IMG001116.jpeg,40609,40609,0,1.0,False,False,1.0,True,mask_safety_fallback,True
IMG001117.jpeg,10928,10928,0,1.0,False,False,0.6906832298136646,False,ok,False
IMG001118.jpeg,10320,10320,0,1.0,False,False,0.8549382716049383,False,ok,False
IMG001119.jpeg,242155,242155,0,1.0,False,False,0.5967413441955194,False,ok_edge_trimmed,False
IMG001120.jpeg,64713,64713,0,1.0,False,False,1.0,True,mask_safety_fallback,True
IMG001121.jpeg,8433,8433,0,1.0,False,False,0.6900356873295516,False,ok_edge_trimmed,False
IMG001122.jpeg,13451,13451,0,1.0,False,False,0.4204604294728121,False,ok_edge_trimmed,False
IMG001123.jpeg,60541,60541,0,1.0,False,False,0.8324269204622705,False,ok_edge_trimmed,False
IMG001124.jpeg,1320,1320,0,1.0,False,False,0.5784313725490197,False,ok,False
IMG001125.jpeg,616,616,0,1.0,False,False,0.8150826446280992,False,ok,False
IMG001126.jpeg,7819,7819,0,1.0,False,False,1.0,True,almost_full_image,False
IMG001127.jpeg,6576,6576,0,1.0,False,False,1.0,True,almost_full_image,False
IMG001128.jpeg,53051,53051,0,1.0,False,False,1.0,True,mask_safety_fallback,True
IMG001129.jpeg,63596,63596,0,1.0,False,False,0.8642804049542018,False,ok_edge_trimmed,False
IMG001130.jpeg,2573,2573,0,1.0,False,False,0.6024844720496895,False,ok,False
IMG001131.jpeg,320668,320668,0,1.0,False,False,0.7186588921282799,False,ok,False
IMG001132.jpeg,185748,185748,0,1.0,False,False,0.8660287081339713,False,ok,False
IMG001133.jpeg,10321,10321,0,1.0,False,False,0.4157744468236973,False,ok,False
IMG001134.jpeg,33326,33326,0,1.0,False,False,0.9262461851475076,False,ok,False
IMG001135.jpeg,33367,33367,0,1.0,False,False,0.850680564071122,False,ok_edge_trimmed,False
IMG001136.jpeg,3153,3153,0,1.0,False,False,0.5883079230338303,False,ok,False
IMG001137.jpeg,5385,5385,0,1.0,False,False,0.7084078711985689,False,ok,False
IMG001138.jpeg,12049,12049,0,1.0,False,False,0.7977031802120141,False,ok,False
IMG001139.jpeg,5039,5039,0,1.0,False,False,0.4854240282685512,False,ok_edge_trimmed,False
IMG001140.jpeg,4684,4684,0,1.0,False,False,0.8360902255639098,False,ok,False
IMG001141.jpeg,278,278,0,1.0,False,False,0.743979721166033,False,ok,False
IMG001142.jpeg,119973,119973,0,1.0,False,False,0.8361149099687669,False,ok_edge_trimmed,False
IMG001143.jpeg,270889,270889,0,1.0,False,False,0.7739294710327456,False,ok,False
IMG001144.jpeg,454,454,0,1.0,False,False,0.5350877192982456,False,ok_edge_trimmed,False
IMG001145.jpeg,13133,13133,0,1.0,False,False,0.9588688946015425,False,ok_edge_trimmed,False
IMG001146.jpeg,19587,19587,0,1.0,False,False,0.5526315789473685,False,ok_edge_trimmed,False
IMG001147.jpeg,7684,7684,0,1.0,False,False,0.9905478834217478,True,almost_full_image_edge_trimmed,False
IMG001148.jpeg,677,677,0,1.0,False,False,0.6646942800788954,False,ok,False
IMG001149.jpeg,17193,17193,0,1.0,False,False,0.6030729833546735,False,ok_edge_trimmed,False
IMG001150.jpeg,18703,18703,0,1.0,False,False,0.4062927496580027,False,ok_edge_trimmed,False
IMG001151.jpeg,3541,3541,0,1.0,False,False,0.6372282608695652,False,ok,False
IMG001152.jpeg,7037,7037,0,1.0,False,False,0.7850162866449512,False,ok,False
IMG001153.jpeg,6727,6727,0,1.0,False,False,0.6298136645962733,False,ok,False
IMG001154.jpeg,2864,2864,0,1.0,False,False,0.8755244755244755,False,ok,False
IMG001155.jpeg,64033,64033,0,1.0,False,False,0.8973463687150838,False,ok_edge_trimmed,False
IMG001156.jpeg,56241,56241,0,1.0,False,False,0.7563749138525155,False,ok_edge_trimmed,False
IMG001157.jpeg,19131,19131,0,1.0,False,False,0.7941542288557214,False,ok,False
IMG001158.jpeg,23834,23834,0,1.0,False,False,0.8563432835820896,False,ok,False
IMG001159.jpeg,88655,88655,0,1.0,False,False,0.5478599221789884,False,ok_edge_trimmed,False
IMG001160.jpeg,26883,26883,0,1.0,False,False,0.6573426573426573,False,ok,False
IMG001161.jpeg,27386,27386,0,1.0,False,False,1.0,True,mask_safety_fallback,True
IMG001162.jpeg,26990,26990,0,1.0,False,False,1.0,True,mask_safety_fallback,True
IMG001163.jpeg,11160,11160,0,1.0,False,False,0.6405472636815921,False,ok_edge_trimmed,False
IMG001164.jpeg,16748,16748,0,1.0,False,False,0.5418673379109215,False,ok_edge_trimmed,False
IMG001165.jpeg,19497,19497,0,1.0,False,False,0.5985906372352049,True,almost_full_image_edge_trimmed,False
IMG001166.jpeg,32348,32348,0,1.0,False,False,0.58837890625,False,ok,False
IMG001167.jpeg,40442,40442,0,1.0,False,False,0.7816698656429942,False,ok,False
IMG001168.jpeg,3860,3860,0,1.0,False,False,0.5291552911454301,False,ok_edge_trimmed,False
IMG001169.jpeg,2017,2017,0,1.0,False,False,0.7630272952853598,False,ok,False
IMG001170.jpeg,2987,2987,0,1.0,False,False,0.418546062086173,False,ok_edge_trimmed,False
IMG001171.jpeg,2864,2864,0,1.0,False,False,0.3627943075919346,False,ok_edge_trimmed,False
IMG001172.jpeg,177147,177147,0,1.0,False,False,1.0,True,almost_full_image,False
IMG001173.jpeg,189933,189933,0,1.0,False,False,1.0,True,almost_full_image,False
IMG001174.jpeg,170331,170331,0,1.0,False,False,1.0,True,mask_safety_fallback,True
IMG001175.jpeg,3224,3224,0,1.0,False,False,0.6706949521661352,False,ok_edge_trimmed,False
IMG001176.jpeg,4557,4557,0,1.0,False,False,0.7181580158262099,False,ok,False
IMG001177.jpeg,902,902,0,1.0,False,False,0.8246268656716418,False,ok,False
IMG001178.jpeg,3954,3954,0,1.0,False,False,0.3878968253968254,False,ok,False
IMG001179.jpeg,1516,1516,0,1.0,False,False,0.4309380260197901,False,ok,False
IMG001180.jpeg,17378,17378,0,1.0,False,False,0.927329192546584,True,almost_full_image_edge_trimmed,False
IMG001181.jpeg,13552,13552,0,1.0,False,False,0.7869565217391304,False,ok_edge_trimmed,False
IMG001182.jpeg,472816,472816,0,1.0,False,False,0.4380017841213202,False,ok_edge_trimmed,False
IMG001183.jpeg,439698,439698,0,1.0,False,False,0.7079245283018868,False,ok_edge_trimmed,False
IMG001184.jpeg,3928,3928,0,1.0,False,False,0.8322981366459627,False,ok,False
IMG001185.jpeg,2697,2697,0,1.0,False,False,0.8412698412698413,False,ok,False
IMG001186.jpeg,319326,319326,0,1.0,False,False,0.5906630581867388,False,ok,False
IMG001187.jpeg,378318,378318,0,1.0,False,False,0.5412011173184358,False,ok,False
IMG001188.jpeg,3952,3952,0,1.0,False,False,0.4244054437353406,False,ok_edge_trimmed,False
IMG001189.jpeg,3858,3858,0,1.0,False,False,0.3570738217967599,False,ok_edge_trimmed,False
IMG001190.jpeg,266460,266460,0,1.0,False,False,0.8312883435582822,False,ok_edge_trimmed,False
IMG001191.jpeg,133901,133901,0,1.0,False,False,0.6684118673647469,False,ok_edge_trimmed,False
IMG001192.jpeg,55272,55272,0,1.0,False,False,0.56732223903177,False,ok,False
IMG001193.jpeg,39337,39337,0,1.0,False,False,0.7776096822995462,False,ok,False
IMG001194.jpeg,63992,63992,0,1.0,False,False,0.5000936444371799,False,ok_edge_trimmed,False
IMG001195.jpeg,42797,42797,0,1.0,False,False,0.4777296502124877,False,ok_edge_trimmed,False
IMG001196.jpeg,535086,535086,0,1.0,False,False,0.6735074626865671,False,ok,False
IMG001197.jpeg,504454,504454,0,1.0,False,False,0.6567164179104478,False,ok,False
IMG001198.jpeg,385845,385845,0,1.0,False,False,0.8681592039800995,False,ok,False
IMG001199.jpeg,324157,324157,0,1.0,False,False,0.8737562189054726,False,ok,False
IMG001200.jpeg,1804,1804,0,1.0,False,False,1.0,True,mask_safety_fallback,True
IMG001201.jpeg,538326,538326,0,1.0,False,False,1.0,True,mask_safety_fallback,True
IMG001202.jpeg,2068,2068,0,1.0,False,False,0.3851135992154298,False,ok_edge_trimmed,False
IMG001203.jpeg,49450,49450,0,1.0,False,False,0.5071713259780275,False,ok,False
IMG001204.jpeg,256967,256967,0,1.0,False,False,0.615527950310559,False,ok,False
IMG001205.jpeg,192160,192160,0,1.0,False,False,0.8795031055900621,False,ok,False
IMG001206.jpeg,2333,2333,0,1.0,False,False,1.0,True,mask_safety_fallback,True
IMG001207.jpeg,186646,186646,0,1.0,False,False,0.4563501602564102,False,ok_edge_trimmed,False
IMG001208.jpeg,143444,143444,0,1.0,False,False,0.4697433828154008,False,ok_edge_trimmed,False
IMG001209.jpeg,123633,123633,0,1.0,False,False,0.5153799387944696,False,ok,False
IMG001210.jpeg,110281,110281,0,1.0,False,False,0.5343676920309408,False,ok_edge_trimmed,False
IMG001211.jpeg,29152,29152,0,1.0,False,False,1.0,True,almost_full_image,False
IMG001212.jpeg,34637,34637,0,1.0,False,False,1.0,True,almost_full_image,False
IMG001213.jpeg,7963,7963,0,1.0,False,False,0.6451127819548872,False,ok,False
IMG001214.jpeg,20013,20013,0,1.0,False,False,0.7652892561983471,False,ok,False
IMG001215.jpeg,347268,347268,0,1.0,False,False,1.0,True,almost_full_image,False
IMG001216.jpeg,372503,372503,0,1.0,False,False,0.8184049079754602,False,ok,False
IMG001217.jpeg,1937,1937,0,1.0,False,False,0.8557692307692307,False,ok,False
IMG001218.jpeg,4689,4689,0,1.0,False,False,0.916289592760181,False,ok,False
IMG001219.jpeg,4434,4434,0,1.0,False,False,0.8746065057712487,False,ok,False
IMG001220.jpeg,697233,697233,0,1.0,False,False,1.0,True,almost_full_image,False
IMG001221.jpeg,231864,231864,0,1.0,False,False,0.9458955223880596,False,ok,False
IMG001222.jpeg,247377,247377,0,1.0,False,False,1.0,True,almost_full_image,False
IMG001223.jpeg,2111,2111,0,1.0,False,False,0.7055084745762712,False,ok,False
IMG001224.jpeg,2284,2284,0,1.0,False,False,0.7296195652173914,False,ok,False
IMG001225.jpeg,20450,20450,0,1.0,False,False,1.0,True,mask_safety_fallback,True
IMG001226.jpeg,3344,3344,0,1.0,False,False,0.9422196796338672,False,ok,False
IMG001227.jpeg,792,792,0,1.0,False,False,0.6637228260869565,False,ok,False
IMG001228.jpeg,346881,346881,0,1.0,False,False,0.8968977802195705,False,ok_edge_trimmed,False
IMG001229.jpeg,262112,262112,0,1.0,False,False,0.6147660654522585,False,ok_edge_trimmed,False
IMG001230.jpeg,312926,312926,0,1.0,False,False,0.8208092485549133,False,ok_edge_trimmed,False
IMG001231.jpeg,3482,3482,0,1.0,False,False,0.9298874104401228,False,ok,False
IMG001232.jpeg,1098,1098,0,1.0,False,False,0.8984007525870179,True,almost_full_image_edge_trimmed,False
IMG001233.jpeg,5970,5970,0,1.0,False,False,1.0,True,almost_full_image,False
IMG001234.jpeg,117899,117899,0,1.0,False,False,0.8417721336627602,False,ok,False
IMG001235.jpeg,54671,54671,0,1.0,False,False,0.7691729323308271,False,ok,False
IMG001236.jpeg,87560,87560,0,1.0,False,False,1.0,True,almost_full_image,False
IMG001237.jpeg,145569,145569,0,1.0,False,False,0.9960954446854664,True,almost_full_image_edge_trimmed,False
IMG001238.jpeg,88788,88788,0,1.0,False,False,1.0,True,almost_full_image,False
IMG001239.jpeg,188840,188840,0,1.0,False,False,0.9960954446854664,True,almost_full_image_edge_trimmed,False
IMG001240.jpeg,4644,4644,0,1.0,False,False,0.8141263940520446,False,ok,False
IMG001241.jpeg,155813,155813,0,1.0,False,False,0.6100746268656716,False,ok,False
IMG001242.jpeg,15382,15382,0,1.0,False,False,0.8507462686567164,False,ok,False
IMG001243.jpeg,40496,40496,0,1.0,False,False,0.7730978260869565,False,ok,False
IMG001244.jpeg,50494,50494,0,1.0,False,False,0.6681159420289855,False,ok,False
IMG001245.jpeg,89846,89846,0,1.0,False,False,0.5409448818897638,False,ok,False
IMG001246.jpeg,221167,221167,0,1.0,False,False,0.6805993690851735,False,ok,False
IMG001247.jpeg,10470,10470,0,1.0,False,False,0.7981220657276995,False,ok,False
IMG001248.jpeg,1234,1234,0,1.0,False,False,0.5805973288775124,True,almost_full_image_edge_trimmed,False
IMG001249.jpeg,6006,6006,0,1.0,False,False,0.716382778595243,False,ok_edge_trimmed,False
IMG001250.jpeg,87873,87873,0,1.0,False,False,0.7174953218253742,False,ok_edge_trimmed,False
IMG001251.jpeg,3549,3549,0,1.0,False,False,0.8173155033431232,False,ok_edge_trimmed,False
IMG001252.jpeg,24733,24733,0,1.0,False,False,0.943407960199005,False,ok,False
IMG001253.jpeg,616,616,0,1.0,False,False,0.9020286986640276,True,almost_full_image_edge_trimmed,False
IMG001254.jpeg,1285,1285,0,1.0,False,False,0.8942516268980477,False,ok,False
IMG001255.jpeg,4659,4659,0,1.0,False,False,0.6147426981919333,False,ok,False
IMG001256.jpeg,3576,3576,0,1.0,False,False,0.8058911979026102,False,ok_edge_trimmed,False
IMG001257.jpeg,2428,2428,0,1.0,False,False,0.6241791366131985,False,ok_edge_trimmed,False
IMG001258.jpeg,5506,5506,0,1.0,False,False,0.7793674698795181,False,ok,False
IMG001259.jpeg,894,894,0,1.0,False,False,1.0,True,almost_full_image,False
IMG001260.jpeg,4238,4238,0,1.0,False,False,1.0,True,almost_full_image,False
IMG001261.jpeg,3161,3161,0,1.0,False,False,1.0,True,almost_full_image,False
IMG001262.jpeg,13722,13722,0,1.0,False,False,0.8067226890756303,False,ok,False
IMG001263.jpeg,31020,31020,0,1.0,False,False,0.96939586645469,False,ok_edge_trimmed,False
IMG001264.jpeg,26406,26406,0,1.0,False,False,0.8153998025666338,False,ok,False
IMG001265.jpeg,10203,10203,0,1.0,False,False,0.6789617486338798,False,ok,False
IMG001266.jpeg,11989,11989,0,1.0,False,False,0.8709016393442623,False,ok,False
IMG001267.jpeg,9984,9984,0,1.0,False,False,0.9798615481434864,True,almost_full_image_edge_trimmed,False
IMG001268.jpeg,9803,9803,0,1.0,False,False,0.9837016714484198,True,almost_full_image_edge_trimmed,False
IMG001269.jpeg,1958,1958,0,1.0,False,False,0.7151741293532339,False,ok,False
IMG001270.jpeg,2151,2151,0,1.0,False,False,0.8799163179916318,False,ok,False
IMG001271.jpeg,1822,1822,0,1.0,False,False,0.9270573566084788,False,ok,False
IMG001272.jpeg,1535,1535,0,1.0,False,False,0.5897896916203552,False,ok_edge_trimmed,False
IMG001273.jpeg,2736,2736,0,1.0,False,False,0.5783582089552238,False,ok,False
IMG001274.jpeg,11081,11081,0,1.0,False,False,0.7456467661691543,False,ok,False
IMG001275.jpeg,4892,4892,0,1.0,False,False,0.7545887151597552,False,ok,False
IMG001276.jpeg,194711,194711,0,1.0,False,False,0.8010251630941286,False,ok,False
IMG001277.jpeg,27755,27755,0,1.0,False,False,0.7838855421686747,False,ok,False
IMG001278.jpeg,21922,21922,0,1.0,False,False,0.8156716417910448,False,ok,False
IMG001279.jpeg,3492,3492,0,1.0,False,False,0.6380597014925373,False,ok,False
IMG001280.jpeg,186532,186532,0,1.0,False,False,1.0,True,almost_full_image,False
IMG001281.jpeg,33491,33491,0,1.0,False,False,0.988734835355286,True,almost_full_image_edge_trimmed,False
IMG001282.jpeg,269689,269689,0,1.0,False,False,0.7194055944055944,False,ok,False
IMG001283.jpeg,2310,2310,0,1.0,False,False,1.0,True,almost_full_image,False
IMG001284.jpeg,21143,21143,0,1.0,False,False,1.0,True,almost_full_image,False
IMG001285.jpeg,19273,19273,0,1.0,False,False,1.0,True,almost_full_image,False
IMG001286.jpeg,71276,71276,0,1.0,False,False,1.0,True,almost_full_image,False
IMG001287.jpeg,66523,66523,0,1.0,False,False,0.9774305555555556,True,almost_full_image_edge_trimmed,False
IMG001288.jpeg,77617,77617,0,1.0,False,False,1.0,True,almost_full_image,False
IMG001289.jpeg,43351,43351,0,1.0,False,False,0.8284023668639053,False,ok,False
IMG001290.jpeg,55193,55193,0,1.0,False,False,0.8059440559440559,False,ok_edge_trimmed,False
IMG001291.jpeg,1342,1342,0,1.0,False,False,0.3049554521800836,False,ok,False
IMG001292.jpeg,2156,2156,0,1.0,False,False,0.334851859683327,False,ok,False
IMG001293.jpeg,1238,1238,0,1.0,False,False,0.6705639614855571,False,ok,False
IMG001294.jpeg,3000,3000,0,1.0,False,False,0.7607778673779543,False,ok,False
IMG001295.jpeg,2798,2798,0,1.0,False,False,0.932780847145488,False,ok,False
IMG001296.jpeg,2212,2212,0,1.0,False,False,1.0,True,almost_full_image,False
IMG001297.jpeg,9165,9165,0,1.0,False,False,1.0,True,almost_full_image,False
IMG001298.jpeg,7150,7150,0,1.0,False,False,1.0,True,almost_full_image,False
IMG001299.jpeg,1164,1164,0,1.0,False,False,0.5955819881053526,True,almost_full_image_edge_trimmed,False
IMG001300.jpeg,2069,2069,0,1.0,False,False,1.0,True,almost_full_image,False
IMG001301.jpeg,245400,245400,0,1.0,False,False,0.9662700543373208,True,almost_full_image_edge_trimmed,False
IMG001302.jpeg,302614,302614,0,1.0,False,False,0.9827822641266296,True,almost_full_image_edge_trimmed,False
IMG001303.jpeg,115476,115476,0,1.0,False,False,0.9915119363395224,True,almost_full_image_edge_trimmed,False
IMG001304.jpeg,6619,6619,0,1.0,False,False,0.975345980855726,True,almost_full_image_edge_trimmed,False
IMG001305.jpeg,69451,69451,0,1.0,False,False,0.9915119363395224,True,almost_full_image_edge_trimmed,False
IMG001306.jpeg,354068,354068,0,1.0,False,False,0.8798613006462291,False,ok_edge_trimmed,False
IMG001307.jpeg,24013,24013,0,1.0,False,False,0.9915119363395224,True,almost_full_image_edge_trimmed,False
IMG001308.jpeg,12521,12521,0,1.0,False,False,0.8831628638867034,False,ok,False
IMG001309.jpeg,12821,12821,0,1.0,False,False,1.0,True,almost_full_image,False
IMG001310.jpeg,2464,2464,0,1.0,False,False,1.0,True,almost_full_image,False
IMG001311.jpeg,4641,4641,0,1.0,False,False,0.8487423521414004,False,ok,False
IMG001312.jpeg,987,987,0,1.0,False,False,0.8943768748536565,False,ok,False
IMG001313.jpeg,18674,18674,0,1.0,False,False,0.7869431566816436,False,ok,False
IMG001314.jpeg,17869,17869,0,1.0,False,False,0.7919679020502103,False,ok,False
IMG001315.jpeg,35072,35072,0,1.0,False,False,0.5926470588235294,False,ok,False
IMG001316.jpeg,2485,2485,0,1.0,False,False,1.0,True,almost_full_image,False
IMG001317.jpeg,2280,2280,0,1.0,False,False,1.0,True,almost_full_image,False
IMG001318.jpeg,4970,4970,0,1.0,False,False,1.0,True,almost_full_image,False
IMG001319.jpeg,5390,5390,0,1.0,False,False,1.0,True,almost_full_image,False
IMG001320.jpeg,3247,3247,0,1.0,False,False,1.0,True,mask_safety_fallback,True
IMG001321.jpeg,2489,2489,0,1.0,False,False,1.0,True,mask_safety_fallback,True
IMG001322.jpeg,414,414,0,1.0,False,False,0.8514615907545887,False,ok,False
IMG001323.jpeg,16680,16680,0,1.0,False,False,0.6556662515566625,False,ok,False
IMG001324.jpeg,3457,3457,0,1.0,False,False,0.7919254658385093,False,ok,False
IMG001325.jpeg,5325,5325,0,1.0,False,False,0.7368421052631579,False,ok,False
IMG001326.jpeg,4788,4788,0,1.0,False,False,0.8052631578947368,False,ok,False
IMG001327.jpeg,3258,3258,0,1.0,False,False,0.6576576576576577,False,ok,False
IMG001328.jpeg,6906,6906,0,1.0,False,False,0.8156462585034013,False,ok,False
IMG001329.jpeg,9543,9543,0,1.0,False,False,0.8210884353741497,False,ok,False
IMG001330.jpeg,5271,5271,0,1.0,False,False,0.9034411915767848,False,ok,False
IMG001331.jpeg,4613,4613,0,1.0,False,False,1.0,True,mask_safety_fallback,True
IMG001332.jpeg,6895,6895,0,1.0,False,False,0.5892871682773911,True,almost_full_image_edge_trimmed,False
IMG001333.jpeg,6032,6032,0,1.0,False,False,0.895988650272616,False,ok_edge_trimmed,False
IMG001334.jpeg,9533,9533,0,1.0,False,False,1.0,True,almost_full_image,False
IMG001335.jpeg,6971,6971,0,1.0,False,False,0.9484962406015036,False,ok,False
IMG001336.jpeg,5471,5471,0,1.0,False,False,0.8052345343303875,False,ok,False
IMG001337.jpeg,1567,1567,0,1.0,False,False,0.9204443146439284,False,ok_edge_trimmed,False
IMG001338.jpeg,657,657,0,1.0,False,False,1.0,True,mask_safety_fallback,True
IMG001339.jpeg,4969,4969,0,1.0,False,False,0.6114457831325302,False,ok,False
IMG001340.jpeg,4149,4149,0,1.0,False,False,0.9518072289156626,False,ok,False
IMG001341.jpeg,1930,1930,0,1.0,False,False,0.822139303482587,False,ok,False
IMG001342.jpeg,8992,8992,0,1.0,False,False,0.8732088580112897,False,ok,False
IMG001343.jpeg,1572,1572,0,1.0,False,False,0.9721278042148198,False,ok,False
IMG001344.jpeg,5679,5679,0,1.0,False,False,0.9298136645962732,False,ok,False
IMG001345.jpeg,804,804,0,1.0,False,False,0.570807453416149,False,ok,False
IMG001346.jpeg,295437,295437,0,1.0,False,False,0.7320510605696431,False,ok_edge_trimmed,False
IMG001347.jpeg,366661,366661,0,1.0,False,False,0.7746354806134532,False,ok_edge_trimmed,False
IMG001348.jpeg,734401,734401,0,1.0,False,False,0.7862453531598513,False,ok_edge_trimmed,False
IMG001349.jpeg,4347,4347,0,1.0,False,False,0.357421875,False,ok,False
IMG001350.jpeg,77363,77363,0,1.0,False,False,0.7781124497991968,False,ok_edge_trimmed,False
IMG001351.jpeg,98791,98791,0,1.0,False,False,0.9486235164756548,False,ok_edge_trimmed,False
IMG001352.jpeg,14592,14592,0,1.0,False,False,0.9091796875,False,ok,False
IMG001353.jpeg,7375,7375,0,1.0,False,False,1.0,True,mask_safety_fallback,True
IMG001354.jpeg,90449,90449,0,1.0,False,False,0.961038961038961,False,ok,False
IMG001355.jpeg,65127,65127,0,1.0,False,False,0.9698431845597104,True,almost_full_image_edge_trimmed,False
IMG001356.jpeg,14641,14641,0,1.0,False,False,1.0,True,mask_safety_fallback,True
IMG001357.jpeg,280964,280964,0,1.0,False,False,0.650485663382254,False,ok_edge_trimmed,False
IMG001358.jpeg,63980,63980,0,1.0,False,False,0.3031951169107227,False,ok_edge_trimmed,False
IMG001359.jpeg,56242,56242,0,1.0,False,False,0.8315112777515352,False,ok_edge_trimmed,False
IMG001360.jpeg,990766,990766,0,1.0,False,False,0.751412429378531,False,ok_edge_trimmed,False
IMG001361.jpeg,45606,45606,0,1.0,False,False,1.0,True,almost_full_image,False
IMG001362.jpeg,62213,62213,0,1.0,False,False,0.8484301464164409,False,ok,False
IMG001363.jpeg,88915,88915,0,1.0,False,False,1.0,True,mask_safety_fallback,True
IMG001364.jpeg,97047,97047,0,1.0,False,False,0.6822446722182507,True,almost_full_image_edge_trimmed,False
IMG001365.jpeg,21132,21132,0,1.0,False,False,0.8588464951197871,False,ok,False
IMG001366.jpeg,126845,126845,0,1.0,False,False,0.2610116334640199,False,ok_edge_trimmed,False
IMG001367.jpeg,104606,104606,0,1.0,False,False,1.0,True,mask_safety_fallback,True
IMG001368.jpeg,5031,5031,0,1.0,False,False,0.7705570291777188,False,ok_edge_trimmed,False
IMG001369.jpeg,25728,25728,0,1.0,False,False,0.849933598937583,False,ok,False
IMG001370.jpeg,17799,17799,0,1.0,False,False,0.6389413988657845,False,ok,False
IMG001371.jpeg,58315,58315,0,1.0,False,False,0.9577702702702704,False,ok,False
IMG001372.jpeg,4678,4678,0,1.0,False,False,0.7006711409395974,False,ok,False
IMG001373.jpeg,52484,52484,0,1.0,False,False,0.5377503852080123,False,ok,False
IMG001374.jpeg,1062,1062,0,1.0,False,False,0.7660529344073648,False,ok_edge_trimmed,False
IMG001375.jpeg,242904,242904,0,1.0,False,False,0.7952981651376146,False,ok_edge_trimmed,False
IMG001376.jpeg,323898,323898,0,1.0,False,False,0.5010771900176092,False,ok_edge_trimmed,False
IMG001377.jpeg,229635,229635,0,1.0,False,False,0.716358839050132,False,ok,False
IMG001378.jpeg,237905,237905,0,1.0,False,False,0.7709923664122137,False,ok_edge_trimmed,False
IMG001379.jpeg,40227,40227,0,1.0,False,False,0.9235668789808916,True,almost_full_image_edge_trimmed,False
IMG001380.jpeg,138120,138120,0,1.0,False,False,0.7753439153439153,False,ok_edge_trimmed,False
IMG001381.jpeg,170239,170239,0,1.0,False,False,0.6822164740266417,False,ok_edge_trimmed,False
IMG001382.jpeg,28754,28754,0,1.0,False,False,1.0,True,mask_safety_fallback,True
IMG001383.jpeg,29664,29664,0,1.0,False,False,0.9549041713641488,False,ok,False
IMG001384.jpeg,62572,62572,0,1.0,False,False,0.4885001745336074,True,almost_full_image_edge_trimmed,False
IMG001385.jpeg,113161,113161,0,1.0,False,False,0.470496061082187,False,ok_edge_trimmed,False
IMG001386.jpeg,57605,57605,0,1.0,False,False,0.6763028134241666,False,ok_edge_trimmed,False
IMG001387.jpeg,22773,22773,0,1.0,False,False,0.7663755458515283,False,ok,False
IMG001388.jpeg,6450,6450,0,1.0,False,False,0.6850961538461539,False,ok_edge_trimmed,False
IMG001389.jpeg,8968,8968,0,1.0,False,False,0.7839506172839507,False,ok,False
IMG001390.jpeg,21331,21331,0,1.0,False,False,0.890295358649789,False,ok,False
IMG001391.jpeg,249135,249135,0,1.0,False,False,1.0,True,mask_safety_fallback,True
IMG001392.jpeg,79839,79839,0,1.0,False,False,0.3875,False,ok_edge_trimmed,False
IMG001393.jpeg,4609,4609,0,1.0,False,False,0.8662650602409638,False,ok_edge_trimmed,False
IMG001394.jpeg,37012,37012,0,1.0,False,False,0.9614206981016534,False,ok,False
IMG001395.jpeg,18603,18603,0,1.0,False,False,0.8543046357615894,False,ok_edge_trimmed,False
IMG001396.jpeg,16963,16963,0,1.0,False,False,0.6120218579234973,False,ok_edge_trimmed,False
IMG001397.jpeg,95233,95233,0,1.0,False,False,0.6437282229965157,False,ok_edge_trimmed,False
IMG001398.jpeg,23004,23004,0,1.0,False,False,0.7441441441441441,False,ok,False
IMG001399.jpeg,38201,38201,0,1.0,False,False,0.5797546012269938,False,ok,False
IMG001400.jpeg,2075,2075,0,1.0,False,False,0.5495327102803739,False,ok,False
IMG001401.jpeg,9171,9171,0,1.0,False,False,0.7678284043571632,False,ok_edge_trimmed,False
IMG001402.jpeg,146163,146163,0,1.0,False,False,0.4437394247038917,False,ok_edge_trimmed,False
IMG001403.jpeg,22125,22125,0,1.0,False,False,0.8442568600986939,False,ok,False
IMG001404.jpeg,22370,22370,0,1.0,False,False,0.8054350116797292,False,ok,False
IMG001405.jpeg,95553,95553,0,1.0,False,False,0.6953679738535945,False,ok_edge_trimmed,False
IMG001406.jpeg,118751,118751,0,1.0,False,False,0.9407222274805944,False,ok_edge_trimmed,False
IMG001407.jpeg,4668,4668,0,1.0,False,False,0.5864864864864865,False,ok_edge_trimmed,False
IMG001408.jpeg,46392,46392,0,1.0,False,False,0.6783333333333333,False,ok_edge_trimmed,False
IMG001409.jpeg,52494,52494,0,1.0,False,False,0.8078602620087336,False,ok,False
IMG001410.jpeg,115109,115109,0,1.0,False,False,0.4075,False,ok_edge_trimmed,False
IMG001411.jpeg,63976,63976,0,1.0,False,False,0.611751953125,False,ok_edge_trimmed,False
IMG001412.jpeg,61590,61590,0,1.0,False,False,0.490625,False,ok_edge_trimmed,False
IMG001413.jpeg,4401,4401,0,1.0,False,False,0.6901105651105651,False,ok_edge_trimmed,False
IMG001414.jpeg,55467,55467,0,1.0,False,False,0.70084375,True,almost_full_image_edge_trimmed,False
IMG001415.jpeg,164152,164152,0,1.0,False,False,0.62846875,True,almost_full_image_edge_trimmed,False
IMG001416.jpeg,200379,200379,0,1.0,False,False,0.85,False,ok_edge_trimmed,False
IMG001417.jpeg,8639,8639,0,1.0,False,False,0.3689820359281437,False,ok_edge_trimmed,False
IMG001418.jpeg,8975,8975,0,1.0,False,False,0.4922126306224443,False,ok_edge_trimmed,False
IMG001419.jpeg,54429,54429,0,1.0,False,False,0.49,False,ok_edge_trimmed,False
IMG001420.jpeg,63024,63024,0,1.0,False,False,0.3162,False,ok,False
IMG001421.jpeg,7429,7429,0,1.0,False,False,0.7261619500103285,False,ok_edge_trimmed,False
IMG001422.jpeg,19041,19041,0,1.0,False,False,0.257272720336914,False,ok_edge_trimmed,False
IMG001423.jpeg,50512,50512,0,1.0,False,False,0.353057861328125,False,ok_edge_trimmed,False
IMG001424.jpeg,42974,42974,0,1.0,False,False,0.6331058020477816,False,ok_edge_trimmed,False
IMG001425.jpeg,41493,41493,0,1.0,False,False,0.606875,False,ok,False
IMG001426.jpeg,9429,9429,0,1.0,False,False,0.8359345582029475,False,ok_edge_trimmed,False
IMG001427.jpeg,8859,8859,0,1.0,False,False,0.6724565756823822,False,ok,False
IMG001428.jpeg,32630,32630,0,1.0,False,False,0.7531914893617021,False,ok_edge_trimmed,False
IMG001429.jpeg,48707,48707,0,1.0,False,False,0.3784575978657996,False,ok_edge_trimmed,False
IMG001430.jpeg,173026,173026,0,1.0,False,False,0.6390367566865305,False,ok_edge_trimmed,False
IMG001431.jpeg,166114,166114,0,1.0,False,False,0.5872707309382,False,ok_edge_trimmed,False
IMG001432.jpeg,20106,20106,0,1.0,False,False,0.27176875,False,ok_edge_trimmed,False
IMG001433.jpeg,41045,41045,0,1.0,False,False,0.8201754385964912,False,ok_edge_trimmed,False
IMG001434.jpeg,34035,34035,0,1.0,False,False,0.6210526315789474,False,ok_edge_trimmed,False
IMG001435.jpeg,134823,134823,0,1.0,False,False,0.5673736045438013,False,ok_edge_trimmed,False
IMG001436.jpeg,129912,129912,0,1.0,False,False,0.6465553333023213,False,ok_edge_trimmed,False
IMG001437.jpeg,618320,618320,0,1.0,False,False,1.0,True,mask_safety_fallback,True
IMG001438.jpeg,879329,879329,0,1.0,False,False,0.7778335005015045,False,ok_edge_trimmed,False
IMG001439.jpeg,68073,68073,0,1.0,False,False,0.541123595505618,False,ok_edge_trimmed,False
IMG001440.jpeg,30900,30900,0,1.0,False,False,0.4972775977642085,False,ok_edge_trimmed,False
IMG001441.jpeg,20259,20259,0,1.0,False,False,0.6152019002375297,False,ok,False
IMG001442.jpeg,29975,29975,0,1.0,False,False,0.6056154397047212,False,ok_edge_trimmed,False
IMG001443.jpeg,27416,27416,0,1.0,False,False,0.9092009685230024,False,ok_edge_trimmed,False
IMG001444.jpeg,45683,45683,0,1.0,False,False,0.9632829373650108,False,ok,False
IMG001445.jpeg,15563,15563,0,1.0,False,False,0.6803355079217148,False,ok_edge_trimmed,False
IMG001446.jpeg,234780,234780,0,1.0,False,False,0.4367816091954023,False,ok_edge_trimmed,False
IMG001447.jpeg,179725,179725,0,1.0,False,False,0.7560344827586207,False,ok_edge_trimmed,False
IMG001448.jpeg,3969,3969,0,1.0,False,False,0.4257803352179586,False,ok_edge_trimmed,False
IMG001449.jpeg,92505,92505,0,1.0,False,False,0.8439661798616449,False,ok_edge_trimmed,False
IMG001450.jpeg,253014,253014,0,1.0,False,False,0.5996238199401336,False,ok_edge_trimmed,False
IMG001451.jpeg,239053,239053,0,1.0,False,False,0.7567160192442849,False,ok_edge_trimmed,False
IMG001452.jpeg,270852,270852,0,1.0,False,False,0.6041592995579734,False,ok_edge_trimmed,False
IMG001453.jpeg,33465,33465,0,1.0,False,False,0.580091533180778,False,ok_edge_trimmed,False
IMG001454.jpeg,63019,63019,0,1.0,False,False,0.8815692079940785,True,almost_full_image_edge_trimmed,False
IMG001455.jpeg,161462,161462,0,1.0,False,False,1.0,True,mask_safety_fallback,True
IMG001456.jpeg,57569,57569,0,1.0,False,False,0.9323521009142054,True,almost_full_image_edge_trimmed,False
IMG001457.jpeg,36741,36741,0,1.0,False,False,0.7939302087936367,False,ok_edge_trimmed,False
IMG001458.jpeg,195673,195673,0,1.0,False,False,1.0,True,mask_safety_fallback,True
IMG001459.jpeg,270443,270443,0,1.0,False,False,0.3878231400349068,False,ok_edge_trimmed,False
IMG001460.jpeg,109680,109680,0,1.0,False,False,0.5125786163522013,False,ok,False
IMG001461.jpeg,77611,77611,0,1.0,False,False,0.6964192263444255,False,ok,False
IMG001462.jpeg,117243,117243,0,1.0,False,False,0.6635496986876227,True,almost_full_image_edge_trimmed,False
IMG001463.jpeg,117843,117843,0,1.0,False,False,0.5627570069338105,True,almost_full_image_edge_trimmed,False
IMG001464.jpeg,184243,184243,0,1.0,False,False,0.5855421686746988,False,ok_edge_trimmed,False
IMG001465.jpeg,359168,359168,0,1.0,False,False,0.849928254660423,False,ok_edge_trimmed,False
IMG001466.jpeg,66088,66088,0,1.0,False,False,0.7124038430609887,False,ok_edge_trimmed,False
IMG001467.jpeg,1827,1827,0,1.0,False,False,0.8568965517241379,False,ok_edge_trimmed,False
IMG001468.jpeg,26756,26756,0,1.0,False,False,0.8125585754451734,False,ok_edge_trimmed,False
IMG001469.jpeg,32412,32412,0,1.0,False,False,0.942367601246106,False,ok_edge_trimmed,False
IMG001470.jpeg,42246,42246,0,1.0,False,False,0.8365441219487224,False,ok_edge_trimmed,False
IMG001471.jpeg,213739,213739,0,1.0,False,False,0.7646207005697404,False,ok_edge_trimmed,False
IMG001472.jpeg,322510,322510,0,1.0,False,False,0.7831184056271981,False,ok_edge_trimmed,False
IMG001473.jpeg,91177,91177,0,1.0,False,False,0.8331969415673246,False,ok_edge_trimmed,False
IMG001474.jpeg,119890,119890,0,1.0,False,False,0.502892578125,False,ok_edge_trimmed,False
IMG001475.jpeg,133806,133806,0,1.0,False,False,0.39,False,ok,False
IMG001476.jpeg,22063,22063,0,1.0,False,False,0.8359782894489727,False,ok_edge_trimmed,False
IMG001477.jpeg,357428,357428,0,1.0,False,False,0.6574872265164418,True,almost_full_image_edge_trimmed,False
IMG001478.jpeg,382588,382588,0,1.0,False,False,0.7219295393919422,True,almost_full_image_edge_trimmed,False
IMG001479.jpeg,11319,11319,0,1.0,False,False,0.6966759002770083,False,ok,False
IMG001480.jpeg,19669,19669,0,1.0,False,False,0.965183752417795,False,ok,False
IMG001481.jpeg,25222,25222,0,1.0,False,False,0.8970873786407767,False,ok,False
IMG001482.jpeg,86958,86958,0,1.0,False,False,0.561287997903564,True,almost_full_image_edge_trimmed,False
IMG001483.jpeg,44186,44186,0,1.0,False,False,0.7647058823529411,False,ok_edge_trimmed,False
IMG001484.jpeg,14505,14505,0,1.0,False,False,0.7474024926855115,False,ok_edge_trimmed,False
IMG001485.jpeg,10789,10789,0,1.0,False,False,0.7628497429831543,False,ok_edge_trimmed,False
IMG001486.jpeg,53144,53144,0,1.0,False,False,0.8081180811808119,False,ok,False
IMG001487.jpeg,44022,44022,0,1.0,False,False,0.6916666666666667,False,ok_edge_trimmed,False
IMG001488.jpeg,20832,20832,0,1.0,False,False,0.7974025974025974,True,almost_full_image_edge_trimmed,False
IMG001489.jpeg,38897,38897,0,1.0,False,False,0.8204956331981212,False,ok_edge_trimmed,False
IMG001490.jpeg,30350,30350,0,1.0,False,False,0.7658536585365854,False,ok_edge_trimmed,False
IMG001491.jpeg,26414,26414,0,1.0,False,False,1.0,True,almost_full_image,False
IMG001492.jpeg,12935,12935,0,1.0,False,False,0.3941089734951748,False,ok_edge_trimmed,False
IMG001493.jpeg,25754,25754,0,1.0,False,False,0.8947368421052632,True,almost_full_image_edge_trimmed,False
IMG001494.jpeg,22476,22476,0,1.0,False,False,0.9758883248730964,False,ok,False
IMG001495.jpeg,44552,44552,0,1.0,False,False,0.7036503545938304,False,ok_edge_trimmed,False
IMG001496.jpeg,103751,103751,0,1.0,False,False,0.9041600842548708,False,ok,False
IMG001497.jpeg,105135,105135,0,1.0,False,False,0.6450719822812846,False,ok,False
IMG001498.jpeg,113524,113524,0,1.0,False,False,0.7667454688731284,False,ok_edge_trimmed,False
IMG001499.jpeg,37331,37331,0,1.0,False,False,0.6677261603267589,False,ok_edge_trimmed,False
IMG001500.jpeg,44307,44307,0,1.0,False,False,0.5334224598930482,False,ok_edge_trimmed,False
IMG001501.jpeg,31609,31609,0,1.0,False,False,0.9615384615384616,False,ok_edge_trimmed,False
IMG001502.jpeg,2751,2751,0,1.0,False,False,0.8099707858603564,False,ok_edge_trimmed,False
IMG001503.jpeg,43642,43642,0,1.0,False,False,0.8896690070210632,True,almost_full_image_edge_trimmed,False
IMG001504.jpeg,93953,93953,0,1.0,False,False,0.7473460721868365,False,ok,False
IMG001505.jpeg,31191,31191,0,1.0,False,False,0.6435045317220544,False,ok_edge_trimmed,False
IMG001506.jpeg,3068,3068,0,1.0,False,False,0.6957831325301205,False,ok,False
IMG001507.jpeg,1909,1909,0,1.0,False,False,0.76,False,ok,False
IMG001508.jpeg,111385,111385,0,1.0,False,False,0.7543052864732235,False,ok_edge_trimmed,False
IMG001509.jpeg,218006,218006,0,1.0,False,False,0.5818561001042752,False,ok_edge_trimmed,False
IMG001510.jpeg,37744,37744,0,1.0,False,False,0.8795180722891566,False,ok_edge_trimmed,False
IMG001511.jpeg,64208,64208,0,1.0,False,False,0.7563636363636363,False,ok,False
IMG001512.jpeg,83144,83144,0,1.0,False,False,0.8266522210184182,True,almost_full_image_edge_trimmed,False
IMG001513.jpeg,40001,40001,0,1.0,False,False,0.7604726100966702,False,ok_edge_trimmed,False
IMG001514.jpeg,479630,479630,0,1.0,False,False,0.9794344473007712,False,ok,False
IMG001515.jpeg,96184,96184,0,1.0,False,False,0.8002717391304348,False,ok_edge_trimmed,False
IMG001516.jpeg,408639,408639,0,1.0,False,False,0.8851224105461394,False,ok,False
IMG001517.jpeg,117653,117653,0,1.0,False,False,0.8763020833333334,False,ok_edge_trimmed,False
IMG001518.jpeg,27702,27702,0,1.0,False,False,0.7076923076923077,False,ok_edge_trimmed,False
IMG001519.jpeg,14983,14983,0,1.0,False,False,0.8440305952776854,False,ok_edge_trimmed,False
IMG001520.jpeg,2358,2358,0,1.0,False,False,0.6953907815631263,False,ok_edge_trimmed,False
IMG001521.jpeg,70300,70300,0,1.0,False,False,0.748220640569395,False,ok_edge_trimmed,False
IMG001522.jpeg,8761,8761,0,1.0,False,False,0.6232657417289221,False,ok_edge_trimmed,False
IMG001523.jpeg,10626,10626,0,1.0,False,False,0.3830821042992096,False,ok,False
IMG001524.jpeg,20582,20582,0,1.0,False,False,0.7422126745435016,False,ok_edge_trimmed,False
IMG001525.jpeg,35194,35194,0,1.0,False,False,0.9149288642067316,False,ok,False
IMG001526.jpeg,32980,32980,0,1.0,False,False,0.7633262260127932,False,ok,False
IMG001527.jpeg,1076298,1076298,0,1.0,False,False,1.0,True,mask_safety_fallback,True
IMG001528.jpeg,734898,734898,0,1.0,False,False,1.0,True,mask_safety_fallback,True
IMG001529.jpeg,540135,540135,0,1.0,False,False,0.807909374701713,False,ok_edge_trimmed,False
IMG001530.jpeg,432912,432912,0,1.0,False,False,0.7659570548560178,False,ok_edge_trimmed,False
IMG001531.jpeg,12257,12257,0,1.0,False,False,0.8431061806656102,False,ok,False
IMG001532.jpeg,162946,162946,0,1.0,False,False,0.9693333333333334,False,ok,False
IMG001533.jpeg,117847,117847,0,1.0,False,False,0.6327372764786795,False,ok_edge_trimmed,False
IMG001534.jpeg,45809,45809,0,1.0,False,False,0.8878205128205128,False,ok,False
IMG001535.jpeg,33222,33222,0,1.0,False,False,0.90311004784689,False,ok,False
IMG001536.jpeg,51832,51832,0,1.0,False,False,0.780984531244975,False,ok_edge_trimmed,False
IMG001537.jpeg,51060,51060,0,1.0,False,False,0.853161067181293,False,ok_edge_trimmed,False
IMG001538.jpeg,55862,55862,0,1.0,False,False,0.6623018188892131,False,ok_edge_trimmed,False
IMG001539.jpeg,31320,31320,0,1.0,False,False,0.4093959731543624,False,ok_edge_trimmed,False
IMG001540.jpeg,38502,38502,0,1.0,False,False,0.4494236041732244,False,ok_edge_trimmed,False
IMG001541.jpeg,32991,32991,0,1.0,False,False,0.4624852308548541,False,ok_edge_trimmed,False
IMG001542.jpeg,24377,24377,0,1.0,False,False,0.2941142451885469,False,ok_edge_trimmed,False
IMG001543.jpeg,2573,2573,0,1.0,False,False,0.8211538461538461,False,ok,False
IMG001544.jpeg,3958,3958,0,1.0,False,False,0.8021895743240973,False,ok_edge_trimmed,False
IMG001545.jpeg,114985,114985,0,1.0,False,False,0.7793783169067475,False,ok_edge_trimmed,False
IMG001546.jpeg,72395,72395,0,1.0,False,False,0.7084233261339092,False,ok,False
IMG001547.jpeg,188746,188746,0,1.0,False,False,1.0,True,mask_safety_fallback,True
IMG001548.jpeg,76535,76535,0,1.0,False,False,0.4421858230272609,False,ok_edge_trimmed,False
IMG001549.jpeg,35780,35780,0,1.0,False,False,0.7931034482758621,False,ok_edge_trimmed,False
IMG001550.jpeg,40361,40361,0,1.0,False,False,0.6258570029382958,False,ok,False
IMG001551.jpeg,86132,86132,0,1.0,False,False,1.0,True,almost_full_image,False
IMG001552.jpeg,135587,135587,0,1.0,False,False,0.8916155419222904,False,ok,False
IMG001553.jpeg,181518,181518,0,1.0,False,False,0.8944391355974037,False,ok_edge_trimmed,False
IMG001554.jpeg,156210,156210,0,1.0,False,False,0.6761477045908184,False,ok,False
IMG001555.jpeg,995979,995979,0,1.0,False,False,1.0,True,almost_full_image,False
IMG001556.jpeg,825523,825523,0,1.0,False,False,1.0,True,almost_full_image,False
IMG001557.jpeg,25450,25450,0,1.0,False,False,0.62066142908208,False,ok_edge_trimmed,False
IMG001558.jpeg,200422,200422,0,1.0,False,False,0.6111549367844274,False,ok_edge_trimmed,False
IMG001559.jpeg,195141,195141,0,1.0,False,False,0.7014238558598174,False,ok_edge_trimmed,False
IMG001560.jpeg,1303389,1303389,0,1.0,False,False,0.8823099415204678,False,ok,False
IMG001561.jpeg,67295,67295,0,1.0,False,False,0.456299659477866,False,ok,False
IMG001562.jpeg,82800,82800,0,1.0,False,False,0.7011764705882353,False,ok_edge_trimmed,False
IMG001563.jpeg,40481,40481,0,1.0,False,False,0.8736616702355461,False,ok_edge_trimmed,False
IMG001564.jpeg,116671,116671,0,1.0,False,False,1.0,True,mask_safety_fallback,True
IMG001565.jpeg,55102,55102,0,1.0,False,False,0.7017937219730942,False,ok_edge_trimmed,False
IMG001566.jpeg,26066,26066,0,1.0,False,False,0.5414965986394558,False,ok_edge_trimmed,False
IMG001567.jpeg,20796,20796,0,1.0,False,False,0.5605006954102921,False,ok_edge_trimmed,False
IMG001568.jpeg,10106,10106,0,1.0,False,False,0.77942993588031,False,ok_edge_trimmed,False
IMG001569.jpeg,2246,2246,0,1.0,False,False,0.6949152542372882,False,ok_edge_trimmed,False
IMG001570.jpeg,2692,2692,0,1.0,False,False,0.7791304347826087,False,ok_edge_trimmed,False
IMG001571.jpeg,2562,2562,0,1.0,False,False,0.8460634547591069,False,ok_edge_trimmed,False
IMG001572.jpeg,3455,3455,0,1.0,False,False,0.9326599326599326,False,ok_edge_trimmed,False
IMG001573.jpeg,50545,50545,0,1.0,False,False,0.5355643401562823,False,ok_edge_trimmed,False
IMG001574.jpeg,61889,61889,0,1.0,False,False,0.6774924647772145,False,ok_edge_trimmed,False
IMG001575.jpeg,164757,164757,0,1.0,False,False,0.8899797002204884,True,almost_full_image_edge_trimmed,False
IMG001576.jpeg,198637,198637,0,1.0,False,False,0.92212211072492,False,ok_edge_trimmed,False
IMG001577.jpeg,157426,157426,0,1.0,False,False,1.0,True,mask_safety_fallback,True
IMG001578.jpeg,59635,59635,0,1.0,False,False,0.5240849955654979,False,ok_edge_trimmed,False
IMG001579.jpeg,27562,27562,0,1.0,False,False,0.7541992540640868,False,ok_edge_trimmed,False
IMG001580.jpeg,33205,33205,0,1.0,False,False,1.0,True,mask_safety_fallback,True
IMG001581.jpeg,40978,40978,0,1.0,False,False,0.7855944141680278,False,ok_edge_trimmed,False
IMG001582.jpeg,61729,61729,0,1.0,False,False,0.8043305965866729,False,ok_edge_trimmed,False
IMG001583.jpeg,79479,79479,0,1.0,False,False,0.876453488372093,False,ok_edge_trimmed,False
IMG001584.jpeg,7220,7220,0,1.0,False,False,0.787117903930131,False,ok_edge_trimmed,False
IMG001585.jpeg,14886,14886,0,1.0,False,False,0.6379888268156425,False,ok_edge_trimmed,False
IMG001586.jpeg,12244,12244,0,1.0,False,False,0.9671897289586304,False,ok,False
IMG001587.jpeg,7671,7671,0,1.0,False,False,0.9607843137254902,False,ok,False
IMG001588.jpeg,1717,1717,0,1.0,False,False,0.8611854033612824,False,ok_edge_trimmed,False
IMG001589.jpeg,22114,22114,0,1.0,False,False,0.8658637329207207,False,ok_edge_trimmed,False
IMG001590.jpeg,702713,702713,0,1.0,False,False,0.802738336713996,False,ok_edge_trimmed,False
IMG001591.jpeg,544476,544476,0,1.0,False,False,0.6532685512367491,False,ok_edge_trimmed,False
IMG001592.jpeg,1094822,1094822,0,1.0,False,False,0.9953034682080923,True,almost_full_image_edge_trimmed,False
IMG001593.jpeg,57309,57309,0,1.0,False,False,0.5848610289769367,False,ok_edge_trimmed,False
IMG001594.jpeg,57114,57114,0,1.0,False,False,0.7955665024630542,False,ok,False
IMG001595.jpeg,9555,9555,0,1.0,False,False,1.0,True,mask_safety_fallback,True
IMG001596.jpeg,14640,14640,0,1.0,False,False,0.9840878443459834,True,almost_full_image_edge_trimmed,False
IMG001597.jpeg,70608,70608,0,1.0,False,False,0.8243386243386244,False,ok,False
IMG001598.jpeg,78911,78911,0,1.0,False,False,0.6514538189957173,False,ok_edge_trimmed,False
IMG001599.jpeg,50092,50092,0,1.0,False,False,1.0,True,mask_safety_fallback,True
IMG001600.jpeg,57194,57194,0,1.0,False,False,0.5477462616989995,True,almost_full_image_edge_trimmed,False
IMG001601.jpeg,63293,63293,0,1.0,False,False,0.6814804362380337,False,ok_edge_trimmed,False
IMG001602.jpeg,9360,9360,0,1.0,False,False,0.5910433652369136,False,ok_edge_trimmed,False
IMG001603.jpeg,12470,12470,0,1.0,False,False,0.4799185726761902,False,ok_edge_trimmed,False
IMG001604.jpeg,16982,16982,0,1.0,False,False,1.0,True,mask_safety_fallback,True
IMG001605.jpeg,3860,3860,0,1.0,False,False,0.7037037037037037,False,ok_edge_trimmed,False
IMG001606.jpeg,17155,17155,0,1.0,False,False,0.8576642335766423,False,ok_edge_trimmed,False
IMG001607.jpeg,19673,19673,0,1.0,False,False,0.7666204986149584,False,ok_edge_trimmed,False
IMG001608.jpeg,37515,37515,0,1.0,False,False,1.0,True,almost_full_image,False
IMG001609.jpeg,28532,28532,0,1.0,False,False,0.9188034188034188,False,ok,False
IMG001610.jpeg,48646,48646,0,1.0,False,False,0.8632264529058116,False,ok_edge_trimmed,False
IMG001611.jpeg,49570,49570,0,1.0,False,False,0.7282229965156795,False,ok_edge_trimmed,False
IMG001612.jpeg,2818,2818,0,1.0,False,False,0.9366515837104072,False,ok,False
IMG001613.jpeg,89672,89672,0,1.0,False,False,0.7708095781071835,False,ok,False
IMG001614.jpeg,39865,39865,0,1.0,False,False,1.0,True,almost_full_image,False
IMG001615.jpeg,83408,83408,0,1.0,False,False,0.9098457888493476,False,ok,False
IMG001616.jpeg,28224,28224,0,1.0,False,False,0.9674711437565582,False,ok,False
IMG001617.jpeg,101953,101953,0,1.0,False,False,0.9302430243024302,False,ok_edge_trimmed,False
IMG001618.jpeg,68472,68472,0,1.0,False,False,0.8573264781491002,False,ok,False
IMG001619.jpeg,25337,25337,0,1.0,False,False,0.8105051816606536,False,ok,False
IMG001620.jpeg,17229,17229,0,1.0,False,False,0.3920014876097765,False,ok_edge_trimmed,False
IMG001621.jpeg,26561,26561,0,1.0,False,False,0.6237424547283702,False,ok,False
IMG001622.jpeg,4010,4010,0,1.0,False,False,0.7519083969465649,False,ok,False
IMG001623.jpeg,15091,15091,0,1.0,False,False,0.9785330948121646,True,almost_full_image_edge_trimmed,False
IMG001624.jpeg,27579,27579,0,1.0,False,False,0.4747003994673768,False,ok,False
IMG001625.jpeg,72926,72926,0,1.0,False,False,0.5835806132542037,False,ok,False
IMG001626.jpeg,10231,10231,0,1.0,False,False,1.0,True,mask_safety_fallback,True
IMG001627.jpeg,79998,79998,0,1.0,False,False,0.8317503392130258,False,ok,False
IMG001628.jpeg,13847,13847,0,1.0,False,False,0.6513952641165756,False,ok_edge_trimmed,False
IMG001629.jpeg,13626,13626,0,1.0,False,False,0.7689470707070707,True,almost_full_image_edge_trimmed,False
IMG001630.jpeg,53100,53100,0,1.0,False,False,0.6057719928186714,False,ok_edge_trimmed,False
IMG001631.jpeg,51983,51983,0,1.0,False,False,0.6474431232803656,False,ok_edge_trimmed,False
IMG001632.jpeg,38618,38618,0,1.0,False,False,0.8614035087719298,False,ok,False
IMG001633.jpeg,21755,21755,0,1.0,False,False,0.4380068604362645,False,ok_edge_trimmed,False
IMG001634.jpeg,200911,200911,0,1.0,False,False,0.7608318890814558,False,ok,False
IMG001635.jpeg,62701,62701,0,1.0,False,False,0.7800526615479252,False,ok_edge_trimmed,False
IMG001636.jpeg,13728,13728,0,1.0,False,False,0.3353253021205442,False,ok_edge_trimmed,False
IMG001637.jpeg,15450,15450,0,1.0,False,False,0.3093600364824808,False,ok_edge_trimmed,False
IMG001638.jpeg,7853,7853,0,1.0,False,False,0.4766958490696488,False,ok_edge_trimmed,False
IMG001639.jpeg,9721,9721,0,1.0,False,False,0.4463718749342921,False,ok_edge_trimmed,False
IMG001640.jpeg,13274,13274,0,1.0,False,False,0.6642749707151059,False,ok_edge_trimmed,False
IMG001641.jpeg,11933,11933,0,1.0,False,False,0.454193115234375,False,ok_edge_trimmed,False
IMG001642.jpeg,197267,197267,0,1.0,False,False,0.9391475340136054,True,almost_full_image_edge_trimmed,False
IMG001643.jpeg,5257,5257,0,1.0,False,False,0.5405982905982906,False,ok_edge_trimmed,False
IMG001644.jpeg,2610,2610,0,1.0,False,False,0.5909548085087717,True,almost_full_image_edge_trimmed,False
IMG001645.jpeg,1793,1793,0,1.0,False,False,0.5878402285023191,False,ok_edge_trimmed,False
IMG001646.jpeg,76226,76226,0,1.0,False,False,0.5942050768203073,True,almost_full_image_edge_trimmed,False
IMG001647.jpeg,30559,30559,0,1.0,False,False,0.91128841607565,True,almost_full_image_edge_trimmed,False
IMG001648.jpeg,1065,1065,0,1.0,False,False,0.4171125352775164,False,ok_edge_trimmed,False
IMG001649.jpeg,31144,31144,0,1.0,False,False,0.8560283687943262,True,almost_full_image_edge_trimmed,False
IMG001650.jpeg,16896,16896,0,1.0,False,False,0.8812813655573164,True,almost_full_image_edge_trimmed,False
IMG001651.jpeg,25469,25469,0,1.0,False,False,0.7174083333333333,False,ok_edge_trimmed,False
IMG001652.jpeg,38834,38834,0,1.0,False,False,0.6882083333333333,False,ok_edge_trimmed,False
IMG001653.jpeg,3798,3798,0,1.0,False,False,0.5214919747081712,False,ok_edge_trimmed,False
IMG001654.jpeg,2658,2658,0,1.0,False,False,0.3174002918287937,False,ok_edge_trimmed,False
IMG001655.jpeg,14870,14870,0,1.0,False,False,1.0,True,mask_safety_fallback,True
IMG001656.jpeg,4580,4580,0,1.0,False,False,0.7276992797851562,True,almost_full_image_edge_trimmed,False
IMG001657.jpeg,21661,21661,0,1.0,False,False,0.9881539980256664,True,almost_full_image_edge_trimmed,False
IMG001658.jpeg,21043,21043,0,1.0,False,False,0.690243320610687,False,ok_edge_trimmed,False
IMG001659.jpeg,17479,17479,0,1.0,False,False,0.6481445467885367,True,almost_full_image_edge_trimmed,False
IMG001660.jpeg,7472,7472,0,1.0,False,False,0.4227735525024534,False,ok_edge_trimmed,False
IMG001661.jpeg,13202,13202,0,1.0,False,False,0.6200469732555497,False,ok_edge_trimmed,False
IMG001662.jpeg,109092,109092,0,1.0,False,False,0.7424374386653582,False,ok_edge_trimmed,False
IMG001663.jpeg,93786,93786,0,1.0,False,False,1.0,True,mask_safety_fallback,True
IMG001664.jpeg,51271,51271,0,1.0,False,False,0.8502333722287048,False,ok_edge_trimmed,False
IMG001665.jpeg,4705,4705,0,1.0,False,False,0.7956349206349206,True,almost_full_image_edge_trimmed,False
IMG001666.jpeg,11731,11731,0,1.0,False,False,0.7839805825242718,False,ok_edge_trimmed,False
IMG001667.jpeg,1076,1076,0,1.0,False,False,0.9260407550943868,False,ok_edge_trimmed,False
IMG001668.jpeg,1027,1027,0,1.0,False,False,0.7642780584902772,False,ok_edge_trimmed,False
IMG001669.jpeg,2330,2330,0,1.0,False,False,0.3507029215494792,False,ok_edge_trimmed,False
IMG001670.jpeg,4900,4900,0,1.0,False,False,0.971734232677715,True,almost_full_image_edge_trimmed,False
IMG001671.jpeg,4983,4983,0,1.0,False,False,0.7088190239115345,False,ok_edge_trimmed,False
IMG001672.jpeg,5663,5663,0,1.0,False,False,0.6288343558282209,False,ok,False
IMG001673.jpeg,12170,12170,0,1.0,False,False,0.8543808425546532,False,ok_edge_trimmed,False
IMG001674.jpeg,43432,43432,0,1.0,False,False,0.8390804597701149,False,ok_edge_trimmed,False
IMG001675.jpeg,68585,68585,0,1.0,False,False,0.6518987341772152,False,ok,False
IMG001676.jpeg,14875,14875,0,1.0,False,False,0.9111664870689656,False,ok_edge_trimmed,False
IMG001677.jpeg,19078,19078,0,1.0,False,False,0.8876448675496689,False,ok_edge_trimmed,False
IMG001678.jpeg,8312,8312,0,1.0,False,False,0.8801030585106383,False,ok_edge_trimmed,False
IMG001679.jpeg,18014,18014,0,1.0,False,False,0.6320055904961566,False,ok_edge_trimmed,False
IMG001680.jpeg,18399,18399,0,1.0,False,False,0.99,True,almost_full_image_edge_trimmed,False
IMG001681.jpeg,17165,17165,0,1.0,False,False,0.7842124568997139,False,ok_edge_trimmed,False
IMG001682.jpeg,20875,20875,0,1.0,False,False,0.8550874850678097,False,ok_edge_trimmed,False
IMG001683.jpeg,10852,10852,0,1.0,False,False,0.8543808425546532,False,ok_edge_trimmed,False
IMG001684.jpeg,14891,14891,0,1.0,False,False,0.2475067468105986,False,ok_edge_trimmed,False
IMG001685.jpeg,14182,14182,0,1.0,False,False,0.1802410451422963,False,ok_edge_trimmed,False
IMG001686.jpeg,66040,66040,0,1.0,False,False,0.7772622780439684,True,almost_full_image_edge_trimmed,False
IMG001687.jpeg,85389,85389,0,1.0,False,False,0.5174029716582065,False,ok_edge_trimmed,False
IMG001688.jpeg,70081,70081,0,1.0,False,False,0.6657578521573604,False,ok_edge_trimmed,False
IMG001689.jpeg,1684,1684,0,1.0,False,False,0.5904907975460123,True,almost_full_image_edge_trimmed,False
IMG001690.jpeg,59260,59260,0,1.0,False,False,0.7004443268841927,False,ok_edge_trimmed,False
IMG001691.jpeg,69899,69899,0,1.0,False,False,0.6838377130569522,False,ok_edge_trimmed,False
IMG001692.jpeg,63413,63413,0,1.0,False,False,0.4292714586560806,False,ok_edge_trimmed,False
IMG001693.jpeg,100658,100658,0,1.0,False,False,0.6024218144848954,False,ok_edge_trimmed,False
IMG001694.jpeg,14777,14777,0,1.0,False,False,0.5739628867382172,False,ok_edge_trimmed,False
IMG001695.jpeg,200924,200924,0,1.0,False,False,0.791876530255334,False,ok_edge_trimmed,False
IMG001696.jpeg,52989,52989,0,1.0,False,False,0.8800223214285714,False,ok_edge_trimmed,False
IMG001697.jpeg,3814,3814,0,1.0,False,False,0.9089176829268292,False,ok_edge_trimmed,False
IMG001698.jpeg,17466,17466,0,1.0,False,False,0.5525950405319916,False,ok_edge_trimmed,False
IMG001699.jpeg,14425,14425,0,1.0,False,False,0.8599348534201955,False,ok,False
IMG001700.jpeg,29796,29796,0,1.0,False,False,0.4107286634460547,False,ok_edge_trimmed,False
IMG001701.jpeg,33702,33702,0,1.0,False,False,0.4678640843826103,False,ok_edge_trimmed,False
IMG001702.jpeg,140404,140404,0,1.0,False,False,0.7896800769080997,False,ok_edge_trimmed,False
IMG001703.jpeg,102534,102534,0,1.0,False,False,0.7255884558406642,True,almost_full_image_edge_trimmed,False
IMG001704.jpeg,8410,8410,0,1.0,False,False,0.660646396342628,False,ok_edge_trimmed,False
IMG001705.jpeg,15282,15282,0,1.0,False,False,0.5029520686115355,False,ok_edge_trimmed,False
IMG001706.jpeg,64701,64701,0,1.0,False,False,0.8995897435897436,True,almost_full_image_edge_trimmed,False
IMG001707.jpeg,19906,19906,0,1.0,False,False,0.6875,False,ok_edge_trimmed,False
IMG001708.jpeg,18214,18214,0,1.0,False,False,0.8654492204324231,False,ok_edge_trimmed,False
IMG001709.jpeg,7044,7044,0,1.0,False,False,0.9395605759682224,False,ok_edge_trimmed,False
IMG001710.jpeg,3156,3156,0,1.0,False,False,1.0,True,mask_safety_fallback,True
IMG001711.jpeg,65828,65828,0,1.0,False,False,0.6273415215233733,False,ok_edge_trimmed,False
IMG001712.jpeg,64489,64489,0,1.0,False,False,0.8733333333333333,False,ok_edge_trimmed,False
IMG001713.jpeg,22756,22756,0,1.0,False,False,0.5487819643549012,False,ok_edge_trimmed,False
IMG001714.jpeg,20814,20814,0,1.0,False,False,0.5793137121315347,False,ok_edge_trimmed,False
IMG001715.jpeg,22834,22834,0,1.0,False,False,0.8583218864468865,False,ok_edge_trimmed,False
IMG001716.jpeg,24349,24349,0,1.0,False,False,0.9437351543942992,False,ok_edge_trimmed,False
IMG001717.jpeg,78917,78917,0,1.0,False,False,0.6774624306606152,False,ok_edge_trimmed,False
IMG001718.jpeg,123308,123308,0,1.0,False,False,0.6547731533558305,False,ok_edge_trimmed,False
IMG001719.jpeg,1550,1550,0,1.0,False,False,1.0,True,mask_safety_fallback,True
IMG001720.jpeg,1910,1910,0,1.0,False,False,0.4849275106082036,False,ok_edge_trimmed,False
IMG001721.jpeg,6057,6057,0,1.0,False,False,0.7061659807956104,False,ok_edge_trimmed,False
IMG001722.jpeg,2785,2785,0,1.0,False,False,0.7280338541666667,False,ok_edge_trimmed,False
IMG001723.jpeg,9572,9572,0,1.0,False,False,0.5713532374855703,False,ok_edge_trimmed,False
IMG001724.jpeg,11198,11198,0,1.0,False,False,0.6542189781021898,False,ok_edge_trimmed,False
IMG001725.jpeg,7303,7303,0,1.0,False,False,0.5637203784408951,False,ok_edge_trimmed,False
IMG001726.jpeg,2149,2149,0,1.0,False,False,0.93058568329718,True,almost_full_image_edge_trimmed,False
IMG001727.jpeg,3380,3380,0,1.0,False,False,0.576194478200134,False,ok_edge_trimmed,False
IMG001728.jpeg,9520,9520,0,1.0,False,False,0.5371843743116251,False,ok_edge_trimmed,False
IMG001729.jpeg,1015,1015,0,1.0,False,False,0.5592226713320463,False,ok_edge_trimmed,False
IMG001730.jpeg,1834,1834,0,1.0,False,False,0.9583892617449664,False,ok,False
IMG001731.jpeg,6887,6887,0,1.0,False,False,0.3123493843608626,False,ok_edge_trimmed,False
IMG001732.jpeg,14390,14390,0,1.0,False,False,0.8927696078431373,True,almost_full_image_edge_trimmed,False
IMG001733.jpeg,5035,5035,0,1.0,False,False,0.8039680189517323,False,ok_edge_trimmed,False
IMG001734.jpeg,2001,2001,0,1.0,False,False,0.7385527683615819,False,ok_edge_trimmed,False
IMG001735.jpeg,17859,17859,0,1.0,False,False,0.953387868498225,False,ok_edge_trimmed,False
IMG001736.jpeg,17685,17685,0,1.0,False,False,0.6458755714569668,False,ok_edge_trimmed,False
IMG001737.jpeg,48378,48378,0,1.0,False,False,1.0,True,mask_safety_fallback,True
IMG001738.jpeg,37250,37250,0,1.0,False,False,0.6650911640953717,False,ok_edge_trimmed,False
IMG001739.jpeg,15857,15857,0,1.0,False,False,0.7187555893825516,True,almost_full_image_edge_trimmed,False
IMG001740.jpeg,2248,2248,0,1.0,False,False,0.9835841313269492,True,almost_full_image_edge_trimmed,False
IMG001741.jpeg,814,814,0,1.0,False,False,0.9835841313269492,True,almost_full_image_edge_trimmed,False
IMG001742.jpeg,14441,14441,0,1.0,False,False,0.392855227402746,False,ok_edge_trimmed,False
IMG001743.jpeg,621,621,0,1.0,False,False,0.8986783029813853,False,ok_edge_trimmed,False
IMG001744.jpeg,21443,21443,0,1.0,False,False,1.0,True,mask_safety_fallback,True
IMG001745.jpeg,11599,11599,0,1.0,False,False,0.6164735099337748,False,ok_edge_trimmed,False
IMG001746.jpeg,14926,14926,0,1.0,False,False,0.6118325745033113,False,ok_edge_trimmed,False
IMG001747.jpeg,9758,9758,0,1.0,False,False,0.537280819707401,False,ok_edge_trimmed,False
IMG001748.jpeg,4869,4869,0,1.0,False,False,0.2915543311639414,False,ok_edge_trimmed,False
IMG001749.jpeg,6935,6935,0,1.0,False,False,1.0,True,mask_safety_fallback,True
IMG001750.jpeg,14343,14343,0,1.0,False,False,1.0,True,mask_safety_fallback,True
IMG001751.jpeg,663,663,0,1.0,False,False,1.0,True,mask_safety_fallback,True
IMG001752.jpeg,1364,1364,0,1.0,False,False,0.9249536178107608,False,ok_edge_trimmed,False
IMG001753.jpeg,2148,2148,0,1.0,False,False,0.8079767827529022,False,ok,False
IMG001754.jpeg,1270,1270,0,1.0,False,False,0.5522049803729147,False,ok_edge_trimmed,False
IMG001755.jpeg,1259,1259,0,1.0,False,False,0.3118935537291462,False,ok_edge_trimmed,False
IMG001756.jpeg,2851,2851,0,1.0,False,False,1.0,True,mask_safety_fallback,True
IMG001757.jpeg,2275,2275,0,1.0,False,False,0.8273699839592751,False,ok_edge_trimmed,False
IMG001758.jpeg,38440,38440,0,1.0,False,False,0.5868643617021276,False,ok_edge_trimmed,False
IMG001759.jpeg,1919,1919,0,1.0,False,False,0.3566668855042016,False,ok_edge_trimmed,False
IMG001760.jpeg,4393,4393,0,1.0,False,False,0.8839000870069605,True,almost_full_image_edge_trimmed,False
IMG001761.jpeg,8887,8887,0,1.0,False,False,0.6917362057220708,False,ok_edge_trimmed,False
IMG001762.jpeg,39228,39228,0,1.0,False,False,0.6336,False,ok_edge_trimmed,False
IMG001763.jpeg,15079,15079,0,1.0,False,False,0.7214293882218411,False,ok_edge_trimmed,False
IMG001764.jpeg,3384,3384,0,1.0,False,False,0.7855808423913043,True,almost_full_image_edge_trimmed,False
IMG001765.jpeg,4531,4531,0,1.0,False,False,0.7010643135196283,False,ok_edge_trimmed,False
IMG001766.jpeg,5316,5316,0,1.0,False,False,0.8039680189517323,False,ok_edge_trimmed,False
IMG001767.jpeg,13157,13157,0,1.0,False,False,0.4031879690972007,False,ok_edge_trimmed,False
IMG001768.jpeg,4599,4599,0,1.0,False,False,0.2898287008073405,False,ok_edge_trimmed,False
IMG001769.jpeg,6183,6183,0,1.0,False,False,0.7614327088100686,False,ok_edge_trimmed,False
IMG001770.jpeg,86525,86525,0,1.0,False,False,0.5941691776827371,False,ok_edge_trimmed,False
IMG001771.jpeg,78918,78918,0,1.0,False,False,0.6491589108670296,False,ok_edge_trimmed,False
IMG001772.jpeg,30894,30894,0,1.0,False,False,0.6093004014756944,False,ok_edge_trimmed,False
IMG001773.jpeg,28497,28497,0,1.0,False,False,0.57275390625,False,ok_edge_trimmed,False
IMG001774.jpeg,15661,15661,0,1.0,False,False,0.6950599682896891,False,ok_edge_trimmed,False
IMG001775.jpeg,22840,22840,0,1.0,False,False,0.6698771225450082,False,ok_edge_trimmed,False
IMG001776.jpeg,217,217,0,1.0,False,False,0.4844731509625126,True,almost_full_image_edge_trimmed,False
IMG001777.jpeg,2137,2137,0,1.0,False,False,0.5418439716312057,True,almost_full_image_edge_trimmed,False
IMG001778.jpeg,3218,3218,0,1.0,False,False,0.5169370229007634,False,ok_edge_trimmed,False
IMG001779.jpeg,4555,4555,0,1.0,False,False,0.7935851475035549,False,ok_edge_trimmed,False
IMG001780.jpeg,4585,4585,0,1.0,False,False,0.6542078067733472,False,ok_edge_trimmed,False
IMG001781.jpeg,3266,3266,0,1.0,False,False,0.9013533682193396,True,almost_full_image_edge_trimmed,False
IMG001782.jpeg,15842,15842,0,1.0,False,False,1.0,True,mask_safety_fallback,True
IMG001783.jpeg,3211,3211,0,1.0,False,False,0.5778256704980843,False,ok_edge_trimmed,False
IMG001784.jpeg,746,746,0,1.0,False,False,0.6167060278902384,False,ok_edge_trimmed,False
IMG001785.jpeg,12678,12678,0,1.0,False,False,0.9447358919817128,False,ok_edge_trimmed,False
IMG001786.jpeg,571,571,0,1.0,False,False,0.8570080784136933,False,ok_edge_trimmed,False
IMG001787.jpeg,3797,3797,0,1.0,False,False,0.6292801538347206,False,ok_edge_trimmed,False
IMG001788.jpeg,11853,11853,0,1.0,False,False,0.5432983705919395,False,ok_edge_trimmed,False
IMG001789.jpeg,1887,1887,0,1.0,False,False,0.7385527683615819,False,ok_edge_trimmed,False
IMG001790.jpeg,420,420,0,1.0,False,False,0.733381473903799,False,ok_edge_trimmed,False
IMG001791.jpeg,9360,9360,0,1.0,False,False,0.4555431547619047,False,ok_edge_trimmed,False
IMG001792.jpeg,45848,45848,0,1.0,False,False,0.6108576242997199,False,ok_edge_trimmed,False
IMG001793.jpeg,76534,76534,0,1.0,False,False,0.5935488820329087,False,ok_edge_trimmed,False
IMG001794.jpeg,472,472,0,1.0,False,False,0.4486607142857143,False,ok_edge_trimmed,False
IMG001795.jpeg,38588,38588,0,1.0,False,False,0.749605298013245,False,ok_edge_trimmed,False
IMG001796.jpeg,122340,122340,0,1.0,False,False,0.8957702186512118,False,ok_edge_trimmed,False
IMG001797.jpeg,38003,38003,0,1.0,False,False,0.6102096317280453,False,ok_edge_trimmed,False
IMG001798.jpeg,1450,1450,0,1.0,False,False,0.4022718558282208,True,almost_full_image_edge_trimmed,False
IMG001799.jpeg,6121,6121,0,1.0,False,False,0.7061659807956104,False,ok_edge_trimmed,False
IMG001800.jpeg,24577,24577,0,1.0,False,False,0.4643691588785046,False,ok_edge_trimmed,False
IMG001801.jpeg,7379,7379,0,1.0,False,False,0.5147058823529411,False,ok,False
IMG001802.jpeg,6975,6975,0,1.0,False,False,0.8306480590683064,False,ok_edge_trimmed,False
IMG001803.jpeg,2505,2505,0,1.0,False,False,0.4539165103189493,False,ok_edge_trimmed,False
IMG001804.jpeg,4313,4313,0,1.0,False,False,0.2898518380943251,False,ok_edge_trimmed,False
IMG001805.jpeg,7358,7358,0,1.0,False,False,0.8819774346793349,False,ok_edge_trimmed,False
IMG001806.jpeg,21933,21933,0,1.0,False,False,0.7682422266800402,False,ok_edge_trimmed,False
IMG001807.jpeg,5093,5093,0,1.0,False,False,0.9594000400641024,False,ok_edge_trimmed,False
IMG001808.jpeg,5523,5523,0,1.0,False,False,0.9330357142857144,False,ok_edge_trimmed,False
IMG001809.jpeg,3466,3466,0,1.0,False,False,0.6558194482800945,False,ok_edge_trimmed,False
IMG001810.jpeg,48815,48815,0,1.0,False,False,0.9766627771295217,True,almost_full_image_edge_trimmed,False
IMG001811.jpeg,46916,46916,0,1.0,False,False,0.7694672131147541,False,ok_edge_trimmed,False
IMG001812.jpeg,4429,4429,0,1.0,False,False,0.6342769701606733,False,ok_edge_trimmed,False
IMG001813.jpeg,9625,9625,0,1.0,False,False,0.6626587965672737,False,ok_edge_trimmed,False
IMG001814.jpeg,70088,70088,0,1.0,False,False,0.8319817191754181,False,ok_edge_trimmed,False
IMG001815.jpeg,48121,48121,0,1.0,False,False,0.8238768961493582,False,ok_edge_trimmed,False
IMG001816.jpeg,36687,36687,0,1.0,False,False,0.5054112264554794,False,ok_edge_trimmed,False
IMG001817.jpeg,28586,28586,0,1.0,False,False,0.5890477846746576,False,ok_edge_trimmed,False
IMG001818.jpeg,9526,9526,0,1.0,False,False,0.731850846851145,False,ok_edge_trimmed,False
IMG001819.jpeg,10527,10527,0,1.0,False,False,0.7356512404580152,False,ok_edge_trimmed,False
IMG001820.jpeg,7826,7826,0,1.0,False,False,0.9911738746690204,True,almost_full_image_edge_trimmed,False
IMG001821.jpeg,33122,33122,0,1.0,False,False,0.8681965424057649,True,almost_full_image_edge_trimmed,False
IMG001822.jpeg,12743,12743,0,1.0,False,False,0.6035748388636906,False,ok_edge_trimmed,False
IMG001823.jpeg,10021,10021,0,1.0,False,False,0.687828947368421,False,ok_edge_trimmed,False
IMG001824.jpeg,7946,7946,0,1.0,False,False,0.5636810279667422,False,ok_edge_trimmed,False
IMG001825.jpeg,9322,9322,0,1.0,False,False,0.9470816188989784,True,almost_full_image_edge_trimmed,False
IMG001826.jpeg,11299,11299,0,1.0,False,False,0.9176621160409556,False,ok_edge_trimmed,False
IMG001827.jpeg,22054,22054,0,1.0,False,False,0.7112214856501973,False,ok_edge_trimmed,False
IMG001828.jpeg,25035,25035,0,1.0,False,False,0.5875941009876066,False,ok_edge_trimmed,False
IMG001829.jpeg,26928,26928,0,1.0,False,False,0.7155370348282443,False,ok_edge_trimmed,False
IMG001830.jpeg,7021,7021,0,1.0,False,False,0.4475190839694656,True,almost_full_image_edge_trimmed,False
IMG001831.jpeg,3193,3193,0,1.0,False,False,0.7254464285714286,False,ok_edge_trimmed,False
IMG001832.jpeg,6446,6446,0,1.0,False,False,0.5075597426470588,False,ok_edge_trimmed,False
IMG001833.jpeg,20641,20641,0,1.0,False,False,0.8684759916492694,False,ok,False
IMG001834.jpeg,12284,12284,0,1.0,False,False,0.6754868389194424,False,ok_edge_trimmed,False
IMG001835.jpeg,29211,29211,0,1.0,False,False,1.0,True,mask_safety_fallback,True
IMG001836.jpeg,2542,2542,0,1.0,False,False,0.7280338541666667,False,ok_edge_trimmed,False
IMG001837.jpeg,9332,9332,0,1.0,False,False,0.98828125,True,almost_full_image_edge_trimmed,False
IMG001838.jpeg,34444,34444,0,1.0,False,False,0.8620993971124861,False,ok_edge_trimmed,False
IMG001839.jpeg,11268,11268,0,1.0,False,False,0.8306564878579196,False,ok_edge_trimmed,False
IMG001840.jpeg,21298,21298,0,1.0,False,False,0.7898330241187385,False,ok_edge_trimmed,False
IMG001841.jpeg,22033,22033,0,1.0,False,False,0.9508112373737374,False,ok_edge_trimmed,False
IMG001842.jpeg,64387,64387,0,1.0,False,False,0.8742897727272727,False,ok_edge_trimmed,False
IMG001843.jpeg,11888,11888,0,1.0,False,False,0.8198187311178248,True,almost_full_image_edge_trimmed,False
IMG001844.jpeg,2060,2060,0,1.0,False,False,0.6776045939294504,False,ok_edge_trimmed,False
IMG001845.jpeg,14876,14876,0,1.0,False,False,0.7490819296234236,False,ok_edge_trimmed,False
IMG001846.jpeg,7123,7123,0,1.0,False,False,0.5108121033515581,False,ok_edge_trimmed,False
IMG001847.jpeg,37490,37490,0,1.0,False,False,0.7198417930125247,False,ok_edge_trimmed,False
IMG001848.jpeg,10251,10251,0,1.0,False,False,0.47359375,False,ok_edge_trimmed,False
IMG001849.jpeg,10260,10260,0,1.0,False,False,0.5804538690476191,False,ok_edge_trimmed,False
IMG001850.jpeg,17655,17655,0,1.0,False,False,0.7760078828828829,True,almost_full_image_edge_trimmed,False
IMG001851.jpeg,11334,11334,0,1.0,False,False,0.5841936383928571,False,ok_edge_trimmed,False
IMG001852.jpeg,7155,7155,0,1.0,False,False,0.97265625,True,almost_full_image_edge_trimmed,False
IMG001853.jpeg,24670,24670,0,1.0,False,False,0.7283354922279792,False,ok_edge_trimmed,False
IMG001854.jpeg,19942,19942,0,1.0,False,False,0.7636873920552677,True,almost_full_image_edge_trimmed,False
IMG001855.jpeg,8918,8918,0,1.0,False,False,0.9355505811195446,True,almost_full_image_edge_trimmed,False
IMG001856.jpeg,11191,11191,0,1.0,False,False,0.724533377918288,False,ok_edge_trimmed,False
IMG001857.jpeg,2918,2918,0,1.0,False,False,0.7092631798664122,False,ok_edge_trimmed,False
IMG001858.jpeg,49154,49154,0,1.0,False,False,0.5063998389790076,False,ok_edge_trimmed,False
IMG001859.jpeg,8445,8445,0,1.0,False,False,0.694438244047619,False,ok_edge_trimmed,False
IMG001860.jpeg,7915,7915,0,1.0,False,False,0.7413037185189084,False,ok_edge_trimmed,False
IMG001861.jpeg,79540,79540,0,1.0,False,False,0.6871219758064516,False,ok_edge_trimmed,False
IMG001862.jpeg,40772,40772,0,1.0,False,False,0.515817328098472,False,ok_edge_trimmed,False
IMG001863.jpeg,25008,25008,0,1.0,False,False,0.4834597835314091,False,ok_edge_trimmed,False
IMG001864.jpeg,43693,43693,0,1.0,False,False,0.5843391871816639,False,ok_edge_trimmed,False
IMG001865.jpeg,77711,77711,0,1.0,False,False,0.9092499337397296,False,ok_edge_trimmed,False
IMG001866.jpeg,49879,49879,0,1.0,False,False,0.9285432454172134,False,ok_edge_trimmed,False
IMG001867.jpeg,53766,53766,0,1.0,False,False,0.823076923076923,False,ok,False
IMG001868.jpeg,0,0,0,1.0,False,False,0.6278026905829597,False,ok_edge_trimmed,False
IMG001869.jpeg,0,0,0,1.0,False,False,0.5805970149253732,False,ok_edge_trimmed,False
IMG001870.jpeg,0,0,0,1.0,False,False,0.6573770491803279,False,ok_edge_trimmed,False
IMG001871.jpeg,0,0,0,1.0,False,False,0.856807054634472,False,ok,False
IMG001872.jpeg,0,0,0,1.0,False,False,0.6967479674796748,False,ok,False
IMG001873.jpeg,0,0,0,1.0,False,False,0.7619924593967518,False,ok_edge_trimmed,False
IMG001874.jpeg,0,0,0,1.0,False,False,0.6292517006802721,False,ok_edge_trimmed,False
IMG001875.jpeg,0,0,0,1.0,False,False,1.0,True,almost_full_image,False
IMG001876.jpeg,0,0,0,1.0,False,False,0.9190207156308852,False,ok,False
IMG001877.jpeg,0,0,0,1.0,False,False,1.0,True,almost_full_image,False
IMG001878.jpeg,0,0,0,1.0,False,False,0.7316692667706708,False,ok,False
IMG001879.jpeg,0,0,0,1.0,False,False,0.8461727316748655,False,ok,False
IMG001880.jpeg,0,0,0,1.0,False,False,0.4568965517241379,False,ok,False
IMG001881.jpeg,0,0,0,1.0,False,False,0.625,False,ok,False
IMG001882.jpeg,0,0,0,1.0,False,False,0.7246376811594203,False,ok_edge_trimmed,False
IMG001883.jpeg,0,0,0,1.0,False,False,0.4552145232513765,False,ok_edge_trimmed,False
IMG001884.jpeg,0,0,0,1.0,False,False,0.6243576846307385,False,ok_edge_trimmed,False
IMG001885.jpeg,0,0,0,1.0,False,False,0.6579335968379446,False,ok_edge_trimmed,False
IMG001886.jpeg,0,0,0,1.0,False,False,0.9128384102220184,True,almost_full_image_edge_trimmed,False
IMG001887.jpeg,0,0,0,1.0,False,False,0.4794118804865567,False,ok_edge_trimmed,False
IMG001888.jpeg,0,0,0,1.0,False,False,0.6214736434608684,False,ok_edge_trimmed,False
IMG001889.jpeg,0,0,0,1.0,False,False,0.6998056283950174,False,ok_edge_trimmed,False
IMG001890.jpeg,0,0,0,1.0,False,False,0.6661490525717841,False,ok_edge_trimmed,False
IMG001891.jpeg,0,0,0,1.0,False,False,0.8897530624149329,True,almost_full_image_edge_trimmed,False
IMG001892.jpeg,0,0,0,1.0,False,False,0.91094489883771,True,almost_full_image_edge_trimmed,False
IMG001893.jpeg,0,0,0,1.0,False,False,1.0,True,almost_full_image,False
IMG001894.jpeg,0,0,0,1.0,False,False,1.0,True,almost_full_image,False
IMG001895.jpeg,0,0,0,1.0,False,False,1.0,True,almost_full_image,False
IMG001896.jpeg,0,0,0,1.0,False,False,0.4702952003856093,False,ok_edge_trimmed,False
IMG001897.jpeg,0,0,0,1.0,False,False,0.7319959309457559,False,ok_edge_trimmed,False
IMG001898.jpeg,0,0,0,1.0,False,False,0.3619042826927715,False,ok,False
IMG001899.jpeg,0,0,0,1.0,False,False,0.5807828056682295,False,ok_edge_trimmed,False
IMG001900.jpeg,0,0,0,1.0,False,False,0.6278877887788779,False,ok,False
IMG001901.jpeg,0,0,0,1.0,False,False,0.6238670694864048,False,ok_edge_trimmed,False
IMG001902.jpeg,0,0,0,1.0,False,False,0.4005428116717223,False,ok_edge_trimmed,False
IMG001903.jpeg,0,0,0,1.0,False,False,0.8543650793650793,False,ok,False
IMG001904.jpeg,0,0,0,1.0,False,False,0.5395784848728031,False,ok,False
IMG001905.jpeg,0,0,0,1.0,False,False,0.9823113207547168,True,almost_full_image_edge_trimmed,False
IMG001906.jpeg,0,0,0,1.0,False,False,0.8997641509433962,True,almost_full_image_edge_trimmed,False
IMG001907.jpeg,0,0,0,1.0,False,False,0.7594840667678301,False,ok,False
IMG001908.jpeg,0,0,0,1.0,False,False,0.7869940278699403,False,ok,False
IMG001909.jpeg,0,0,0,1.0,False,False,0.9482639328984156,True,almost_full_image_edge_trimmed,False
IMG001910.jpeg,0,0,0,1.0,False,False,0.881134049509575,True,almost_full_image_edge_trimmed,False
IMG001911.jpeg,0,0,0,1.0,False,False,0.9826756496631376,True,almost_full_image_edge_trimmed,False
IMG001912.jpeg,0,0,0,1.0,False,False,0.8350705088902514,False,ok,False
IMG001913.jpeg,0,0,0,1.0,False,False,0.6760927797394375,False,ok_edge_trimmed,False
IMG001914.jpeg,0,0,0,1.0,False,False,0.6241971444121569,False,ok_edge_trimmed,False
IMG001915.jpeg,0,0,0,1.0,False,False,0.7471204188481675,False,ok,False
IMG001916.jpeg,0,0,0,1.0,False,False,0.8281710914454278,False,ok,False
IMG001917.jpeg,0,0,0,1.0,False,False,0.6289222373806276,False,ok,False
IMG001918.jpeg,0,0,0,1.0,False,False,0.7465437788018433,False,ok,False
IMG001919.jpeg,0,0,0,1.0,False,False,0.7711814545454545,True,almost_full_image_edge_trimmed,False
IMG001920.jpeg,0,0,0,1.0,False,False,0.8876157589075498,True,almost_full_image_edge_trimmed,False
IMG001921.jpeg,0,0,0,1.0,False,False,0.896782700421941,True,almost_full_image_edge_trimmed,False
IMG001922.jpeg,0,0,0,1.0,False,False,0.893522906793049,True,almost_full_image_edge_trimmed,False
IMG001923.jpeg,0,0,0,1.0,False,False,0.5903641873236906,False,ok,False
IMG001924.jpeg,0,0,0,1.0,False,False,0.387307227114168,False,ok_edge_trimmed,False
IMG001925.jpeg,0,0,0,1.0,False,False,0.5402319586085478,False,ok_edge_trimmed,False
IMG001926.jpeg,0,0,0,1.0,False,False,0.8375959079283888,False,ok,False
IMG001927.jpeg,0,0,0,1.0,False,False,0.6650050523997821,False,ok,False
IMG001928.jpeg,0,0,0,1.0,False,False,0.5302369021319395,False,ok_edge_trimmed,False
IMG001929.jpeg,0,0,0,1.0,False,False,0.4948570073275162,False,ok_edge_trimmed,False
IMG001930.jpeg,0,0,0,1.0,False,False,0.5848152803889068,False,ok_edge_trimmed,False
IMG001931.jpeg,0,0,0,1.0,False,False,0.570315211645156,False,ok_edge_trimmed,False
IMG001932.jpeg,0,0,0,1.0,False,False,0.8223270440251572,False,ok,False
IMG001933.jpeg,0,0,0,1.0,False,False,0.6224749074677747,False,ok_edge_trimmed,False
IMG001934.jpeg,0,0,0,1.0,False,False,0.6781002638522428,False,ok,False
IMG001935.jpeg,0,0,0,1.0,False,False,0.8152278844734182,True,almost_full_image_edge_trimmed,False
IMG001936.jpeg,0,0,0,1.0,False,False,0.9102761076066244,True,almost_full_image_edge_trimmed,False
IMG001937.jpeg,0,0,0,1.0,False,False,0.3638836066383483,False,ok_edge_trimmed,False
IMG001938.jpeg,0,0,0,1.0,False,False,1.0,True,almost_full_image,False
IMG001939.jpeg,0,0,0,1.0,False,False,0.8559213339033775,False,ok,False
IMG001940.jpeg,0,0,0,1.0,False,False,0.8442622950819673,False,ok,False
IMG001941.jpeg,0,0,0,1.0,False,False,0.4638836838140867,False,ok_edge_trimmed,False
IMG001942.jpeg,0,0,0,1.0,False,False,0.3493771403404788,False,ok_edge_trimmed,False
IMG001943.jpeg,0,0,0,1.0,False,False,0.4270704707102637,False,ok_edge_trimmed,False
IMG001944.jpeg,0,0,0,1.0,False,False,0.52742976,False,ok_edge_trimmed,False
IMG001945.jpeg,0,0,0,1.0,False,False,0.6256,False,ok_edge_trimmed,False
IMG001946.jpeg,0,0,0,1.0,False,False,0.8020344287949922,False,ok,False
IMG001947.jpeg,0,0,0,1.0,False,False,0.7355958958168903,False,ok,False
IMG001948.jpeg,0,0,0,1.0,False,False,0.6478003557744937,False,ok_edge_trimmed,False
IMG001949.jpeg,0,0,0,1.0,False,False,0.5020706639191838,False,ok_edge_trimmed,False
IMG001950.jpeg,0,0,0,1.0,False,False,0.463392229254571,False,ok_edge_trimmed,False
IMG001951.jpeg,0,0,0,1.0,False,False,0.5737271535186415,False,ok_edge_trimmed,False
IMG001952.jpeg,0,0,0,1.0,False,False,0.3885010151928866,False,ok_edge_trimmed,False
IMG001953.jpeg,0,0,0,1.0,False,False,0.9124137680788212,True,almost_full_image_edge_trimmed,False
IMG001954.jpeg,0,0,0,1.0,False,False,0.4299469024229659,False,ok_edge_trimmed,False
IMG001955.jpeg,0,0,0,1.0,False,False,0.1795184088610485,False,ok_edge_trimmed,False
IMG001956.jpeg,0,0,0,1.0,False,False,0.2341246747062849,False,ok_edge_trimmed,False
IMG001957.jpeg,0,0,0,1.0,False,False,0.5168409605088601,False,ok_edge_trimmed,False
IMG001958.jpeg,0,0,0,1.0,False,False,0.5114520904996631,False,ok_edge_trimmed,False
IMG001959.jpeg,0,0,0,1.0,False,False,1.0,True,almost_full_image,False
IMG001960.jpeg,0,0,0,1.0,False,False,0.6349558567277155,False,ok_edge_trimmed,False
IMG001961.jpeg,0,0,0,1.0,False,False,0.5918827895402965,False,ok_edge_trimmed,False
IMG001962.jpeg,0,0,0,1.0,False,False,0.3159942775393419,False,ok_edge_trimmed,False
IMG001963.jpeg,0,0,0,1.0,False,False,0.946031746031746,False,ok,False
IMG001964.jpeg,0,0,0,1.0,False,False,0.5994968399091858,False,ok_edge_trimmed,False
IMG001965.jpeg,0,0,0,1.0,False,False,0.9035616438356164,False,ok_edge_trimmed,False
IMG001966.jpeg,0,0,0,1.0,False,False,0.5715775011821299,False,ok_edge_trimmed,False
IMG001967.jpeg,0,0,0,1.0,False,False,0.8923141891891891,False,ok,False
IMG001968.jpeg,0,0,0,1.0,False,False,0.5292784499729717,False,ok_edge_trimmed,False
IMG001969.jpeg,0,0,0,1.0,False,False,0.5319095403879348,False,ok_edge_trimmed,False
IMG001970.jpeg,0,0,0,1.0,False,False,0.6123085023872716,False,ok_edge_trimmed,False
IMG001971.jpeg,0,0,0,1.0,False,False,0.5917050295005984,False,ok_edge_trimmed,False
IMG001972.jpeg,0,0,0,1.0,False,False,0.6966634553628773,False,ok_edge_trimmed,False
IMG001973.jpeg,0,0,0,1.0,False,False,0.5740054709586713,False,ok_edge_trimmed,False
IMG001974.jpeg,0,0,0,1.0,False,False,0.6346919924923048,False,ok_edge_trimmed,False
IMG001975.jpeg,0,0,0,1.0,False,False,0.803779705156477,False,ok_edge_trimmed,False
IMG001976.jpeg,0,0,0,1.0,False,False,0.7474288280084085,False,ok_edge_trimmed,False
IMG001977.jpeg,0,0,0,1.0,False,False,0.4448529814378799,False,ok_edge_trimmed,False
IMG001978.jpeg,0,0,0,1.0,False,False,0.3722165563139544,False,ok_edge_trimmed,False
IMG001979.jpeg,0,0,0,1.0,False,False,0.5618939633326517,False,ok_edge_trimmed,False
IMG001980.jpeg,0,0,0,1.0,False,False,0.5973732727851093,False,ok_edge_trimmed,False
IMG001981.jpeg,0,0,0,1.0,False,False,0.8017403849903167,False,ok_edge_trimmed,False
IMG001982.jpeg,0,0,0,1.0,False,False,0.6090410028907445,False,ok_edge_trimmed,False
IMG001983.jpeg,0,0,0,1.0,False,False,0.657843137254902,False,ok_edge_trimmed,False
IMG001984.jpeg,0,0,0,1.0,False,False,0.8852526926263463,False,ok,False
IMG001985.jpeg,0,0,0,1.0,False,False,0.413226848528356,False,ok_edge_trimmed,False
IMG001986.jpeg,0,0,0,1.0,False,False,0.7479071787079445,False,ok_edge_trimmed,False
IMG001987.jpeg,0,0,0,1.0,False,False,0.5879134353174009,False,ok_edge_trimmed,False
IMG001988.jpeg,0,0,0,1.0,False,False,0.8546460909399997,True,almost_full_image_edge_trimmed,False
IMG001989.jpeg,0,0,0,1.0,False,False,1.0,True,almost_full_image,False
IMG001990.jpeg,0,0,0,1.0,False,False,0.9072398190045248,False,ok,False
IMG001991.jpeg,0,0,0,1.0,False,False,0.8190524193548387,False,ok,False
IMG001992.jpeg,0,0,0,1.0,False,False,0.9620535714285714,False,ok,False
IMG001993.jpeg,0,0,0,1.0,False,False,0.7557410417936734,False,ok_edge_trimmed,False
IMG001994.jpeg,0,0,0,1.0,False,False,0.6475374607997229,False,ok_edge_trimmed,False
IMG001995.jpeg,0,0,0,1.0,False,False,0.4470651066895198,False,ok_edge_trimmed,False
IMG001996.jpeg,0,0,0,1.0,False,False,0.545968956830979,False,ok_edge_trimmed,False
IMG001997.jpeg,0,0,0,1.0,False,False,0.5463111026046297,False,ok_edge_trimmed,False
IMG001998.jpeg,0,0,0,1.0,False,False,0.558396308735882,False,ok_edge_trimmed,False
IMG001999.jpeg,0,0,0,1.0,False,False,0.5920876053465027,False,ok_edge_trimmed,False
IMG002000.jpeg,0,0,0,1.0,False,False,0.3792554595376953,False,ok_edge_trimmed,False
IMG002001.jpeg,0,0,0,1.0,False,False,0.6227145691329975,False,ok_edge_trimmed,False
IMG002002.jpeg,0,0,0,1.0,False,False,0.672562893081761,False,ok_edge_trimmed,False
IMG002003.jpeg,0,0,0,1.0,False,False,0.6474056603773585,False,ok_edge_trimmed,False
IMG002004.jpeg,0,0,0,1.0,False,False,0.5613207547169812,False,ok_edge_trimmed,False
IMG002005.jpeg,0,0,0,1.0,False,False,0.6808176100628931,False,ok,False
IMG002006.jpeg,0,0,0,1.0,False,False,0.7920597484276729,False,ok_edge_trimmed,False
IMG002007.jpeg,0,0,0,1.0,False,False,0.8567618294971846,True,almost_full_image_edge_trimmed,False
IMG002008.jpeg,0,0,0,1.0,False,False,0.9214195183776932,False,ok,False
IMG002009.jpeg,0,0,0,1.0,False,False,0.8420494699646643,False,ok,False
IMG002010.jpeg,0,0,0,1.0,False,False,0.7866525422337401,False,ok_edge_trimmed,False
IMG002011.jpeg,0,0,0,1.0,False,False,0.716100870305082,False,ok_edge_trimmed,False
IMG002012.jpeg,0,0,0,1.0,False,False,0.7447996644295302,False,ok_edge_trimmed,False
IMG002013.jpeg,0,0,0,1.0,False,False,0.7973958168331394,False,ok_edge_trimmed,False
IMG002014.jpeg,0,0,0,1.0,False,False,0.7616402524414394,False,ok_edge_trimmed,False
IMG002015.jpeg,0,0,0,1.0,False,False,0.646449459280512,False,ok_edge_trimmed,False
IMG002016.jpeg,0,0,0,1.0,False,False,0.4292495189223861,False,ok_edge_trimmed,False
IMG002017.jpeg,0,0,0,1.0,False,False,0.7039091367995962,False,ok_edge_trimmed,False
IMG002018.jpeg,0,0,0,1.0,False,False,0.4853921066119938,False,ok_edge_trimmed,False
IMG002019.jpeg,0,0,0,1.0,False,False,0.5173337077074266,False,ok_edge_trimmed,False
IMG002020.jpeg,0,0,0,1.0,False,False,0.5339648685624939,False,ok_edge_trimmed,False
IMG002021.jpeg,0,0,0,1.0,False,False,0.8717514407137931,False,ok_edge_trimmed,False
IMG002022.jpeg,0,0,0,1.0,False,False,0.8539007092198582,False,ok,False
IMG002023.jpeg,0,0,0,1.0,False,False,0.6617532971295578,False,ok,False
IMG002024.jpeg,0,0,0,1.0,False,False,0.7767452222204542,False,ok,False
IMG002025.jpeg,0,0,0,1.0,False,False,0.7685891877300731,False,ok_edge_trimmed,False
IMG002026.jpeg,0,0,0,1.0,False,False,0.5762365920602438,False,ok,False
IMG002027.jpeg,0,0,0,1.0,False,False,0.5248137501386475,False,ok,False
IMG002028.jpeg,0,0,0,1.0,False,False,0.2367048069165925,False,ok_edge_trimmed,False
IMG002029.jpeg,0,0,0,1.0,False,False,0.3404903540617077,False,ok_edge_trimmed,False
IMG002030.jpeg,0,0,0,1.0,False,False,0.4317406896551724,False,ok_edge_trimmed,False
IMG002031.jpeg,0,0,0,1.0,False,False,0.523523023169306,False,ok_edge_trimmed,False
IMG002032.jpeg,0,0,0,1.0,False,False,0.7558071038053276,False,ok_edge_trimmed,False
IMG002033.jpeg,0,0,0,1.0,False,False,0.5422008547008547,False,ok,False
IMG002034.jpeg,0,0,0,1.0,False,False,0.5874741200828157,False,ok,False
IMG002035.jpeg,0,0,0,1.0,False,False,0.7847451721709477,False,ok_edge_trimmed,False
IMG002036.jpeg,0,0,0,1.0,False,False,0.7737373737373737,False,ok_edge_trimmed,False
IMG002037.jpeg,0,0,0,1.0,False,False,0.7139038285921782,False,ok_edge_trimmed,False
IMG002038.jpeg,0,0,0,1.0,False,False,0.9316239316239316,False,ok,False
IMG002039.jpeg,0,0,0,1.0,False,False,0.6728881780742741,False,ok_edge_trimmed,False
IMG002040.jpeg,0,0,0,1.0,False,False,0.1917251144258948,False,ok_edge_trimmed,False
IMG002041.jpeg,0,0,0,1.0,False,False,0.5057600112367875,False,ok_edge_trimmed,False
IMG002042.jpeg,0,0,0,1.0,False,False,0.8880573631828509,False,ok_edge_trimmed,False
IMG002043.jpeg,0,0,0,1.0,False,False,0.5842236841022095,False,ok_edge_trimmed,False
IMG002044.jpeg,0,0,0,1.0,False,False,0.214658142349106,False,ok_edge_trimmed,False
IMG002045.jpeg,0,0,0,1.0,False,False,0.9140058677499436,True,almost_full_image_edge_trimmed,False
IMG002046.jpeg,0,0,0,1.0,False,False,0.8033198064974666,False,ok_edge_trimmed,False
IMG002047.jpeg,0,0,0,1.0,False,False,0.4104991675310349,False,ok_edge_trimmed,False
IMG002048.jpeg,0,0,0,1.0,False,False,0.3794195854909095,False,ok,False
IMG002049.jpeg,0,0,0,1.0,False,False,0.6157754624190369,False,ok,False
IMG002050.jpeg,0,0,0,1.0,False,False,0.9740509106868552,True,almost_full_image_edge_trimmed,False
IMG002051.jpeg,0,0,0,1.0,False,False,0.5217730436573473,False,ok_edge_trimmed,False
IMG002052.jpeg,0,0,0,1.0,False,False,1.0,True,almost_full_image,False
IMG002053.jpeg,0,0,0,1.0,False,False,0.8010592270419252,False,ok_edge_trimmed,False
IMG002054.jpeg,0,0,0,1.0,False,False,0.4665168637599586,False,ok_edge_trimmed,False
IMG002055.jpeg,0,0,0,1.0,False,False,0.8662737987307344,False,ok,False
IMG002056.jpeg,0,0,0,1.0,False,False,0.7522216414009409,False,ok,False
IMG002057.jpeg,0,0,0,1.0,False,False,0.8001345895020189,False,ok,False
IMG002058.jpeg,0,0,0,1.0,False,False,0.7469073241176521,False,ok_edge_trimmed,False
IMG002059.jpeg,0,0,0,1.0,False,False,0.7201213664951203,False,ok_edge_trimmed,False
IMG002060.jpeg,0,0,0,1.0,False,False,0.9476470588235294,False,ok,False
IMG002061.jpeg,0,0,0,1.0,False,False,0.7993439704248032,False,ok_edge_trimmed,False
IMG002062.jpeg,0,0,0,1.0,False,False,0.7663167792764819,False,ok,False
IMG002063.jpeg,0,0,0,1.0,False,False,0.8782523318605793,False,ok,False
IMG002064.jpeg,0,0,0,1.0,False,False,0.7850162866449512,False,ok,False
IMG002065.jpeg,0,0,0,1.0,False,False,0.8301207645954757,True,almost_full_image_edge_trimmed,False
IMG002066.jpeg,0,0,0,1.0,False,False,0.6143898794823669,False,ok_edge_trimmed,False
IMG002067.jpeg,0,0,0,1.0,False,False,0.3100488985478613,False,ok_edge_trimmed,False
IMG002068.jpeg,0,0,0,1.0,False,False,0.3882912056702559,False,ok_edge_trimmed,False
IMG002069.jpeg,0,0,0,1.0,False,False,0.2648410231239092,False,ok_edge_trimmed,False
IMG002070.jpeg,0,0,0,1.0,False,False,0.5738450907998288,False,ok_edge_trimmed,False
IMG002071.jpeg,0,0,0,1.0,False,False,0.7881076173970455,True,almost_full_image_edge_trimmed,False
IMG002072.jpeg,0,0,0,1.0,False,False,0.8906780598418229,True,almost_full_image_edge_trimmed,False
IMG002073.jpeg,0,0,0,1.0,False,False,0.665571376146789,False,ok_edge_trimmed,False
IMG002074.jpeg,0,0,0,1.0,False,False,0.628984554715741,False,ok_edge_trimmed,False
IMG002075.jpeg,0,0,0,1.0,False,False,0.6591359861591696,False,ok_edge_trimmed,False
IMG002076.jpeg,0,0,0,1.0,False,False,0.7517418685121108,False,ok_edge_trimmed,False
IMG002077.jpeg,0,0,0,1.0,False,False,1.0,True,almost_full_image,False
IMG002078.jpeg,0,0,0,1.0,False,False,0.7501231607153378,False,ok,False
IMG002079.jpeg,0,0,0,1.0,False,False,0.6656676600590223,False,ok,False
IMG002080.jpeg,0,0,0,1.0,False,False,0.8840155945419104,False,ok,False
IMG002081.jpeg,0,0,0,1.0,False,False,0.6758943781942078,False,ok_edge_trimmed,False
IMG002082.jpeg,0,0,0,1.0,False,False,0.7176640926640927,False,ok_edge_trimmed,False
IMG002083.jpeg,0,0,0,1.0,False,False,0.4657348702322695,False,ok_edge_trimmed,False
IMG002084.jpeg,0,0,0,1.0,False,False,0.3970567426064808,False,ok_edge_trimmed,False
IMG002085.jpeg,0,0,0,1.0,False,False,0.525620707871104,False,ok,False
IMG002086.jpeg,0,0,0,1.0,False,False,1.0,True,almost_full_image,False
IMG002087.jpeg,0,0,0,1.0,False,False,0.6325748968399967,False,ok_edge_trimmed,False
IMG002088.jpeg,0,0,0,1.0,False,False,0.9793032080027596,True,almost_full_image_edge_trimmed,False
IMG002089.jpeg,0,0,0,1.0,False,False,0.5865620811451019,False,ok_edge_trimmed,False
IMG002090.jpeg,0,0,0,1.0,False,False,0.8276170418366453,False,ok_edge_trimmed,False
IMG002091.jpeg,0,0,0,1.0,False,False,0.6498002050784307,False,ok_edge_trimmed,False
IMG002092.jpeg,0,0,0,1.0,False,False,0.7479506913273295,False,ok_edge_trimmed,False
IMG002093.jpeg,0,0,0,1.0,False,False,0.7875124626121635,False,ok_edge_trimmed,False
IMG002094.jpeg,0,0,0,1.0,False,False,0.6953851158631238,False,ok_edge_trimmed,False
IMG002095.jpeg,0,0,0,1.0,False,False,0.601141300973673,False,ok_edge_trimmed,False
IMG002096.jpeg,0,0,0,1.0,False,False,0.4725404525615405,False,ok_edge_trimmed,False
IMG002097.jpeg,0,0,0,1.0,False,False,0.60392716136774,False,ok_edge_trimmed,False
IMG002098.jpeg,0,0,0,1.0,False,False,0.5868982584304732,False,ok_edge_trimmed,False
IMG002099.jpeg,0,0,0,1.0,False,False,0.6875061533239654,False,ok_edge_trimmed,False
IMG002100.jpeg,0,0,0,1.0,False,False,0.3690215033235565,False,ok_edge_trimmed,False
IMG002101.jpeg,0,0,0,1.0,False,False,0.7172456575682382,False,ok_edge_trimmed,False
IMG002102.jpeg,0,0,0,1.0,False,False,0.5582205563042827,False,ok_edge_trimmed,False
IMG002103.jpeg,0,0,0,1.0,False,False,0.6736710153507355,False,ok_edge_trimmed,False
IMG002104.jpeg,0,0,0,1.0,False,False,0.33372725967257,False,ok_edge_trimmed,False
IMG002105.jpeg,0,0,0,1.0,False,False,0.3675186066246539,False,ok_edge_trimmed,False
IMG002106.jpeg,0,0,0,1.0,False,False,0.4825625948045256,False,ok_edge_trimmed,False
IMG002107.jpeg,0,0,0,1.0,False,False,0.2707324818896556,False,ok_edge_trimmed,False
IMG002108.jpeg,0,0,0,1.0,False,False,0.3750128746523843,False,ok_edge_trimmed,False
IMG002109.jpeg,0,0,0,1.0,False,False,0.8981810688281358,False,ok_edge_trimmed,False
IMG002110.jpeg,0,0,0,1.0,False,False,0.531921043279191,False,ok_edge_trimmed,False
IMG002111.jpeg,0,0,0,1.0,False,False,0.601721236282403,False,ok_edge_trimmed,False
IMG002112.jpeg,0,0,0,1.0,False,False,0.7032072909809085,False,ok_edge_trimmed,False
IMG002113.jpeg,0,0,0,1.0,False,False,0.7263082521632733,False,ok_edge_trimmed,False
IMG002114.jpeg,0,0,0,1.0,False,False,0.6796702725401029,False,ok_edge_trimmed,False
IMG002115.jpeg,0,0,0,1.0,False,False,0.2937516754534894,False,ok_edge_trimmed,False
IMG002116.jpeg,0,0,0,1.0,False,False,0.6117766514088255,False,ok_edge_trimmed,False
IMG002117.jpeg,0,0,0,1.0,False,False,0.4522447105928407,False,ok_edge_trimmed,False
IMG002118.jpeg,0,0,0,1.0,False,False,0.708499204059893,False,ok_edge_trimmed,False
IMG002119.jpeg,0,0,0,1.0,False,False,0.5210420175401229,False,ok_edge_trimmed,False
IMG002120.jpeg,0,0,0,1.0,False,False,0.6530198697862919,False,ok_edge_trimmed,False
IMG002121.jpeg,0,0,0,1.0,False,False,0.6855081178592904,False,ok,False
IMG002122.jpeg,0,0,0,1.0,False,False,0.5847589424572317,False,ok,False
IMG002123.jpeg,0,0,0,1.0,False,False,0.8595375722543352,False,ok,False
IMG002124.jpeg,0,0,0,1.0,False,False,0.8275441803778184,False,ok,False
IMG002125.jpeg,0,0,0,1.0,False,False,0.8809366754617414,False,ok,False
IMG002126.jpeg,0,0,0,1.0,False,False,0.773015873015873,False,ok,False
IMG002127.jpeg,0,0,0,1.0,False,False,0.8156325213094717,False,ok_edge_trimmed,False
IMG002128.jpeg,0,0,0,1.0,False,False,0.5054076539101497,False,ok,False
IMG002129.jpeg,0,0,0,1.0,False,False,0.8103174603174603,False,ok,False
IMG002130.jpeg,0,0,0,1.0,False,False,0.7806763285024154,False,ok,False
IMG002131.jpeg,0,0,0,1.0,False,False,0.7447698744769874,False,ok_edge_trimmed,False
IMG002132.jpeg,0,0,0,1.0,False,False,0.7158294621711013,False,ok_edge_trimmed,False
IMG002133.jpeg,0,0,0,1.0,False,False,0.745157124408093,False,ok_edge_trimmed,False
IMG002134.jpeg,0,0,0,1.0,False,False,0.74701099952176,False,ok,False
IMG002135.jpeg,0,0,0,1.0,False,False,0.5384615384615384,False,ok,False
IMG002136.jpeg,0,0,0,1.0,False,False,0.5304172159924156,False,ok_edge_trimmed,False
IMG002137.jpeg,0,0,0,1.0,False,False,0.7277700245412205,False,ok_edge_trimmed,False
IMG002138.jpeg,0,0,0,1.0,False,False,0.3180899462733079,False,ok_edge_trimmed,False
IMG002139.jpeg,0,0,0,1.0,False,False,0.5613761658031088,False,ok_edge_trimmed,False
IMG002140.jpeg,0,0,0,1.0,False,False,0.358832,False,ok_edge_trimmed,False
IMG002141.jpeg,0,0,0,1.0,False,False,0.26144768,False,ok_edge_trimmed,False
IMG002142.jpeg,0,0,0,1.0,False,False,0.4814307692307692,False,ok_edge_trimmed,False
IMG002143.jpeg,0,0,0,1.0,False,False,0.3123671497584541,False,ok_edge_trimmed,False
IMG002144.jpeg,0,0,0,1.0,False,False,0.948291687215738,True,almost_full_image_edge_trimmed,False
IMG002145.jpeg,0,0,0,1.0,False,False,0.5335794050124206,False,ok_edge_trimmed,False
IMG002146.jpeg,0,0,0,1.0,False,False,0.4894179894179894,False,ok,False
IMG002147.jpeg,0,0,0,1.0,False,False,0.8110192837465565,False,ok_edge_trimmed,False
IMG002148.jpeg,0,0,0,1.0,False,False,0.7537942664418212,False,ok,False
IMG002149.jpeg,0,0,0,1.0,False,False,0.6198075775403296,False,ok_edge_trimmed,False
IMG002150.jpeg,0,0,0,1.0,False,False,0.4672714857087113,False,ok_edge_trimmed,False
IMG002151.jpeg,0,0,0,1.0,False,False,0.5484173462164323,False,ok_edge_trimmed,False
IMG002152.jpeg,0,0,0,1.0,False,False,0.7014341590612777,False,ok_edge_trimmed,False
IMG002153.jpeg,0,0,0,1.0,False,False,0.608499095840868,False,ok_edge_trimmed,False
IMG002154.jpeg,0,0,0,1.0,False,False,0.6926369863013698,False,ok_edge_trimmed,False
IMG002155.jpeg,0,0,0,1.0,False,False,0.9551820728291316,True,almost_full_image_edge_trimmed,False
IMG002156.jpeg,0,0,0,1.0,False,False,0.629601226993865,False,ok_edge_trimmed,False
IMG002157.jpeg,0,0,0,1.0,False,False,0.9703327227754752,False,ok,False
IMG002158.jpeg,0,0,0,1.0,False,False,0.781957773512476,False,ok,False
IMG002159.jpeg,0,0,0,1.0,False,False,0.8232541837565185,False,ok_edge_trimmed,False
IMG002160.jpeg,0,0,0,1.0,False,False,0.7764198109816101,False,ok_edge_trimmed,False
IMG002161.jpeg,0,0,0,1.0,False,False,0.4716570807611888,False,ok,False
IMG002162.jpeg,0,0,0,1.0,False,False,0.767116175811111,False,ok_edge_trimmed,False
IMG002163.jpeg,0,0,0,1.0,False,False,0.4919806356964424,False,ok_edge_trimmed,False
IMG002164.jpeg,0,0,0,1.0,False,False,0.6850838898996106,False,ok,False
IMG002165.jpeg,0,0,0,1.0,False,False,0.5739001833737362,False,ok,False
IMG002166.jpeg,0,0,0,1.0,False,False,0.6478003557744937,False,ok_edge_trimmed,False
IMG002167.jpeg,0,0,0,1.0,False,False,0.5737271535186415,False,ok_edge_trimmed,False
IMG002168.jpeg,0,0,0,1.0,False,False,0.3885010151928866,False,ok_edge_trimmed,False
IMG002169.jpeg,0,0,0,1.0,False,False,0.9124137680788212,True,almost_full_image_edge_trimmed,False
IMG002170.jpeg,0,0,0,1.0,False,False,0.4299469024229659,False,ok_edge_trimmed,False
IMG002171.jpeg,0,0,0,1.0,False,False,0.1795184088610485,False,ok_edge_trimmed,False
IMG002172.jpeg,0,0,0,1.0,False,False,0.2341246747062849,False,ok_edge_trimmed,False
IMG002173.jpeg,0,0,0,1.0,False,False,0.463392229254571,False,ok_edge_trimmed,False
IMG002174.jpeg,0,0,0,1.0,False,False,0.8107821467317712,False,ok_edge_trimmed,False
IMG002175.jpeg,0,0,0,1.0,False,False,0.816622691292876,False,ok,False
IMG002176.jpeg,0,0,0,1.0,False,False,0.7411939055457574,False,ok_edge_trimmed,False
IMG002177.jpeg,0,0,0,1.0,False,False,0.6256960934709059,False,ok_edge_trimmed,False
IMG002178.jpeg,0,0,0,1.0,False,False,0.6746892955948074,False,ok_edge_trimmed,False
IMG002179.jpeg,0,0,0,1.0,False,False,0.8386527401335361,False,ok_edge_trimmed,False
IMG002180.jpeg,0,0,0,1.0,False,False,0.869514472455649,False,ok_edge_trimmed,False
IMG002181.jpeg,0,0,0,1.0,False,False,0.7549852074268485,False,ok_edge_trimmed,False
IMG002182.jpeg,0,0,0,1.0,False,False,0.6638550002899559,False,ok,False
IMG002183.jpeg,0,0,0,1.0,False,False,0.8545514511873351,False,ok_edge_trimmed,False
IMG002184.jpeg,0,0,0,1.0,False,False,0.4676862261481396,False,ok_edge_trimmed,False
IMG002185.jpeg,0,0,0,1.0,False,False,0.6553949253044594,False,ok_edge_trimmed,False
IMG002186.jpeg,0,0,0,1.0,False,False,0.6095366906021907,False,ok_edge_trimmed,False
IMG002187.jpeg,0,0,0,1.0,False,False,0.6399371041007768,False,ok_edge_trimmed,False
IMG002188.jpeg,0,0,0,1.0,False,False,0.4114504662184302,False,ok_edge_trimmed,False
IMG002189.jpeg,0,0,0,1.0,False,False,0.7282030235364955,False,ok_edge_trimmed,False
IMG002190.jpeg,0,0,0,1.0,False,False,0.8252093943670614,False,ok_edge_trimmed,False
IMG002191.jpeg,0,0,0,1.0,False,False,0.3608983958477074,False,ok_edge_trimmed,False
IMG002192.jpeg,0,0,0,1.0,False,False,0.5719707350291072,False,ok_edge_trimmed,False
IMG002193.jpeg,0,0,0,1.0,False,False,0.4182457633127703,False,ok_edge_trimmed,False
IMG002194.jpeg,0,0,0,1.0,False,False,0.8774237589740443,False,ok_edge_trimmed,False
IMG002195.jpeg,0,0,0,1.0,False,False,0.4675090252707581,False,ok,False
IMG002196.jpeg,0,0,0,1.0,False,False,0.5794562236220867,False,ok_edge_trimmed,False
IMG002197.jpeg,0,0,0,1.0,False,False,0.6959334565619224,False,ok,False
IMG002198.jpeg,0,0,0,1.0,False,False,0.5688289277590399,False,ok_edge_trimmed,False
IMG002199.jpeg,0,0,0,1.0,False,False,0.6737576683599046,False,ok_edge_trimmed,False
IMG002200.jpeg,0,0,0,1.0,False,False,0.7669660258031228,False,ok_edge_trimmed,False
IMG002201.jpeg,0,0,0,1.0,False,False,0.4023234829686443,False,ok_edge_trimmed,False
IMG002202.jpeg,0,0,0,1.0,False,False,0.6037581699346405,False,ok_edge_trimmed,False
IMG002203.jpeg,0,0,0,1.0,False,False,0.5482877259534547,False,ok_edge_trimmed,False
IMG002204.jpeg,0,0,0,1.0,False,False,0.5504652827487473,False,ok,False
IMG002205.jpeg,0,0,0,1.0,False,False,0.754020554098154,False,ok_edge_trimmed,False
IMG002206.jpeg,0,0,0,1.0,False,False,0.8552110817941952,False,ok,False
IMG002207.jpeg,0,0,0,1.0,False,False,0.68053148469093,False,ok_edge_trimmed,False
IMG002208.jpeg,0,0,0,1.0,False,False,0.8803990871190293,False,ok_edge_trimmed,False
IMG002209.jpeg,0,0,0,1.0,False,False,0.7738095238095238,False,ok,False
IMG002210.jpeg,0,0,0,1.0,False,False,0.8535023188451263,False,ok_edge_trimmed,False
IMG002211.jpeg,0,0,0,1.0,False,False,0.4916210273032442,False,ok_edge_trimmed,False
IMG002212.jpeg,0,0,0,1.0,False,False,0.6088079584859466,False,ok_edge_trimmed,False
IMG002213.jpeg,0,0,0,1.0,False,False,0.5900653053810323,False,ok_edge_trimmed,False
IMG002214.jpeg,0,0,0,1.0,False,False,0.794047619047619,False,ok,False
IMG002215.jpeg,0,0,0,1.0,False,False,0.4364815466416452,False,ok_edge_trimmed,False
IMG002216.jpeg,0,0,0,1.0,False,False,0.5013647529797107,False,ok_edge_trimmed,False
IMG002217.jpeg,0,0,0,1.0,False,False,0.8541242481413681,True,almost_full_image_edge_trimmed,False
IMG002218.jpeg,0,0,0,1.0,False,False,0.8131008848785138,False,ok_edge_trimmed,False
IMG002219.jpeg,0,0,0,1.0,False,False,0.5682539682539682,False,ok,False
IMG002220.jpeg,0,0,0,1.0,False,False,0.5949526813880126,False,ok_edge_trimmed,False
IMG002221.jpeg,0,0,0,1.0,False,False,0.72869429241595,False,ok,False
IMG002222.jpeg,0,0,0,1.0,False,False,0.7922618810139529,False,ok_edge_trimmed,False
IMG002223.jpeg,0,0,0,1.0,False,False,0.6645452379833099,False,ok,False
IMG002224.jpeg,0,0,0,1.0,False,False,0.7884362158321283,False,ok_edge_trimmed,False
IMG002225.jpeg,0,0,0,1.0,False,False,0.7851465896867789,False,ok_edge_trimmed,False
IMG002226.jpeg,0,0,0,1.0,False,False,0.6436559763434527,False,ok_edge_trimmed,False
IMG002227.jpeg,0,0,0,1.0,False,False,0.5981472386194796,False,ok_edge_trimmed,False
IMG002228.jpeg,0,0,0,1.0,False,False,0.7192747960792378,False,ok_edge_trimmed,False
IMG002229.jpeg,0,0,0,1.0,False,False,0.6501155555555556,False,ok_edge_trimmed,False
IMG002230.jpeg,0,0,0,1.0,False,False,0.7006671682781739,False,ok_edge_trimmed,False
IMG002231.jpeg,0,0,0,1.0,False,False,0.5378035989717224,False,ok_edge_trimmed,False
IMG002232.jpeg,0,0,0,1.0,False,False,0.4276568603213844,False,ok_edge_trimmed,False
IMG002233.jpeg,0,0,0,1.0,False,False,0.5771686664991414,False,ok_edge_trimmed,False
IMG002234.jpeg,0,0,0,1.0,False,False,0.7494273780652115,False,ok_edge_trimmed,False
IMG002235.jpeg,0,0,0,1.0,False,False,0.8672350791717418,False,ok,False
IMG002236.jpeg,0,0,0,1.0,False,False,0.8721514098107377,False,ok,False
IMG002237.jpeg,0,0,0,1.0,False,False,0.9400096758587324,False,ok,False
IMG002238.jpeg,0,0,0,1.0,False,False,0.5875207067918278,False,ok,False
IMG002239.jpeg,0,0,0,1.0,False,False,0.8585480093676815,False,ok,False
IMG002240.jpeg,0,0,0,1.0,False,False,0.3952654068505358,False,ok_edge_trimmed,False
IMG002241.jpeg,0,0,0,1.0,False,False,0.4528496637295207,False,ok_edge_trimmed,False
IMG002242.jpeg,0,0,0,1.0,False,False,0.696652558676414,False,ok_edge_trimmed,False
IMG002243.jpeg,0,0,0,1.0,False,False,0.7603571385998165,False,ok_edge_trimmed,False
IMG002244.jpeg,0,0,0,1.0,False,False,0.8298073631926222,False,ok_edge_trimmed,False
IMG002245.jpeg,0,0,0,1.0,False,False,0.7994642571418588,False,ok_edge_trimmed,False
IMG002246.jpeg,0,0,0,1.0,False,False,0.4406556099077103,False,ok_edge_trimmed,False
IMG002247.jpeg,0,0,0,1.0,False,False,0.5641408836507618,False,ok_edge_trimmed,False
IMG002248.jpeg,0,0,0,1.0,False,False,0.7257348500517063,False,ok_edge_trimmed,False
IMG002249.jpeg,0,0,0,1.0,False,False,0.9733275032794052,False,ok,False
IMG002250.jpeg,0,0,0,1.0,False,False,0.7274368231046932,False,ok_edge_trimmed,False
IMG002251.jpeg,0,0,0,1.0,False,False,0.7843623487474205,False,ok_edge_trimmed,False
IMG002252.jpeg,0,0,0,1.0,False,False,0.7521632003724973,False,ok_edge_trimmed,False
IMG002253.jpeg,0,0,0,1.0,False,False,0.7501125533093401,False,ok_edge_trimmed,False
IMG002254.jpeg,0,0,0,1.0,False,False,0.7526502393417247,False,ok_edge_trimmed,False
IMG002255.jpeg,0,0,0,1.0,False,False,0.7128440366972477,False,ok_edge_trimmed,False
IMG002256.jpeg,0,0,0,1.0,False,False,0.3785896517858855,False,ok_edge_trimmed,False
IMG002257.jpeg,0,0,0,1.0,False,False,0.3478714940887322,False,ok_edge_trimmed,False
IMG002258.jpeg,0,0,0,1.0,False,False,0.4758570867248513,False,ok_edge_trimmed,False
IMG002259.jpeg,0,0,0,1.0,False,False,0.3530181719883192,False,ok_edge_trimmed,False
IMG002260.jpeg,0,0,0,1.0,False,False,0.6762152777777778,False,ok_edge_trimmed,False
IMG002261.jpeg,0,0,0,1.0,False,False,0.8545157335512873,False,ok,False
IMG002262.jpeg,0,0,0,1.0,False,False,0.7423986486486487,False,ok_edge_trimmed,False
IMG002263.jpeg,0,0,0,1.0,False,False,0.807516197005549,False,ok_edge_trimmed,False
IMG002264.jpeg,0,0,0,1.0,False,False,0.8843085106382979,False,ok,False
IMG002265.jpeg,0,0,0,1.0,False,False,0.6992405063291139,False,ok,False
IMG002266.jpeg,0,0,0,1.0,False,False,0.7916056612981942,False,ok,False
IMG002267.jpeg,0,0,0,1.0,False,False,0.7919375812743823,False,ok_edge_trimmed,False
IMG002268.jpeg,0,0,0,1.0,False,False,0.4572810317033853,False,ok_edge_trimmed,False
IMG002269.jpeg,0,0,0,1.0,False,False,0.7566430467649773,False,ok_edge_trimmed,False
IMG002270.jpeg,0,0,0,1.0,False,False,0.8737610850286907,True,almost_full_image_edge_trimmed,False
IMG002271.jpeg,0,0,0,1.0,False,False,0.7306861318249336,False,ok_edge_trimmed,False
IMG002272.jpeg,0,0,0,1.0,False,False,0.8359337814245883,False,ok_edge_trimmed,False
IMG002273.jpeg,0,0,0,1.0,False,False,0.7897091722595079,False,ok_edge_trimmed,False
IMG002274.jpeg,0,0,0,1.0,False,False,0.9955357142857144,True,almost_full_image_edge_trimmed,False
IMG002275.jpeg,0,0,0,1.0,False,False,0.5250501002004008,False,ok,False
IMG002276.jpeg,0,0,0,1.0,False,False,0.6191229963624735,False,ok_edge_trimmed,False
IMG002277.jpeg,0,0,0,1.0,False,False,0.6525740933914217,True,almost_full_image_edge_trimmed,False
IMG002278.jpeg,0,0,0,1.0,False,False,0.7436569672524729,False,ok_edge_trimmed,False
IMG002279.jpeg,0,0,0,1.0,False,False,0.6315620543511352,False,ok,False
IMG002280.jpeg,0,0,0,1.0,False,False,0.3682741798245196,False,ok_edge_trimmed,False
IMG002281.jpeg,0,0,0,1.0,False,False,0.7691326530612245,False,ok_edge_trimmed,False
IMG002282.jpeg,0,0,0,1.0,False,False,0.6841608283018351,False,ok_edge_trimmed,False
IMG002283.jpeg,0,0,0,1.0,False,False,0.7236412384016028,False,ok_edge_trimmed,False
IMG002284.jpeg,0,0,0,1.0,False,False,0.7671470108875015,False,ok_edge_trimmed,False
IMG002285.jpeg,0,0,0,1.0,False,False,0.6479710221008976,False,ok_edge_trimmed,False
IMG002286.jpeg,0,0,0,1.0,False,False,0.5965778628850786,False,ok_edge_trimmed,False
IMG002287.jpeg,0,0,0,1.0,False,False,0.7806983016518049,False,ok_edge_trimmed,False
IMG002288.jpeg,0,0,0,1.0,False,False,0.6800865672526756,False,ok_edge_trimmed,False
IMG002289.jpeg,0,0,0,1.0,False,False,0.8968253968253969,False,ok,False
IMG002290.jpeg,0,0,0,1.0,False,False,0.8434231085911039,False,ok_edge_trimmed,False
IMG002291.jpeg,0,0,0,1.0,False,False,0.6871434429152107,False,ok_edge_trimmed,False
IMG002292.jpeg,0,0,0,1.0,False,False,0.6919120149196536,False,ok_edge_trimmed,False
IMG002293.jpeg,0,0,0,1.0,False,False,0.5878378378378378,False,ok,False
IMG002294.jpeg,0,0,0,1.0,False,False,0.812472,True,almost_full_image_edge_trimmed,False
IMG002295.jpeg,0,0,0,1.0,False,False,0.8145330472103004,True,almost_full_image_edge_trimmed,False
IMG002296.jpeg,0,0,0,1.0,False,False,0.4323636561690591,False,ok_edge_trimmed,False
IMG002297.jpeg,0,0,0,1.0,False,False,0.7541590668247696,False,ok,False
IMG002298.jpeg,0,0,0,1.0,False,False,0.3917024797470855,False,ok_edge_trimmed,False
IMG002299.jpeg,0,0,0,1.0,False,False,0.42421875,False,ok_edge_trimmed,False
IMG002300.jpeg,0,0,0,1.0,False,False,0.7617886178861789,False,ok_edge_trimmed,False
IMG002301.jpeg,0,0,0,1.0,False,False,0.7110849056603774,False,ok,False
IMG002302.jpeg,0,0,0,1.0,False,False,0.6883920702441793,False,ok_edge_trimmed,False
IMG002303.jpeg,0,0,0,1.0,False,False,0.3786385592201604,False,ok_edge_trimmed,False
IMG002304.jpeg,0,0,0,1.0,False,False,0.6930384570606232,False,ok,False
IMG002305.jpeg,0,0,0,1.0,False,False,0.7766736401673641,False,ok_edge_trimmed,False
IMG002306.jpeg,0,0,0,1.0,False,False,0.3346090791180285,False,ok_edge_trimmed,False
IMG002307.jpeg,0,0,0,1.0,False,False,0.6024804915502685,False,ok,False
IMG002308.jpeg,0,0,0,1.0,False,False,0.918261769270564,False,ok,False
IMG002309.jpeg,0,0,0,1.0,False,False,0.8724790234254918,True,almost_full_image_edge_trimmed,False
IMG002310.jpeg,0,0,0,1.0,False,False,0.4850666666666666,False,ok_edge_trimmed,False
IMG002311.jpeg,0,0,0,1.0,False,False,0.584941637652481,False,ok,False
IMG002312.jpeg,0,0,0,1.0,False,False,0.6897337180780418,False,ok_edge_trimmed,False
IMG002313.jpeg,0,0,0,1.0,False,False,0.6864303007076022,False,ok_edge_trimmed,False
IMG002314.jpeg,0,0,0,1.0,False,False,0.382777489229376,False,ok_edge_trimmed,False
IMG002315.jpeg,0,0,0,1.0,False,False,0.5184484389782403,False,ok,False
IMG002316.jpeg,0,0,0,1.0,False,False,0.5200903067484662,False,ok_edge_trimmed,False
IMG002317.jpeg,0,0,0,1.0,False,False,0.7735316505316672,False,ok_edge_trimmed,False
IMG002318.jpeg,0,0,0,1.0,False,False,0.5460838698682416,False,ok_edge_trimmed,False
IMG002319.jpeg,0,0,0,1.0,False,False,0.3381003390677879,False,ok_edge_trimmed,False
IMG002320.jpeg,0,0,0,1.0,False,False,0.8515873015873016,False,ok,False
IMG002321.jpeg,0,0,0,1.0,False,False,0.4245700588474026,False,ok_edge_trimmed,False
IMG002322.jpeg,0,0,0,1.0,False,False,0.7158659364029165,False,ok_edge_trimmed,False
IMG002323.jpeg,0,0,0,1.0,False,False,0.4645969498910675,False,ok,False
IMG002324.jpeg,0,0,0,1.0,False,False,0.5123015873015873,False,ok,False
IMG002325.jpeg,0,0,0,1.0,False,False,0.6915509259259259,False,ok,False
IMG002326.jpeg,0,0,0,1.0,False,False,0.5305555555555556,False,ok,False
IMG002327.jpeg,0,0,0,1.0,False,False,0.77639857394145,False,ok_edge_trimmed,False
IMG002328.jpeg,0,0,0,1.0,False,False,0.8032170750195157,False,ok_edge_trimmed,False
IMG002329.jpeg,0,0,0,1.0,False,False,0.6464178414517572,False,ok_edge_trimmed,False
IMG002330.jpeg,0,0,0,1.0,False,False,0.9978685612788633,True,almost_full_image_edge_trimmed,False
IMG002331.jpeg,0,0,0,1.0,False,False,0.6270457710444004,False,ok,False
IMG002332.jpeg,0,0,0,1.0,False,False,0.7354581624887268,False,ok_edge_trimmed,False
IMG002333.jpeg,0,0,0,1.0,False,False,0.6525080603444069,False,ok_edge_trimmed,False
IMG002334.jpeg,0,0,0,1.0,False,False,0.6350544808589083,False,ok_edge_trimmed,False
IMG002335.jpeg,0,0,0,1.0,False,False,0.7139451728247914,False,ok,False
IMG002336.jpeg,0,0,0,1.0,False,False,0.8595213319458896,False,ok,False
IMG002337.jpeg,0,0,0,1.0,False,False,0.9138163769650904,False,ok_edge_trimmed,False
IMG002338.jpeg,0,0,0,1.0,False,False,0.6862283588036451,False,ok,False
IMG002339.jpeg,0,0,0,1.0,False,False,0.4292635658914728,False,ok,False
IMG002340.jpeg,0,0,0,1.0,False,False,0.7607160081835584,False,ok_edge_trimmed,False
IMG002341.jpeg,0,0,0,1.0,False,False,0.340857908847185,False,ok_edge_trimmed,False
IMG002342.jpeg,0,0,0,1.0,False,False,0.4216044478753675,False,ok,False
IMG002343.jpeg,0,0,0,1.0,False,False,0.5723781388478582,False,ok,False
IMG002344.jpeg,0,0,0,1.0,False,False,0.4842231440845388,False,ok_edge_trimmed,False
IMG002345.jpeg,0,0,0,1.0,False,False,0.8183619550858653,False,ok,False
IMG002346.jpeg,0,0,0,1.0,False,False,0.3949673800738007,False,ok,False
IMG002347.jpeg,0,0,0,1.0,False,False,0.8118351063829787,False,ok,False
IMG002348.jpeg,0,0,0,1.0,False,False,0.4281888816219751,False,ok,False
IMG002349.jpeg,0,0,0,1.0,False,False,0.7386183538315989,False,ok_edge_trimmed,False
IMG002350.jpeg,0,0,0,1.0,False,False,0.5256263004577612,False,ok_edge_trimmed,False
IMG002351.jpeg,0,0,0,1.0,False,False,0.577154011579818,False,ok_edge_trimmed,False
IMG002352.jpeg,0,0,0,1.0,False,False,0.6780286419753087,False,ok_edge_trimmed,False
IMG002353.jpeg,0,0,0,1.0,False,False,0.6867796610169492,False,ok_edge_trimmed,False
IMG002354.jpeg,0,0,0,1.0,False,False,0.4486711829077645,False,ok_edge_trimmed,False
IMG002355.jpeg,0,0,0,1.0,False,False,0.6978698007763738,False,ok_edge_trimmed,False
IMG002356.jpeg,0,0,0,1.0,False,False,0.6802365310749237,False,ok_edge_trimmed,False
IMG002357.jpeg,0,0,0,1.0,False,False,0.5902704361056869,False,ok_edge_trimmed,False
IMG002358.jpeg,0,0,0,1.0,False,False,0.5778120184899846,False,ok_edge_trimmed,False
IMG002359.jpeg,0,0,0,1.0,False,False,0.5613235616524163,False,ok_edge_trimmed,False
IMG002360.jpeg,0,0,0,1.0,False,False,0.606966338346771,False,ok_edge_trimmed,False
IMG002361.jpeg,0,0,0,1.0,False,False,0.6471374656176038,False,ok_edge_trimmed,False
IMG002362.jpeg,0,0,0,1.0,False,False,0.2703551154683115,False,ok_edge_trimmed,False
IMG002363.jpeg,0,0,0,1.0,False,False,0.7245162501455468,False,ok_edge_trimmed,False
IMG002364.jpeg,0,0,0,1.0,False,False,0.9169441737058696,True,almost_full_image_edge_trimmed,False
IMG002365.jpeg,0,0,0,1.0,False,False,0.3105004641152424,False,ok_edge_trimmed,False
IMG002366.jpeg,0,0,0,1.0,False,False,0.9703531929261036,True,almost_full_image_edge_trimmed,False
IMG002367.jpeg,0,0,0,1.0,False,False,0.7625441696113074,False,ok,False
IMG002368.jpeg,0,0,0,1.0,False,False,0.3934426229508196,False,ok_edge_trimmed,False
IMG002369.jpeg,0,0,0,1.0,False,False,0.5760869565217391,False,ok_edge_trimmed,False
IMG002370.jpeg,0,0,0,1.0,False,False,0.6277777777777778,False,ok_edge_trimmed,False
IMG002371.jpeg,0,0,0,1.0,False,False,0.4811165845648604,False,ok,False
IMG002372.jpeg,0,0,0,1.0,False,False,0.406193895870736,False,ok,False
IMG002373.jpeg,0,0,0,1.0,False,False,0.3393177737881508,False,ok,False
IMG002374.jpeg,0,0,0,1.0,False,False,0.5907290123321238,False,ok_edge_trimmed,False
IMG002375.jpeg,0,0,0,1.0,False,False,0.6393058161350844,False,ok,False
IMG002376.jpeg,0,0,0,1.0,False,False,0.4338649155722326,False,ok,False
IMG002377.jpeg,0,0,0,1.0,False,False,0.6116322701688556,False,ok,False
IMG002378.jpeg,0,0,0,1.0,False,False,0.6959446504674349,False,ok_edge_trimmed,False
IMG002379.jpeg,0,0,0,1.0,False,False,0.3089587485382043,False,ok_edge_trimmed,False
IMG002380.jpeg,0,0,0,1.0,False,False,0.4853994305561767,False,ok_edge_trimmed,False
IMG002381.jpeg,0,0,0,1.0,False,False,0.7202173564039623,False,ok_edge_trimmed,False
IMG002382.jpeg,0,0,0,1.0,False,False,0.6775140609911616,False,ok_edge_trimmed,False
IMG002383.jpeg,0,0,0,1.0,False,False,0.5748683220466516,False,ok_edge_trimmed,False
IMG002384.jpeg,0,0,0,1.0,False,False,0.7189207842893963,False,ok_edge_trimmed,False
IMG002385.jpeg,0,0,0,1.0,False,False,0.7739115909689824,False,ok,False
IMG002386.jpeg,0,0,0,1.0,False,False,0.9192168228666664,True,almost_full_image_edge_trimmed,False
IMG002387.jpeg,0,0,0,1.0,False,False,0.7434154630416313,False,ok,False
IMG002388.jpeg,0,0,0,1.0,False,False,0.9127906976744186,False,ok,False
IMG002389.jpeg,0,0,0,1.0,False,False,0.5565083969393404,False,ok,False
IMG002390.jpeg,0,0,0,1.0,False,False,0.8258258258258259,False,ok,False
IMG002391.jpeg,0,0,0,1.0,False,False,0.5713654851830331,False,ok_edge_trimmed,False
IMG002392.jpeg,0,0,0,1.0,False,False,0.547813387423935,False,ok_edge_trimmed,False
IMG002393.jpeg,0,0,0,1.0,False,False,0.8970901348474095,False,ok_edge_trimmed,False
IMG002394.jpeg,0,0,0,1.0,False,False,0.8444139821795751,False,ok,False
IMG002395.jpeg,0,0,0,1.0,False,False,0.5194676693217236,False,ok_edge_trimmed,False
IMG002396.jpeg,0,0,0,1.0,False,False,0.7001251396648045,False,ok_edge_trimmed,False
IMG002397.jpeg,0,0,0,1.0,False,False,0.6141984919928557,False,ok,False
IMG002398.jpeg,0,0,0,1.0,False,False,0.6776064,False,ok_edge_trimmed,False
IMG002399.jpeg,0,0,0,1.0,False,False,0.7023460410557185,False,ok,False
IMG002400.jpeg,0,0,0,1.0,False,False,0.339625459688826,False,ok_edge_trimmed,False
IMG002401.jpeg,0,0,0,1.0,False,False,0.4641327623126338,False,ok,False
IMG002402.jpeg,0,0,0,1.0,False,False,0.5414634146341464,False,ok,False
IMG002403.jpeg,0,0,0,1.0,False,False,0.6419878939411966,False,ok_edge_trimmed,False
IMG002404.jpeg,0,0,0,1.0,False,False,0.3615079365079365,False,ok,False
IMG002405.jpeg,0,0,0,1.0,False,False,1.0,True,almost_full_image,False
IMG002406.jpeg,0,0,0,1.0,False,False,0.9945175438596492,True,almost_full_image_edge_trimmed,False
IMG002407.jpeg,0,0,0,1.0,False,False,0.4325726141078838,False,ok,False
IMG002408.jpeg,0,0,0,1.0,False,False,1.0,True,almost_full_image,False
IMG002409.jpeg,0,0,0,1.0,False,False,0.4092382667759141,False,ok_edge_trimmed,False
IMG002410.jpeg,0,0,0,1.0,False,False,0.3981241220540034,False,ok_edge_trimmed,False
IMG002411.jpeg,0,0,0,1.0,False,False,0.5298086634496689,False,ok_edge_trimmed,False
IMG002412.jpeg,0,0,0,1.0,False,False,0.7478300926150414,False,ok_edge_trimmed,False
IMG002413.jpeg,0,0,0,1.0,False,False,0.4239562624254473,False,ok,False
IMG002414.jpeg,0,0,0,1.0,False,False,0.6095617529880478,False,ok,False
IMG002415.jpeg,0,0,0,1.0,False,False,0.6591865357643759,False,ok,False
IMG002416.jpeg,0,0,0,1.0,False,False,0.2442671665902155,False,ok_edge_trimmed,False
IMG002417.jpeg,0,0,0,1.0,False,False,0.2943283909349511,False,ok_edge_trimmed,False
IMG002418.jpeg,0,0,0,1.0,False,False,0.6824281150159744,False,ok,False
IMG002419.jpeg,0,0,0,1.0,False,False,0.8880471551315878,False,ok_edge_trimmed,False
IMG002420.jpeg,0,0,0,1.0,False,False,0.2986786183901568,False,ok_edge_trimmed,False
IMG002421.jpeg,0,0,0,1.0,False,False,0.6167127071823204,False,ok_edge_trimmed,False
IMG002422.jpeg,0,0,0,1.0,False,False,0.6884920634920635,False,ok,False
IMG002423.jpeg,0,0,0,1.0,False,False,0.3171741452991453,False,ok_edge_trimmed,False
IMG002424.jpeg,0,0,0,1.0,False,False,0.2936507936507936,False,ok_edge_trimmed,False
IMG002425.jpeg,0,0,0,1.0,False,False,0.6549170062064503,False,ok_edge_trimmed,False
IMG002426.jpeg,0,0,0,1.0,False,False,0.933837890625,False,ok_edge_trimmed,False
IMG002427.jpeg,0,0,0,1.0,False,False,0.8569808500219078,False,ok_edge_trimmed,False
IMG002428.jpeg,0,0,0,1.0,False,False,0.8488047521216028,False,ok_edge_trimmed,False
IMG002429.jpeg,0,0,0,1.0,False,False,0.7505422374429224,False,ok_edge_trimmed,False
IMG002430.jpeg,0,0,0,1.0,False,False,0.7043329347766561,False,ok_edge_trimmed,False
IMG002431.jpeg,0,0,0,1.0,False,False,0.2549201537342951,False,ok,False
IMG002432.jpeg,0,0,0,1.0,False,False,0.7620689655172413,False,ok,False
IMG002433.jpeg,0,0,0,1.0,False,False,0.7598784194528876,False,ok,False
IMG002434.jpeg,0,0,0,1.0,False,False,0.4634417818003131,False,ok_edge_trimmed,False
IMG002435.jpeg,0,0,0,1.0,False,False,0.4305830542032248,False,ok_edge_trimmed,False
IMG002436.jpeg,0,0,0,1.0,False,False,0.4826607633945115,False,ok_edge_trimmed,False
IMG002437.jpeg,0,0,0,1.0,False,False,0.7233702276331554,False,ok_edge_trimmed,False
IMG002438.jpeg,0,0,0,1.0,False,False,0.727730388822021,False,ok_edge_trimmed,False
IMG002439.jpeg,0,0,0,1.0,False,False,0.9000750103632739,True,almost_full_image_edge_trimmed,False
IMG002440.jpeg,0,0,0,1.0,False,False,0.5248728392708448,False,ok_edge_trimmed,False
IMG002441.jpeg,0,0,0,1.0,False,False,0.2067125153954827,False,ok,False
IMG002442.jpeg,0,0,0,1.0,False,False,0.7865063733323423,False,ok_edge_trimmed,False
IMG002443.jpeg,0,0,0,1.0,False,False,0.6545117287487413,False,ok_edge_trimmed,False
IMG002444.jpeg,0,0,0,1.0,False,False,0.9352836879432624,False,ok_edge_trimmed,False
IMG002445.jpeg,0,0,0,1.0,False,False,0.8436507936507937,False,ok,False
IMG002446.jpeg,0,0,0,1.0,False,False,0.8298643830883277,True,almost_full_image_edge_trimmed,False
IMG002447.jpeg,0,0,0,1.0,False,False,0.467440119760479,False,ok,False
IMG002448.jpeg,0,0,0,1.0,False,False,0.8072604790419161,False,ok,False
IMG002449.jpeg,0,0,0,1.0,False,False,0.4639007866440457,False,ok,False
IMG002450.jpeg,0,0,0,1.0,False,False,0.4991502424700805,False,ok_edge_trimmed,False
IMG002451.jpeg,0,0,0,1.0,False,False,0.6300352291595099,False,ok,False
IMG002452.jpeg,0,0,0,1.0,False,False,0.6371971559825395,False,ok_edge_trimmed,False
IMG002453.jpeg,0,0,0,1.0,False,False,0.8164281675827322,False,ok,False
IMG002454.jpeg,0,0,0,1.0,False,False,0.5990159901599016,False,ok,False
IMG002455.jpeg,0,0,0,1.0,False,False,0.7151702786377709,False,ok,False
IMG002456.jpeg,0,0,0,1.0,False,False,0.8733333333333333,False,ok,False
IMG002457.jpeg,0,0,0,1.0,False,False,0.4219711279636781,False,ok,False
IMG002458.jpeg,0,0,0,1.0,False,False,0.3880745341614907,False,ok,False
IMG002459.jpeg,0,0,0,1.0,False,False,0.7929706307173808,False,ok,False
IMG002460.jpeg,0,0,0,1.0,False,False,0.6968942881186028,False,ok_edge_trimmed,False
IMG002461.jpeg,0,0,0,1.0,False,False,0.7396386822529224,False,ok,False
IMG002462.jpeg,0,0,0,1.0,False,False,0.7648824412206103,False,ok,False
IMG002463.jpeg,0,0,0,1.0,False,False,0.508117859290439,False,ok,False
IMG002464.jpeg,0,0,0,1.0,False,False,0.8256955308842101,False,ok,False
IMG002465.jpeg,0,0,0,1.0,False,False,0.4100483079695635,False,ok_edge_trimmed,False
IMG002466.jpeg,0,0,0,1.0,False,False,1.0,True,almost_full_image,False
IMG002467.jpeg,0,0,0,1.0,False,False,0.738673139158576,False,ok_edge_trimmed,False
IMG002468.jpeg,0,0,0,1.0,False,False,0.8975921975007619,False,ok,False
IMG002469.jpeg,0,0,0,1.0,False,False,0.3691507798960138,False,ok_edge_trimmed,False
IMG002470.jpeg,0,0,0,1.0,False,False,0.7563938618925832,False,ok_edge_trimmed,False
IMG002471.jpeg,0,0,0,1.0,False,False,0.6943044926515359,False,ok_edge_trimmed,False
IMG002472.jpeg,0,0,0,1.0,False,False,0.8676470588235294,False,ok,False
IMG002473.jpeg,0,0,0,1.0,False,False,0.8721488595438175,False,ok,False
IMG002474.jpeg,0,0,0,1.0,False,False,0.9509156360613154,True,almost_full_image_edge_trimmed,False
IMG002475.jpeg,0,0,0,1.0,False,False,0.6798597194388778,False,ok_edge_trimmed,False
IMG002476.jpeg,0,0,0,1.0,False,False,0.8396098798659882,False,ok_edge_trimmed,False
IMG002477.jpeg,0,0,0,1.0,False,False,0.9611628435157848,True,almost_full_image_edge_trimmed,False
IMG002478.jpeg,0,0,0,1.0,False,False,0.7047823762051239,False,ok_edge_trimmed,False
IMG002479.jpeg,0,0,0,1.0,False,False,0.825641712594407,False,ok_edge_trimmed,False
IMG002480.jpeg,0,0,0,1.0,False,False,0.6702181633688483,False,ok_edge_trimmed,False
IMG002481.jpeg,0,0,0,1.0,False,False,0.6676631788739412,False,ok_edge_trimmed,False
IMG002482.jpeg,0,0,0,1.0,False,False,0.8673550436854647,False,ok_edge_trimmed,False
IMG002483.jpeg,0,0,0,1.0,False,False,0.5694873378628783,False,ok,False
IMG002484.jpeg,0,0,0,1.0,False,False,0.5982309956258383,False,ok_edge_trimmed,False
IMG002485.jpeg,0,0,0,1.0,False,False,0.6495795625477769,False,ok_edge_trimmed,False
IMG002486.jpeg,0,0,0,1.0,False,False,0.9056227082695024,True,almost_full_image_edge_trimmed,False
IMG002487.jpeg,0,0,0,1.0,False,False,0.9632176707702363,True,almost_full_image_edge_trimmed,False
IMG002488.jpeg,0,0,0,1.0,False,False,0.9376971608832808,False,ok_edge_trimmed,False
IMG002489.jpeg,0,0,0,1.0,False,False,0.4131728995472077,False,ok_edge_trimmed,False
IMG002490.jpeg,0,0,0,1.0,False,False,0.4907569509285195,False,ok_edge_trimmed,False
IMG002491.jpeg,0,0,0,1.0,False,False,0.6181656139807029,False,ok,False
IMG002492.jpeg,0,0,0,1.0,False,False,0.4723744066173914,False,ok_edge_trimmed,False
IMG002493.jpeg,0,0,0,1.0,False,False,0.3473472728625641,False,ok_edge_trimmed,False
IMG002494.jpeg,0,0,0,1.0,False,False,0.5336469304229196,False,ok_edge_trimmed,False
IMG002495.jpeg,0,0,0,1.0,False,False,0.5896001449855969,False,ok,False
IMG002496.jpeg,0,0,0,1.0,False,False,0.4542546961325966,False,ok_edge_trimmed,False
IMG002497.jpeg,0,0,0,1.0,False,False,0.860801050558109,False,ok,False
IMG002498.jpeg,0,0,0,1.0,False,False,0.5300181605396027,False,ok_edge_trimmed,False
IMG002499.jpeg,0,0,0,1.0,False,False,0.5474154473494843,False,ok_edge_trimmed,False
IMG002500.jpeg,0,0,0,1.0,False,False,0.6218469746849813,False,ok_edge_trimmed,False
IMG002501.jpeg,0,0,0,1.0,False,False,0.6056,False,ok,False
IMG002502.jpeg,0,0,0,1.0,False,False,0.8664,False,ok,False
IMG002503.jpeg,0,0,0,1.0,False,False,0.456,False,ok,False
IMG002504.jpeg,0,0,0,1.0,False,False,0.592,False,ok,False
IMG002505.jpeg,0,0,0,1.0,False,False,0.5637365853658537,False,ok_edge_trimmed,False
IMG002506.jpeg,0,0,0,1.0,False,False,0.6445180282478845,False,ok_edge_trimmed,False
IMG002507.jpeg,0,0,0,1.0,False,False,0.5125160243407708,False,ok_edge_trimmed,False
IMG002508.jpeg,0,0,0,1.0,False,False,0.8364881876607795,False,ok_edge_trimmed,False
IMG002509.jpeg,0,0,0,1.0,False,False,0.8684036939313984,False,ok,False
IMG002510.jpeg,0,0,0,1.0,False,False,0.8354336545589326,False,ok,False
IMG002511.jpeg,0,0,0,1.0,False,False,0.6181859154929578,False,ok_edge_trimmed,False
IMG002512.jpeg,0,0,0,1.0,False,False,0.8443519000520562,False,ok,False
IMG002513.jpeg,0,0,0,1.0,False,False,0.54385408,False,ok_edge_trimmed,False
IMG002514.jpeg,0,0,0,1.0,False,False,0.3847532935949151,False,ok_edge_trimmed,False
IMG002515.jpeg,0,0,0,1.0,False,False,0.5823777777777778,False,ok_edge_trimmed,False
IMG002516.jpeg,0,0,0,1.0,False,False,0.7591127396115898,False,ok_edge_trimmed,False
IMG002517.jpeg,0,0,0,1.0,False,False,0.8222906032732368,False,ok_edge_trimmed,False
IMG002518.jpeg,0,0,0,1.0,False,False,0.4841516469857054,False,ok,False
IMG002519.jpeg,0,0,0,1.0,False,False,0.7749233599019006,False,ok_edge_trimmed,False
IMG002520.jpeg,0,0,0,1.0,False,False,0.5724282715185445,False,ok_edge_trimmed,False
IMG002521.jpeg,0,0,0,1.0,False,False,0.8396735474806056,False,ok_edge_trimmed,False
IMG002522.jpeg,0,0,0,1.0,False,False,0.6735197368421053,False,ok,False
IMG002523.jpeg,0,0,0,1.0,False,False,0.7563198596599039,False,ok_edge_trimmed,False
IMG002524.jpeg,0,0,0,1.0,False,False,0.8354336545589326,False,ok,False
IMG002525.jpeg,0,0,0,1.0,False,False,0.7638095409330571,False,ok_edge_trimmed,False
IMG002526.jpeg,0,0,0,1.0,False,False,0.820580474934037,False,ok,False
IMG002527.jpeg,0,0,0,1.0,False,False,0.896551724137931,True,almost_full_image_edge_trimmed,False
IMG002528.jpeg,0,0,0,1.0,False,False,0.8850574712643678,True,almost_full_image_edge_trimmed,False
IMG002529.jpeg,0,0,0,1.0,False,False,0.4432409012131715,False,ok_edge_trimmed,False
IMG002530.jpeg,0,0,0,1.0,False,False,0.7187671041555784,False,ok_edge_trimmed,False
IMG002531.jpeg,0,0,0,1.0,False,False,0.7196148833949193,False,ok_edge_trimmed,False
IMG002532.jpeg,0,0,0,1.0,False,False,0.8396087890352218,False,ok_edge_trimmed,False
IMG002533.jpeg,0,0,0,1.0,False,False,0.7039938327671417,False,ok_edge_trimmed,False
IMG002534.jpeg,0,0,0,1.0,False,False,0.5630927759750141,False,ok_edge_trimmed,False
IMG002535.jpeg,0,0,0,1.0,False,False,0.7450256565978888,False,ok_edge_trimmed,False
IMG002536.jpeg,0,0,0,1.0,False,False,0.5658482610125901,False,ok_edge_trimmed,False
IMG002537.jpeg,0,0,0,1.0,False,False,0.5809786354238456,False,ok_edge_trimmed,False
IMG002538.jpeg,0,0,0,1.0,False,False,0.5505134553625172,False,ok_edge_trimmed,False
IMG002539.jpeg,0,0,0,1.0,False,False,0.6059026169005246,False,ok_edge_trimmed,False
IMG002540.jpeg,0,0,0,1.0,False,False,0.3040210315540685,False,ok,False
IMG002541.jpeg,0,0,0,1.0,False,False,0.8172159812229911,False,ok_edge_trimmed,False
IMG002542.jpeg,0,0,0,1.0,False,False,0.3796456645026573,False,ok,False
IMG002543.jpeg,0,0,0,1.0,False,False,0.606130816791409,False,ok_edge_trimmed,False
IMG002544.jpeg,0,0,0,1.0,False,False,0.6080583012229854,False,ok_edge_trimmed,False
IMG002545.jpeg,0,0,0,1.0,False,False,0.6803289596129866,False,ok_edge_trimmed,False
IMG002546.jpeg,0,0,0,1.0,False,False,0.4760278335618711,False,ok_edge_trimmed,False
IMG002547.jpeg,0,0,0,1.0,False,False,0.6896034579179077,False,ok_edge_trimmed,False
IMG002548.jpeg,0,0,0,1.0,False,False,0.6865079365079365,False,ok,False
IMG002549.jpeg,0,0,0,1.0,False,False,0.6999988661966242,False,ok_edge_trimmed,False
IMG002550.jpeg,0,0,0,1.0,False,False,0.7983496161780691,False,ok,False
IMG002551.jpeg,0,0,0,1.0,False,False,0.6368253968253968,False,ok,False
IMG002552.jpeg,0,0,0,1.0,False,False,0.6072567783094099,False,ok_edge_trimmed,False
IMG002553.jpeg,0,0,0,1.0,False,False,0.7345536499560247,False,ok,False
IMG002554.jpeg,0,0,0,1.0,False,False,0.4141494435612082,False,ok,False
IMG002555.jpeg,0,0,0,1.0,False,False,0.5493630573248408,False,ok,False
IMG002556.jpeg,0,0,0,1.0,False,False,0.4324953445065176,False,ok,False
IMG002557.jpeg,0,0,0,1.0,False,False,0.643003064351379,False,ok,False
IMG002558.jpeg,0,0,0,1.0,False,False,0.5187162023324463,False,ok_edge_trimmed,False
IMG002559.jpeg,0,0,0,1.0,False,False,0.7464529672036634,False,ok_edge_trimmed,False
IMG002560.jpeg,0,0,0,1.0,False,False,0.4432539682539682,False,ok,False
IMG002561.jpeg,0,0,0,1.0,False,False,0.5904761904761905,False,ok,False
IMG002562.jpeg,0,0,0,1.0,False,False,0.6825335034090264,False,ok_edge_trimmed,False
IMG002563.jpeg,0,0,0,1.0,False,False,0.7198412698412698,False,ok_edge_trimmed,False
IMG002564.jpeg,0,0,0,1.0,False,False,0.554305008441193,False,ok,False
IMG002565.jpeg,0,0,0,1.0,False,False,0.5202682948176555,False,ok,False
IMG002566.jpeg,0,0,0,1.0,False,False,0.7075396825396826,False,ok,False
IMG002567.jpeg,0,0,0,1.0,False,False,0.5551308963307581,False,ok_edge_trimmed,False
IMG002568.jpeg,0,0,0,1.0,False,False,0.7959359206996645,False,ok_edge_trimmed,False
IMG002569.jpeg,0,0,0,1.0,False,False,0.8468000553618545,False,ok_edge_trimmed,False
IMG002570.jpeg,0,0,0,1.0,False,False,0.7097537878787878,False,ok,False
IMG002571.jpeg,0,0,0,1.0,False,False,0.9390420899854862,False,ok_edge_trimmed,False
IMG002572.jpeg,0,0,0,1.0,False,False,0.4739557188524712,False,ok_edge_trimmed,False
IMG002573.jpeg,0,0,0,1.0,False,False,0.6594709930414056,False,ok_edge_trimmed,False
IMG002574.jpeg,0,0,0,1.0,False,False,0.7439621193720052,False,ok_edge_trimmed,False
IMG002575.jpeg,0,0,0,1.0,False,False,0.8566666666666667,False,ok,False
IMG002576.jpeg,0,0,0,1.0,False,False,0.7582417582417582,False,ok,False
IMG002577.jpeg,0,0,0,1.0,False,False,0.776918500892326,False,ok,False
IMG002578.jpeg,0,0,0,1.0,False,False,0.8448160535117056,False,ok,False
IMG002579.jpeg,0,0,0,1.0,False,False,0.7336149621224374,False,ok,False
IMG002580.jpeg,0,0,0,1.0,False,False,0.6083743842364532,False,ok_edge_trimmed,False
IMG002581.jpeg,0,0,0,1.0,False,False,0.7580174927113703,False,ok,False
IMG002582.jpeg,0,0,0,1.0,False,False,1.0,True,almost_full_image,False
IMG002583.jpeg,0,0,0,1.0,False,False,0.6541095890410958,False,ok,False
IMG002584.jpeg,0,0,0,1.0,False,False,0.6847213113350972,False,ok_edge_trimmed,False
IMG002585.jpeg,0,0,0,1.0,False,False,0.9963353183692166,True,almost_full_image_edge_trimmed,False
IMG002586.jpeg,0,0,0,1.0,False,False,0.4547385340586006,False,ok_edge_trimmed,False
IMG002587.jpeg,0,0,0,1.0,False,False,0.964573268921095,False,ok,False
IMG002588.jpeg,0,0,0,1.0,False,False,0.6287581699346405,False,ok,False
IMG002589.jpeg,0,0,0,1.0,False,False,0.8228571428571428,True,crop_too_small,False
IMG002590.jpeg,0,0,0,1.0,False,False,0.5393939393939394,False,ok_edge_trimmed,False
IMG002591.jpeg,0,0,0,1.0,False,False,0.753448275862069,False,ok,False
IMG002592.jpeg,0,0,0,1.0,False,False,0.3376216533671414,False,ok_edge_trimmed,False
IMG002593.jpeg,0,0,0,1.0,False,False,0.3869047619047619,False,ok,False
IMG002594.jpeg,0,0,0,1.0,False,False,0.3139166303745348,False,ok_edge_trimmed,False
IMG002595.jpeg,0,0,0,1.0,False,False,0.605072463768116,False,ok,False
IMG002596.jpeg,0,0,0,1.0,False,False,0.9021428571428572,False,ok,False
IMG002597.jpeg,0,0,0,1.0,False,False,1.0,True,almost_full_image,False
IMG002598.jpeg,0,0,0,1.0,False,False,0.7777317880794702,False,ok,False
IMG002599.jpeg,0,0,0,1.0,False,False,0.90246743045963,False,ok_edge_trimmed,False
IMG002600.jpeg,0,0,0,1.0,False,False,0.6036288079339653,False,ok_edge_trimmed,False
IMG002601.jpeg,0,0,0,1.0,False,False,0.4655096121640507,False,ok_edge_trimmed,False
IMG002602.jpeg,0,0,0,1.0,False,False,0.5350404312668463,False,ok_edge_trimmed,False
IMG002603.jpeg,0,0,0,1.0,False,False,0.569743956837086,False,ok_edge_trimmed,False
IMG002604.jpeg,0,0,0,1.0,False,False,0.7540902609648643,False,ok_edge_trimmed,False
IMG002605.jpeg,0,0,0,1.0,False,False,0.6174259228991057,False,ok_edge_trimmed,False
IMG002606.jpeg,0,0,0,1.0,False,False,0.7971813725490197,False,ok_edge_trimmed,False
IMG002607.jpeg,0,0,0,1.0,False,False,0.5087896703938175,False,ok_edge_trimmed,False
IMG002608.jpeg,0,0,0,1.0,False,False,0.7664549687399526,False,ok_edge_trimmed,False
IMG002609.jpeg,0,0,0,1.0,False,False,0.4606963788300836,False,ok_edge_trimmed,False
IMG002610.jpeg,0,0,0,1.0,False,False,0.7446077621581246,True,almost_full_image_edge_trimmed,False
IMG002611.jpeg,0,0,0,1.0,False,False,0.6920251836306401,False,ok_edge_trimmed,False
IMG002612.jpeg,0,0,0,1.0,False,False,0.4744607489939019,False,ok_edge_trimmed,False
IMG002613.jpeg,0,0,0,1.0,False,False,0.625602377262057,False,ok_edge_trimmed,False
IMG002614.jpeg,0,0,0,1.0,False,False,0.7079403373401568,False,ok_edge_trimmed,False
IMG002615.jpeg,0,0,0,1.0,False,False,0.6435219399901252,False,ok_edge_trimmed,False
IMG002616.jpeg,0,0,0,1.0,False,False,0.4505819516693053,False,ok_edge_trimmed,False
IMG002617.jpeg,0,0,0,1.0,False,False,0.8185483870967742,False,ok,False
IMG002618.jpeg,0,0,0,1.0,False,False,0.6519809855597883,False,ok_edge_trimmed,False
IMG002619.jpeg,0,0,0,1.0,False,False,0.5117742810634834,False,ok_edge_trimmed,False
IMG002620.jpeg,0,0,0,1.0,False,False,0.6246384341410222,False,ok_edge_trimmed,False
IMG002621.jpeg,0,0,0,1.0,False,False,0.8379350460889762,False,ok_edge_trimmed,False
IMG002622.jpeg,0,0,0,1.0,False,False,0.5666929755327546,False,ok,False
IMG002623.jpeg,0,0,0,1.0,False,False,0.5764895330112721,False,ok,False
IMG002624.jpeg,0,0,0,1.0,False,False,0.7845373891001267,False,ok,False
IMG002625.jpeg,0,0,0,1.0,False,False,0.6268908873944841,False,ok_edge_trimmed,False
IMG002626.jpeg,0,0,0,1.0,False,False,0.9273476057089504,False,ok_edge_trimmed,False
IMG002627.jpeg,0,0,0,1.0,False,False,0.8219526114434276,False,ok_edge_trimmed,False
IMG002628.jpeg,0,0,0,1.0,False,False,0.6272163120567376,False,ok,False
IMG002629.jpeg,0,0,0,1.0,False,False,0.8045066064024554,False,ok_edge_trimmed,False
IMG002630.jpeg,0,0,0,1.0,False,False,0.4858369098712446,False,ok_edge_trimmed,False
IMG002631.jpeg,0,0,0,1.0,False,False,0.7855973813420621,False,ok,False
IMG002632.jpeg,0,0,0,1.0,False,False,0.4923144488361879,False,ok,False
IMG002633.jpeg,0,0,0,1.0,False,False,0.525979303338671,False,ok_edge_trimmed,False
IMG002634.jpeg,0,0,0,1.0,False,False,0.862439037688271,False,ok_edge_trimmed,False
IMG002635.jpeg,0,0,0,1.0,False,False,0.7469456152663618,False,ok_edge_trimmed,False
IMG002636.jpeg,0,0,0,1.0,False,False,0.5094228061301216,False,ok_edge_trimmed,False
IMG002637.jpeg,0,0,0,1.0,False,False,0.9078947368421052,False,ok_edge_trimmed,False
IMG002638.jpeg,0,0,0,1.0,False,False,0.5202419654467769,False,ok_edge_trimmed,False
IMG002639.jpeg,0,0,0,1.0,False,False,0.5038288338810439,False,ok_edge_trimmed,False
IMG002640.jpeg,0,0,0,1.0,False,False,0.9539285714285716,False,ok,False
IMG002641.jpeg,0,0,0,1.0,False,False,0.2606579257281934,False,ok_edge_trimmed,False
IMG002642.jpeg,0,0,0,1.0,False,False,1.0,True,almost_full_image,False
IMG002643.jpeg,0,0,0,1.0,False,False,0.6851906273265154,False,ok_edge_trimmed,False
IMG002644.jpeg,0,0,0,1.0,False,False,0.8889285714285714,False,ok_edge_trimmed,False
IMG002645.jpeg,0,0,0,1.0,False,False,0.5673277687803663,False,ok_edge_trimmed,False
IMG002646.jpeg,0,0,0,1.0,False,False,0.8892857142857142,False,ok,False
IMG002647.jpeg,0,0,0,1.0,False,False,0.6757527950310559,False,ok_edge_trimmed,False
IMG002648.jpeg,0,0,0,1.0,False,False,0.8808290155440415,False,ok,False
IMG002649.jpeg,0,0,0,1.0,False,False,0.5261398085746243,False,ok_edge_trimmed,False
IMG002650.jpeg,0,0,0,1.0,False,False,0.7365477067880156,False,ok_edge_trimmed,False
IMG002651.jpeg,0,0,0,1.0,False,False,0.8257839721254355,False,ok,False
IMG002652.jpeg,0,0,0,1.0,False,False,1.0,True,almost_full_image,False
IMG002653.jpeg,0,0,0,1.0,False,False,0.6029411764705882,False,ok,False
IMG002654.jpeg,0,0,0,1.0,False,False,0.9952539155196962,True,almost_full_image_edge_trimmed,False
IMG002655.jpeg,0,0,0,1.0,False,False,0.8004296199769427,False,ok_edge_trimmed,False
IMG002656.jpeg,0,0,0,1.0,False,False,0.748601811498799,False,ok_edge_trimmed,False
IMG002657.jpeg,0,0,0,1.0,False,False,0.4273724161796687,False,ok_edge_trimmed,False
IMG002658.jpeg,0,0,0,1.0,False,False,0.9613433867527258,False,ok_edge_trimmed,False
IMG002659.jpeg,0,0,0,1.0,False,False,0.4404332129963899,False,ok,False
IMG002660.jpeg,0,0,0,1.0,False,False,0.8090363257098829,True,almost_full_image_edge_trimmed,False
IMG002661.jpeg,0,0,0,1.0,False,False,0.4431063122923588,False,ok,False
IMG002662.jpeg,0,0,0,1.0,False,False,0.5844815083393764,False,ok,False
IMG002663.jpeg,0,0,0,1.0,False,False,0.3917995704713914,False,ok_edge_trimmed,False
IMG002664.jpeg,0,0,0,1.0,False,False,0.5864618885096701,False,ok_edge_trimmed,False
IMG002665.jpeg,0,0,0,1.0,False,False,0.7060552306924338,False,ok_edge_trimmed,False
IMG002666.jpeg,0,0,0,1.0,False,False,0.6680915398156777,False,ok,False
IMG002667.jpeg,0,0,0,1.0,False,False,0.1962864021206129,False,ok_edge_trimmed,False
IMG002668.jpeg,0,0,0,1.0,False,False,0.503125,False,ok_edge_trimmed,False
IMG002669.jpeg,0,0,0,1.0,False,False,0.7186507936507937,False,ok,False
IMG002670.jpeg,0,0,0,1.0,False,False,0.5544255146992718,False,ok_edge_trimmed,False
IMG002671.jpeg,0,0,0,1.0,False,False,0.5654303445177972,False,ok_edge_trimmed,False
IMG002672.jpeg,0,0,0,1.0,False,False,0.6380368098159509,False,ok_edge_trimmed,False
IMG002673.jpeg,0,0,0,1.0,False,False,0.9004903119092628,True,almost_full_image_edge_trimmed,False
IMG002674.jpeg,0,0,0,1.0,False,False,0.8122736957479065,False,ok_edge_trimmed,False
IMG002675.jpeg,0,0,0,1.0,False,False,0.6005402540614991,False,ok_edge_trimmed,False
IMG002676.jpeg,0,0,0,1.0,False,False,0.7697833012779788,False,ok_edge_trimmed,False
IMG002677.jpeg,0,0,0,1.0,False,False,0.7696501694915254,False,ok_edge_trimmed,False
IMG002678.jpeg,0,0,0,1.0,False,False,0.7783924088336667,False,ok_edge_trimmed,False
IMG002679.jpeg,0,0,0,1.0,False,False,0.4412469452226262,False,ok_edge_trimmed,False
IMG002680.jpeg,0,0,0,1.0,False,False,1.0,True,almost_full_image,False
IMG002681.jpeg,0,0,0,1.0,False,False,0.4712570420024246,False,ok_edge_trimmed,False
IMG002682.jpeg,0,0,0,1.0,False,False,0.55950991831972,False,ok_edge_trimmed,False
IMG002683.jpeg,0,0,0,1.0,False,False,0.6770996348461137,False,ok,False
IMG002684.jpeg,0,0,0,1.0,False,False,0.5235943775100401,False,ok_edge_trimmed,False
IMG002685.jpeg,0,0,0,1.0,False,False,0.5123529411764706,False,ok,False
IMG002686.jpeg,0,0,0,1.0,False,False,0.7696501694915254,False,ok_edge_trimmed,False
IMG002687.jpeg,0,0,0,1.0,False,False,0.7400891181702047,False,ok_edge_trimmed,False
IMG002688.jpeg,0,0,0,1.0,False,False,0.7172712329303254,False,ok_edge_trimmed,False
IMG002689.jpeg,0,0,0,1.0,False,False,0.667063492063492,False,ok,False
IMG002690.jpeg,0,0,0,1.0,False,False,0.5269556025369979,False,ok_edge_trimmed,False
IMG002691.jpeg,0,0,0,1.0,False,False,0.8608179419525066,False,ok_edge_trimmed,False
IMG002692.jpeg,0,0,0,1.0,False,False,0.8298079973948765,False,ok_edge_trimmed,False
IMG002693.jpeg,0,0,0,1.0,False,False,0.7224255096706743,False,ok,False
IMG002694.jpeg,0,0,0,1.0,False,False,0.7317460317460317,False,ok,False
IMG002695.jpeg,0,0,0,1.0,False,False,0.8301567132570945,False,ok,False
IMG002696.jpeg,0,0,0,1.0,False,False,0.8770078017439192,False,ok,False
IMG002697.jpeg,0,0,0,1.0,False,False,0.7564568861758341,False,ok,False
IMG002698.jpeg,0,0,0,1.0,False,False,0.5016674276403549,False,ok_edge_trimmed,False
IMG002699.jpeg,0,0,0,1.0,False,False,0.8521825396825397,False,ok,False
IMG002700.jpeg,0,0,0,1.0,False,False,0.6866915445862815,False,ok_edge_trimmed,False
IMG002701.jpeg,0,0,0,1.0,False,False,0.7921146953405018,False,ok,False
IMG002702.jpeg,0,0,0,1.0,False,False,0.8130125751776928,False,ok,False
IMG002703.jpeg,0,0,0,1.0,False,False,0.8956148713060057,False,ok,False
IMG002704.jpeg,0,0,0,1.0,False,False,0.6327092511013216,False,ok,False
IMG002705.jpeg,0,0,0,1.0,False,False,0.8175476904963118,False,ok,False
IMG002706.jpeg,0,0,0,1.0,False,False,0.7592,True,almost_full_image_edge_trimmed,False
IMG002707.jpeg,0,0,0,1.0,False,False,0.7312,True,almost_full_image_edge_trimmed,False
IMG002708.jpeg,0,0,0,1.0,False,False,0.592032967032967,False,ok,False
IMG002709.jpeg,0,0,0,1.0,False,False,0.7004264392324094,False,ok,False
IMG002710.jpeg,0,0,0,1.0,False,False,0.4103910745742807,False,ok_edge_trimmed,False
IMG002711.jpeg,0,0,0,1.0,False,False,0.6853167293233082,False,ok_edge_trimmed,False
IMG002712.jpeg,0,0,0,1.0,False,False,0.4466809015421115,False,ok_edge_trimmed,False
IMG002713.jpeg,0,0,0,1.0,False,False,0.7722447724477245,False,ok,False
IMG002714.jpeg,0,0,0,1.0,False,False,0.7239728100833861,False,ok_edge_trimmed,False
IMG002715.jpeg,0,0,0,1.0,False,False,1.0,True,almost_full_image,False
IMG002716.jpeg,0,0,0,1.0,False,False,0.8405114302154164,False,ok_edge_trimmed,False
IMG002717.jpeg,0,0,0,1.0,False,False,0.6995433145445727,False,ok_edge_trimmed,False
IMG002718.jpeg,0,0,0,1.0,False,False,0.7541672193258941,False,ok_edge_trimmed,False
IMG002719.jpeg,0,0,0,1.0,False,False,0.5868849460398756,False,ok_edge_trimmed,False
IMG002720.jpeg,0,0,0,1.0,False,False,0.677771047849788,False,ok,False
IMG002721.jpeg,0,0,0,1.0,False,False,0.7025561018725137,False,ok_edge_trimmed,False
IMG002722.jpeg,0,0,0,1.0,False,False,0.8834841628959276,False,ok_edge_trimmed,False
IMG002723.jpeg,0,0,0,1.0,False,False,1.0,True,almost_full_image,False
IMG002724.jpeg,0,0,0,1.0,False,False,0.5044612216884008,False,ok,False
IMG002725.jpeg,0,0,0,1.0,False,False,0.4683179723502304,False,ok_edge_trimmed,False
IMG002726.jpeg,0,0,0,1.0,False,False,0.5619212962962963,False,ok_edge_trimmed,False
IMG002727.jpeg,0,0,0,1.0,False,False,0.6413934426229508,False,ok_edge_trimmed,False
IMG002728.jpeg,0,0,0,1.0,False,False,0.5034385154504663,False,ok_edge_trimmed,False
IMG002729.jpeg,0,0,0,1.0,False,False,0.6964431605048161,False,ok_edge_trimmed,False
IMG002730.jpeg,0,0,0,1.0,False,False,0.6468886894641548,False,ok_edge_trimmed,False
IMG002731.jpeg,0,0,0,1.0,False,False,0.7764984525088248,False,ok_edge_trimmed,False
IMG002732.jpeg,0,0,0,1.0,False,False,0.4939393939393939,False,ok_edge_trimmed,False
IMG002733.jpeg,0,0,0,1.0,False,False,0.6258738453474254,False,ok_edge_trimmed,False
IMG002734.jpeg,0,0,0,1.0,False,False,0.3941299790356394,False,ok_edge_trimmed,False
IMG002735.jpeg,0,0,0,1.0,False,False,0.5283018867924528,False,ok,False
IMG002736.jpeg,0,0,0,1.0,False,False,0.7558305568776773,False,ok,False
IMG002737.jpeg,0,0,0,1.0,False,False,0.7267310817136735,False,ok,False
IMG002738.jpeg,0,0,0,1.0,False,False,0.6697154471544715,True,almost_full_image_edge_trimmed,False
IMG002739.jpeg,0,0,0,1.0,False,False,0.7466441251056636,False,ok_edge_trimmed,False
IMG002740.jpeg,0,0,0,1.0,False,False,0.8266806722689075,False,ok,False
IMG002741.jpeg,0,0,0,1.0,False,False,0.5229681978798587,False,ok_edge_trimmed,False
IMG002742.jpeg,0,0,0,1.0,False,False,0.8266328876923129,False,ok,False
IMG002743.jpeg,0,0,0,1.0,False,False,0.7245657568238213,False,ok,False
IMG002744.jpeg,0,0,0,1.0,False,False,0.8329273939926974,False,ok_edge_trimmed,False
IMG002745.jpeg,0,0,0,1.0,False,False,0.5956676689352242,False,ok_edge_trimmed,False
IMG002746.jpeg,0,0,0,1.0,False,False,0.5775880950683061,False,ok_edge_trimmed,False
IMG002747.jpeg,0,0,0,1.0,False,False,0.4334381551362683,False,ok_edge_trimmed,False
IMG002748.jpeg,0,0,0,1.0,False,False,0.6865050710425906,False,ok_edge_trimmed,False
IMG002749.jpeg,0,0,0,1.0,False,False,0.8336097291321172,False,ok_edge_trimmed,False
IMG002750.jpeg,0,0,0,1.0,False,False,0.7969886998941234,False,ok_edge_trimmed,False
IMG002751.jpeg,0,0,0,1.0,False,False,0.5170451612903226,False,ok_edge_trimmed,False
IMG002752.jpeg,0,0,0,1.0,False,False,0.6571383195851325,False,ok_edge_trimmed,False
IMG002753.jpeg,0,0,0,1.0,False,False,0.7130699088145896,False,ok_edge_trimmed,False
IMG002754.jpeg,0,0,0,1.0,False,False,0.8600389496479169,False,ok_edge_trimmed,False
IMG002755.jpeg,0,0,0,1.0,False,False,0.7908294743525578,False,ok_edge_trimmed,False
IMG002756.jpeg,0,0,0,1.0,False,False,0.7763239663643602,False,ok_edge_trimmed,False
IMG002757.jpeg,0,0,0,1.0,False,False,0.8171974522292994,False,ok,False
IMG002758.jpeg,0,0,0,1.0,False,False,0.6083222338244263,False,ok_edge_trimmed,False
IMG002759.jpeg,0,0,0,1.0,False,False,0.6922779830877165,False,ok_edge_trimmed,False
IMG002760.jpeg,0,0,0,1.0,False,False,0.8726993865030674,False,ok,False
IMG002761.jpeg,0,0,0,1.0,False,False,0.6089906744560963,False,ok_edge_trimmed,False
IMG002762.jpeg,0,0,0,1.0,False,False,0.4726487523992322,False,ok,False
IMG002763.jpeg,0,0,0,1.0,False,False,0.3028856107660455,False,ok_edge_trimmed,False
IMG002764.jpeg,0,0,0,1.0,False,False,0.6405353728489483,False,ok,False
IMG002765.jpeg,0,0,0,1.0,False,False,0.3887805609719514,False,ok_edge_trimmed,False
IMG002766.jpeg,0,0,0,1.0,False,False,0.7550145001888231,False,ok,False
IMG002767.jpeg,0,0,0,1.0,False,False,0.8043957729021046,False,ok,False
IMG002768.jpeg,0,0,0,1.0,False,False,1.0,True,almost_full_image,False
IMG002769.jpeg,0,0,0,1.0,False,False,0.8987827691443311,False,ok,False
IMG002770.jpeg,0,0,0,1.0,False,False,0.6300992282249173,False,ok,False
IMG002771.jpeg,0,0,0,1.0,False,False,0.8532580835485399,False,ok,False
IMG002772.jpeg,0,0,0,1.0,False,False,0.5834423023227722,False,ok_edge_trimmed,False
IMG002773.jpeg,0,0,0,1.0,False,False,0.7678244972577697,False,ok_edge_trimmed,False
IMG002774.jpeg,0,0,0,1.0,False,False,0.8725734196117472,False,ok,False
IMG002775.jpeg,0,0,0,1.0,False,False,1.0,True,almost_full_image,False
IMG002776.jpeg,0,0,0,1.0,False,False,0.6874638937030618,False,ok,False
IMG002777.jpeg,0,0,0,1.0,False,False,0.5847241040075901,False,ok,False
IMG002778.jpeg,0,0,0,1.0,False,False,0.7824359990221504,False,ok,False
IMG002779.jpeg,0,0,0,1.0,False,False,0.8839984463999184,False,ok,False
IMG002780.jpeg,0,0,0,1.0,False,False,0.6940690439966851,False,ok,False
IMG002781.jpeg,0,0,0,1.0,False,False,0.8719306692344728,False,ok,False
IMG002782.jpeg,0,0,0,1.0,False,False,0.3648029818956336,False,ok_edge_trimmed,False
IMG002783.jpeg,0,0,0,1.0,False,False,0.5171875,False,ok_edge_trimmed,False
IMG002784.jpeg,0,0,0,1.0,False,False,0.8595080416272469,False,ok,False
IMG002785.jpeg,0,0,0,1.0,False,False,0.3123015873015873,False,ok_edge_trimmed,False
IMG002786.jpeg,0,0,0,1.0,False,False,0.8275344264010637,False,ok_edge_trimmed,False
IMG002787.jpeg,0,0,0,1.0,False,False,0.6817460317460318,False,ok,False
IMG002788.jpeg,0,0,0,1.0,False,False,0.6334758704948076,False,ok,False
IMG002789.jpeg,0,0,0,1.0,False,False,0.2839469547137279,False,ok_edge_trimmed,False
IMG002790.jpeg,0,0,0,1.0,False,False,0.8211640211640212,False,ok,False
IMG002791.jpeg,0,0,0,1.0,False,False,0.836574074074074,False,ok,False
IMG002792.jpeg,0,0,0,1.0,False,False,0.4032179382413391,False,ok_edge_trimmed,False
IMG002793.jpeg,0,0,0,1.0,False,False,0.3930041152263374,False,ok_edge_trimmed,False
IMG002794.jpeg,0,0,0,1.0,False,False,0.6493362831858407,False,ok,False
IMG002795.jpeg,0,0,0,1.0,False,False,0.5777777777777777,False,ok_edge_trimmed,False
IMG002796.jpeg,0,0,0,1.0,False,False,0.5764842602270153,False,ok_edge_trimmed,False
IMG002797.jpeg,0,0,0,1.0,False,False,0.4136518048449866,False,ok_edge_trimmed,False
IMG002798.jpeg,0,0,0,1.0,False,False,1.0,True,almost_full_image,False
IMG002799.jpeg,0,0,0,1.0,False,False,0.6373801823079612,False,ok_edge_trimmed,False
IMG002800.jpeg,0,0,0,1.0,False,False,0.5463462821090581,False,ok_edge_trimmed,False
IMG002801.jpeg,0,0,0,1.0,False,False,0.931372549019608,False,ok,False
IMG002802.jpeg,0,0,0,1.0,False,False,0.9070631970260224,False,ok,False
IMG002803.jpeg,0,0,0,1.0,False,False,0.8913146654010441,False,ok,False
IMG002804.jpeg,0,0,0,1.0,False,False,0.8983196897888841,False,ok,False
IMG002805.jpeg,0,0,0,1.0,False,False,0.6114130434782609,False,ok_edge_trimmed,False
IMG002806.jpeg,0,0,0,1.0,False,False,0.69,False,ok,False
IMG002807.jpeg,0,0,0,1.0,False,False,0.6800703828072532,False,ok_edge_trimmed,False
IMG002808.jpeg,0,0,0,1.0,False,False,0.5417857142857143,False,ok,False
IMG002809.jpeg,0,0,0,1.0,False,False,0.4653571428571428,False,ok,False
IMG002810.jpeg,0,0,0,1.0,False,False,0.5714982918496828,False,ok_edge_trimmed,False
IMG002811.jpeg,0,0,0,1.0,False,False,0.7388160867600543,False,ok,False
IMG002812.jpeg,0,0,0,1.0,False,False,0.7103571428571429,False,ok,False
IMG002813.jpeg,0,0,0,1.0,False,False,0.7853457172342622,False,ok,False
IMG002814.jpeg,0,0,0,1.0,False,False,0.3328214032452996,False,ok_edge_trimmed,False
IMG002815.jpeg,0,0,0,1.0,False,False,0.9147954393024816,False,ok_edge_trimmed,False
IMG002816.jpeg,0,0,0,1.0,False,False,0.2993382006267853,False,ok_edge_trimmed,False
IMG002817.jpeg,0,0,0,1.0,False,False,0.8492857142857143,False,ok,False
IMG002818.jpeg,0,0,0,1.0,False,False,0.5396428571428571,False,ok,False
IMG002819.jpeg,0,0,0,1.0,False,False,0.8535714285714285,False,ok,False
IMG002820.jpeg,0,0,0,1.0,False,False,0.6760714285714285,False,ok,False
IMG002821.jpeg,0,0,0,1.0,False,False,0.5483359746434231,False,ok_edge_trimmed,False
IMG002822.jpeg,0,0,0,1.0,False,False,0.758288125376733,False,ok_edge_trimmed,False
IMG002823.jpeg,0,0,0,1.0,False,False,0.8396201743462017,False,ok_edge_trimmed,False
IMG002824.jpeg,0,0,0,1.0,False,False,0.6741445030379457,False,ok_edge_trimmed,False
IMG002825.jpeg,0,0,0,1.0,False,False,0.7176045159730471,False,ok_edge_trimmed,False
IMG002826.jpeg,0,0,0,1.0,False,False,0.8567460317460317,False,ok,False
IMG002827.jpeg,0,0,0,1.0,False,False,0.9456349206349206,False,ok,False
IMG002828.jpeg,0,0,0,1.0,False,False,0.7504611473569829,False,ok,False
IMG002829.jpeg,0,0,0,1.0,False,False,0.6708583068907431,False,ok_edge_trimmed,False
IMG002830.jpeg,0,0,0,1.0,False,False,0.6882604121542175,False,ok,False
IMG002831.jpeg,0,0,0,1.0,False,False,0.6304033269381236,False,ok_edge_trimmed,False
IMG002832.jpeg,0,0,0,1.0,False,False,0.6116207951070336,False,ok,False
IMG002833.jpeg,0,0,0,1.0,False,False,0.3628378378378378,False,ok_edge_trimmed,False
IMG002834.jpeg,0,0,0,1.0,False,False,0.9125379170879676,False,ok_edge_trimmed,False
IMG002835.jpeg,0,0,0,1.0,False,False,0.5010562867881355,False,ok_edge_trimmed,False
IMG002836.jpeg,0,0,0,1.0,False,False,0.5062006764374295,False,ok,False
IMG002837.jpeg,0,0,0,1.0,False,False,0.525984375,False,ok,False
IMG002838.jpeg,0,0,0,1.0,False,False,0.7070336391437309,False,ok_edge_trimmed,False
IMG002839.jpeg,0,0,0,1.0,False,False,0.429375,False,ok,False
IMG002840.jpeg,0,0,0,1.0,False,False,0.7783951626082694,False,ok_edge_trimmed,False
IMG002841.jpeg,0,0,0,1.0,False,False,0.6636475036421458,False,ok_edge_trimmed,False
IMG002842.jpeg,0,0,0,1.0,False,False,0.826862574218369,False,ok_edge_trimmed,False
IMG002843.jpeg,0,0,0,1.0,False,False,0.66505153472551,False,ok_edge_trimmed,False
IMG002844.jpeg,0,0,0,1.0,False,False,0.6574776822027876,False,ok_edge_trimmed,False
IMG002845.jpeg,0,0,0,1.0,False,False,0.7157451923076923,False,ok_edge_trimmed,False
IMG002846.jpeg,0,0,0,1.0,False,False,0.8044157697448421,False,ok_edge_trimmed,False
IMG002847.jpeg,0,0,0,1.0,False,False,0.4140625,False,ok_edge_trimmed,False
IMG002848.jpeg,0,0,0,1.0,False,False,0.584843304531725,False,ok_edge_trimmed,False
IMG002849.jpeg,0,0,0,1.0,False,False,0.7083836260250409,False,ok,False
IMG002850.jpeg,0,0,0,1.0,False,False,0.5356769828974701,False,ok,False
IMG002851.jpeg,0,0,0,1.0,False,False,0.5361842105263158,False,ok,False
IMG002852.jpeg,0,0,0,1.0,False,False,0.6465978946257552,False,ok,False
IMG002853.jpeg,0,0,0,1.0,False,False,0.6384071677451468,False,ok,False
IMG002854.jpeg,0,0,0,1.0,False,False,0.572140155254653,False,ok,False
IMG002855.jpeg,0,0,0,1.0,False,False,0.585383502170767,False,ok_edge_trimmed,False
IMG002856.jpeg,0,0,0,1.0,False,False,0.6431034482758621,False,ok,False
IMG002857.jpeg,0,0,0,1.0,False,False,0.8252262443438914,False,ok,False
IMG002858.jpeg,0,0,0,1.0,False,False,0.8216748768472907,False,ok,False
IMG002859.jpeg,0,0,0,1.0,False,False,0.743959631382136,False,ok_edge_trimmed,False
IMG002860.jpeg,0,0,0,1.0,False,False,0.523747560182173,False,ok_edge_trimmed,False
IMG002861.jpeg,0,0,0,1.0,False,False,0.7199383350462487,False,ok,False
IMG002862.jpeg,0,0,0,1.0,False,False,0.5015906680805938,False,ok,False
IMG002863.jpeg,0,0,0,1.0,False,False,0.5530499023056432,False,ok_edge_trimmed,False
IMG002864.jpeg,0,0,0,1.0,False,False,0.6035889070146819,False,ok_edge_trimmed,False
IMG002865.jpeg,0,0,0,1.0,False,False,0.3548621190130624,False,ok,False
IMG002866.jpeg,0,0,0,1.0,False,False,0.7522255192878339,False,ok,False
IMG002867.jpeg,0,0,0,1.0,False,False,0.5835229679840223,False,ok,False
IMG002868.jpeg,0,0,0,1.0,False,False,0.8315113863339334,False,ok_edge_trimmed,False
IMG002869.jpeg,0,0,0,1.0,False,False,0.8036727308294209,False,ok,False
IMG002870.jpeg,0,0,0,1.0,False,False,0.9663263801628886,True,almost_full_image_edge_trimmed,False
IMG002871.jpeg,0,0,0,1.0,False,False,0.4728531697193465,False,ok_edge_trimmed,False
IMG002872.jpeg,0,0,0,1.0,False,False,0.6723704076497232,False,ok_edge_trimmed,False
IMG002873.jpeg,0,0,0,1.0,False,False,0.5676014419852448,False,ok,False
IMG002874.jpeg,0,0,0,1.0,False,False,0.7026737967914438,False,ok,False
IMG002875.jpeg,0,0,0,1.0,False,False,0.775191356751423,False,ok,False
IMG002876.jpeg,0,0,0,1.0,False,False,0.76981610388744,False,ok_edge_trimmed,False
IMG002877.jpeg,0,0,0,1.0,False,False,0.7554629368992952,False,ok_edge_trimmed,False
IMG002878.jpeg,0,0,0,1.0,False,False,0.989421964389021,True,almost_full_image_edge_trimmed,False
IMG002879.jpeg,0,0,0,1.0,False,False,0.5999748985482993,False,ok_edge_trimmed,False
IMG002880.jpeg,0,0,0,1.0,False,False,0.662322553915262,False,ok,False
IMG002881.jpeg,0,0,0,1.0,False,False,0.9894339985661572,True,almost_full_image_edge_trimmed,False
IMG002882.jpeg,0,0,0,1.0,False,False,0.6121413834523874,False,ok_edge_trimmed,False
IMG002883.jpeg,0,0,0,1.0,False,False,0.8622787610619469,False,ok,False
IMG002884.jpeg,0,0,0,1.0,False,False,0.5682452098804729,False,ok_edge_trimmed,False
IMG002885.jpeg,0,0,0,1.0,False,False,0.7360066833751044,False,ok_edge_trimmed,False
IMG002886.jpeg,0,0,0,1.0,False,False,0.6888888888888889,False,ok,False
IMG002887.jpeg,0,0,0,1.0,False,False,0.4111111111111111,False,ok,False
IMG002888.jpeg,0,0,0,1.0,False,False,0.5031746031746032,False,ok,False
IMG002889.jpeg,0,0,0,1.0,False,False,0.7309523809523809,False,ok,False
IMG002890.jpeg,0,0,0,1.0,False,False,0.5874303698515152,False,ok_edge_trimmed,False
IMG002891.jpeg,0,0,0,1.0,False,False,0.8643283645262456,False,ok_edge_trimmed,False
IMG002892.jpeg,0,0,0,1.0,False,False,0.5847887323943662,False,ok,False
IMG002893.jpeg,0,0,0,1.0,False,False,0.7139534305641781,False,ok_edge_trimmed,False
IMG002894.jpeg,0,0,0,1.0,False,False,0.6307225394181568,False,ok_edge_trimmed,False
IMG002895.jpeg,0,0,0,1.0,False,False,0.4901009238671213,False,ok_edge_trimmed,False
IMG002896.jpeg,0,0,0,1.0,False,False,0.6738280382841885,False,ok_edge_trimmed,False
IMG002897.jpeg,0,0,0,1.0,False,False,0.6197554543274995,False,ok_edge_trimmed,False
IMG002898.jpeg,0,0,0,1.0,False,False,0.7952540171185575,False,ok_edge_trimmed,False
IMG002899.jpeg,0,0,0,1.0,False,False,0.5509615384615385,False,ok_edge_trimmed,False
IMG002900.jpeg,0,0,0,1.0,False,False,0.9045102296250764,False,ok_edge_trimmed,False
IMG002901.jpeg,0,0,0,1.0,False,False,0.9153439153439152,False,ok,False
IMG002902.jpeg,0,0,0,1.0,False,False,0.7915936952714536,False,ok_edge_trimmed,False
IMG002903.jpeg,0,0,0,1.0,False,False,0.5670114378588814,False,ok_edge_trimmed,False
IMG002904.jpeg,0,0,0,1.0,False,False,0.6796881137106128,False,ok_edge_trimmed,False
IMG002905.jpeg,0,0,0,1.0,False,False,0.7409458506471667,False,ok_edge_trimmed,False
IMG002906.jpeg,0,0,0,1.0,False,False,0.5398970398970399,False,ok_edge_trimmed,False
IMG002907.jpeg,0,0,0,1.0,False,False,0.7123143472754486,False,ok,False
IMG002908.jpeg,0,0,0,1.0,False,False,0.7378048780487805,False,ok_edge_trimmed,False
IMG002909.jpeg,0,0,0,1.0,False,False,0.707473756423776,False,ok_edge_trimmed,False
IMG002910.jpeg,0,0,0,1.0,False,False,0.4556354916067146,False,ok,False
IMG002911.jpeg,0,0,0,1.0,False,False,0.983957219251337,True,almost_full_image_edge_trimmed,False
IMG002912.jpeg,0,0,0,1.0,False,False,0.8006172839506173,False,ok_edge_trimmed,False
IMG002913.jpeg,0,0,0,1.0,False,False,0.6703267400162772,False,ok_edge_trimmed,False
IMG002914.jpeg,0,0,0,1.0,False,False,0.7846062052505967,False,ok_edge_trimmed,False
IMG002915.jpeg,0,0,0,1.0,False,False,0.5823067840885146,False,ok_edge_trimmed,False
IMG002916.jpeg,0,0,0,1.0,False,False,0.7548076923076923,False,ok_edge_trimmed,False
IMG002917.jpeg,0,0,0,1.0,False,False,0.8618449545257687,False,ok,False
IMG002918.jpeg,0,0,0,1.0,False,False,0.7270618541722362,False,ok_edge_trimmed,False
IMG002919.jpeg,0,0,0,1.0,False,False,0.7410835155680516,False,ok,False
IMG002920.jpeg,0,0,0,1.0,False,False,0.4877777777777777,False,ok_edge_trimmed,False
IMG002921.jpeg,0,0,0,1.0,False,False,0.9747446481244608,True,almost_full_image_edge_trimmed,False
IMG002922.jpeg,0,0,0,1.0,False,False,0.7861111111111111,False,ok,False
IMG002923.jpeg,0,0,0,1.0,False,False,0.6615000113841557,False,ok,False
IMG002924.jpeg,0,0,0,1.0,False,False,0.8580881394237038,False,ok_edge_trimmed,False
IMG002925.jpeg,0,0,0,1.0,False,False,0.6717767383694089,False,ok_edge_trimmed,False
IMG002926.jpeg,0,0,0,1.0,False,False,0.7096044707920556,False,ok_edge_trimmed,False
IMG002927.jpeg,0,0,0,1.0,False,False,0.6284470246734397,False,ok_edge_trimmed,False
IMG002928.jpeg,0,0,0,1.0,False,False,0.7722016695064359,False,ok_edge_trimmed,False
IMG002929.jpeg,0,0,0,1.0,False,False,0.5792461789583024,False,ok,False
IMG002930.jpeg,0,0,0,1.0,False,False,0.4434215390106178,False,ok,False
IMG002931.jpeg,0,0,0,1.0,False,False,0.7673975207274631,False,ok_edge_trimmed,False
IMG002932.jpeg,0,0,0,1.0,False,False,0.8216740240372223,False,ok_edge_trimmed,False
IMG002933.jpeg,0,0,0,1.0,False,False,0.7745732783990583,False,ok_edge_trimmed,False
IMG002934.jpeg,0,0,0,1.0,False,False,0.5413240755162435,False,ok_edge_trimmed,False
IMG002935.jpeg,0,0,0,1.0,False,False,0.7374551971326165,False,ok_edge_trimmed,False
IMG002936.jpeg,0,0,0,1.0,False,False,0.9331103678929766,False,ok,False
IMG002937.jpeg,0,0,0,1.0,False,False,0.961472602739726,False,ok,False
IMG002938.jpeg,0,0,0,1.0,False,False,0.4482967212372029,False,ok_edge_trimmed,False
IMG002939.jpeg,0,0,0,1.0,False,False,0.3666415254437033,False,ok_edge_trimmed,False
IMG002940.jpeg,0,0,0,1.0,False,False,0.9462973431317128,False,ok,False
IMG002941.jpeg,0,0,0,1.0,False,False,0.4472908247400791,False,ok_edge_trimmed,False
IMG002942.jpeg,0,0,0,1.0,False,False,0.6998531626506024,False,ok_edge_trimmed,False
IMG002943.jpeg,0,0,0,1.0,False,False,0.4398669098246158,False,ok_edge_trimmed,False
IMG002944.jpeg,0,0,0,1.0,False,False,0.7954738412882247,False,ok_edge_trimmed,False
IMG002945.jpeg,0,0,0,1.0,False,False,0.9022082018927444,False,ok,False
IMG002946.jpeg,0,0,0,1.0,False,False,0.9213483146067416,False,ok_edge_trimmed,False
IMG002947.jpeg,0,0,0,1.0,False,False,1.0,True,almost_full_image,False
IMG002948.jpeg,0,0,0,1.0,False,False,0.6688228885549329,False,ok_edge_trimmed,False
IMG002949.jpeg,0,0,0,1.0,False,False,0.5505549695740365,False,ok_edge_trimmed,False
IMG002950.jpeg,0,0,0,1.0,False,False,0.4051916472000469,False,ok_edge_trimmed,False
IMG002951.jpeg,0,0,0,1.0,False,False,0.6599866399465598,False,ok,False
IMG002952.jpeg,0,0,0,1.0,False,False,0.8125478194338179,False,ok_edge_trimmed,False
IMG002953.jpeg,0,0,0,1.0,False,False,0.9414634719285884,True,almost_full_image_edge_trimmed,False
IMG002954.jpeg,0,0,0,1.0,False,False,0.627514600908501,False,ok,False
IMG002955.jpeg,0,0,0,1.0,False,False,0.8032786407823539,False,ok_edge_trimmed,False
IMG002956.jpeg,0,0,0,1.0,False,False,0.5279269738566764,False,ok,False
IMG002957.jpeg,0,0,0,1.0,False,False,0.4909276097455683,False,ok_edge_trimmed,False
IMG002958.jpeg,0,0,0,1.0,False,False,0.7636488877129068,False,ok_edge_trimmed,False
IMG002959.jpeg,0,0,0,1.0,False,False,0.7863414569815899,False,ok_edge_trimmed,False
IMG002960.jpeg,0,0,0,1.0,False,False,0.5741158765989466,False,ok,False
IMG002961.jpeg,0,0,0,1.0,False,False,0.8267326732673267,False,ok,False
IMG002962.jpeg,0,0,0,1.0,False,False,0.8368857360295716,False,ok_edge_trimmed,False
IMG002963.jpeg,0,0,0,1.0,False,False,0.852445837515084,False,ok_edge_trimmed,False
IMG002964.jpeg,0,0,0,1.0,False,False,0.6787463760362371,False,ok,False
IMG002965.jpeg,0,0,0,1.0,False,False,0.6500089090537716,False,ok,False
IMG002966.jpeg,0,0,0,1.0,False,False,0.937570991699432,True,almost_full_image_edge_trimmed,False
IMG002967.jpeg,0,0,0,1.0,False,False,0.6652357850240854,False,ok_edge_trimmed,False
IMG002968.jpeg,0,0,0,1.0,False,False,0.7404321719927728,False,ok_edge_trimmed,False
IMG002969.jpeg,0,0,0,1.0,False,False,0.6457295315600329,False,ok_edge_trimmed,False
IMG002970.jpeg,0,0,0,1.0,False,False,0.7217416637481908,False,ok_edge_trimmed,False
IMG002971.jpeg,0,0,0,1.0,False,False,0.5182449267949296,False,ok_edge_trimmed,False
IMG002972.jpeg,0,0,0,1.0,False,False,0.864121134951713,False,ok_edge_trimmed,False
IMG002973.jpeg,0,0,0,1.0,False,False,0.6881773399014778,False,ok_edge_trimmed,False
IMG002974.jpeg,0,0,0,1.0,False,False,0.7965631929046563,False,ok_edge_trimmed,False
IMG002975.jpeg,0,0,0,1.0,False,False,0.7664387164650184,False,ok_edge_trimmed,False
IMG002976.jpeg,0,0,0,1.0,False,False,0.6281986954340191,False,ok,False
IMG002977.jpeg,0,0,0,1.0,False,False,0.7034636279359234,False,ok_edge_trimmed,False
IMG002978.jpeg,0,0,0,1.0,False,False,0.8226415094339623,False,ok_edge_trimmed,False
IMG002979.jpeg,0,0,0,1.0,False,False,0.7616785431512272,False,ok,False
IMG002980.jpeg,0,0,0,1.0,False,False,0.4980372360671178,False,ok,False
IMG002981.jpeg,0,0,0,1.0,False,False,0.8096164088378274,False,ok_edge_trimmed,False
IMG002982.jpeg,0,0,0,1.0,False,False,0.8539145462541942,False,ok_edge_trimmed,False
IMG002983.jpeg,0,0,0,1.0,False,False,0.3919602272727273,False,ok_edge_trimmed,False
IMG002984.jpeg,0,0,0,1.0,False,False,0.6196335588402675,False,ok_edge_trimmed,False
IMG002985.jpeg,0,0,0,1.0,False,False,0.7821146245059288,False,ok,False
IMG002986.jpeg,0,0,0,1.0,False,False,0.6917064780905141,False,ok_edge_trimmed,False
IMG002987.jpeg,0,0,0,1.0,False,False,0.883399209486166,False,ok,False
IMG002988.jpeg,0,0,0,1.0,False,False,0.9778675466545288,True,almost_full_image_edge_trimmed,False
IMG002989.jpeg,0,0,0,1.0,False,False,0.4217479674796748,False,ok_edge_trimmed,False
IMG002990.jpeg,0,0,0,1.0,False,False,0.6084469583400004,False,ok_edge_trimmed,False
IMG002991.jpeg,0,0,0,1.0,False,False,0.9853143328445748,True,almost_full_image_edge_trimmed,False
IMG002992.jpeg,0,0,0,1.0,False,False,0.5496987951807228,False,ok,False
IMG002993.jpeg,0,0,0,1.0,False,False,0.589231699939504,False,ok,False
IMG002994.jpeg,0,0,0,1.0,False,False,0.969294670846395,True,almost_full_image_edge_trimmed,False
IMG002995.jpeg,0,0,0,1.0,False,False,0.7009294696555495,False,ok,False
IMG002996.jpeg,0,0,0,1.0,False,False,0.3767573886122813,False,ok_edge_trimmed,False
IMG002997.jpeg,0,0,0,1.0,False,False,0.7116198111398715,False,ok_edge_trimmed,False
IMG002998.jpeg,0,0,0,1.0,False,False,0.4812805208898535,False,ok_edge_trimmed,False
IMG002999.jpeg,0,0,0,1.0,False,False,0.4906166219839142,False,ok_edge_trimmed,False
IMG003000.jpeg,0,0,0,1.0,False,False,0.9154012497748284,False,ok_edge_trimmed,False
IMG003001.jpeg,0,0,0,1.0,False,False,0.5293522267206477,False,ok,False
IMG003002.jpeg,0,0,0,1.0,False,False,0.7019688559843472,False,ok_edge_trimmed,False
IMG003003.jpeg,0,0,0,1.0,False,False,0.6037215408137484,False,ok_edge_trimmed,False
IMG003004.jpeg,0,0,0,1.0,False,False,0.6133987857762359,False,ok_edge_trimmed,False
IMG003005.jpeg,0,0,0,1.0,False,False,0.4935258964143426,False,ok,False
IMG003006.jpeg,0,0,0,1.0,False,False,0.7926979576558235,False,ok_edge_trimmed,False
IMG003007.jpeg,0,0,0,1.0,False,False,0.3921933890742105,False,ok_edge_trimmed,False
IMG003008.jpeg,0,0,0,1.0,False,False,0.8675837835994631,True,almost_full_image_edge_trimmed,False
IMG003009.jpeg,0,0,0,1.0,False,False,0.477934247577659,False,ok_edge_trimmed,False
IMG003010.jpeg,0,0,0,1.0,False,False,0.5638285653988145,False,ok_edge_trimmed,False
IMG003011.jpeg,0,0,0,1.0,False,False,0.4098004881447102,False,ok_edge_trimmed,False
IMG003012.jpeg,0,0,0,1.0,False,False,0.6626984126984127,False,ok,False
IMG003013.jpeg,0,0,0,1.0,False,False,0.7931325297513268,False,ok_edge_trimmed,False
IMG003014.jpeg,0,0,0,1.0,False,False,0.6149721012586704,False,ok_edge_trimmed,False
IMG003015.jpeg,0,0,0,1.0,False,False,0.7524030073015414,False,ok_edge_trimmed,False
IMG003016.jpeg,0,0,0,1.0,False,False,0.6609816424966842,False,ok_edge_trimmed,False
IMG003017.jpeg,0,0,0,1.0,False,False,0.8638297872340426,False,ok_edge_trimmed,False
IMG003018.jpeg,0,0,0,1.0,False,False,0.4396825396825397,False,ok,False
IMG003019.jpeg,0,0,0,1.0,False,False,0.6422607216906864,False,ok_edge_trimmed,False
IMG003020.jpeg,0,0,0,1.0,False,False,0.9626288659793816,False,ok,False
IMG003021.jpeg,0,0,0,1.0,False,False,0.5745992601726264,False,ok_edge_trimmed,False
IMG003022.jpeg,0,0,0,1.0,False,False,0.8910733262486716,False,ok,False
IMG003023.jpeg,0,0,0,1.0,False,False,0.6515701872884041,False,ok_edge_trimmed,False
IMG003024.jpeg,0,0,0,1.0,False,False,0.6082009842466716,False,ok_edge_trimmed,False
IMG003025.jpeg,0,0,0,1.0,False,False,0.5883446993180409,False,ok_edge_trimmed,False
IMG003026.jpeg,0,0,0,1.0,False,False,0.9144464656800512,False,ok_edge_trimmed,False
IMG003027.jpeg,0,0,0,1.0,False,False,0.570803944679362,False,ok_edge_trimmed,False
IMG003028.jpeg,0,0,0,1.0,False,False,0.867680608365019,False,ok,False
IMG003029.jpeg,0,0,0,1.0,False,False,0.6409514632931934,False,ok_edge_trimmed,False
IMG003030.jpeg,0,0,0,1.0,False,False,0.4064589139070884,False,ok_edge_trimmed,False
IMG003031.jpeg,0,0,0,1.0,False,False,0.9439285714285716,False,ok,False
IMG003032.jpeg,0,0,0,1.0,False,False,0.5127810181001671,False,ok_edge_trimmed,False
IMG003033.jpeg,0,0,0,1.0,False,False,0.7449746233860461,False,ok_edge_trimmed,False
IMG003034.jpeg,0,0,0,1.0,False,False,0.7538424466383463,False,ok_edge_trimmed,False
IMG003035.jpeg,0,0,0,1.0,False,False,0.4835947699998211,False,ok_edge_trimmed,False
IMG003036.jpeg,0,0,0,1.0,False,False,0.5457882412505538,False,ok_edge_trimmed,False
IMG003037.jpeg,0,0,0,1.0,False,False,0.6715726693302027,False,ok_edge_trimmed,False
IMG003038.jpeg,0,0,0,1.0,False,False,0.6367581209865466,False,ok_edge_trimmed,False
IMG003039.jpeg,0,0,0,1.0,False,False,0.5448201484488994,False,ok_edge_trimmed,False
IMG003040.jpeg,0,0,0,1.0,False,False,0.4457593688362919,False,ok,False
IMG003041.jpeg,0,0,0,1.0,False,False,0.8909090909090909,False,ok_edge_trimmed,False
IMG003042.jpeg,0,0,0,1.0,False,False,0.802586954450162,False,ok_edge_trimmed,False
IMG003043.jpeg,0,0,0,1.0,False,False,0.7173750165660655,False,ok_edge_trimmed,False
IMG003044.jpeg,0,0,0,1.0,False,False,0.7086638842332424,False,ok_edge_trimmed,False
IMG003045.jpeg,0,0,0,1.0,False,False,0.4958716940285905,False,ok,False
IMG003046.jpeg,0,0,0,1.0,False,False,0.6602836965075302,False,ok_edge_trimmed,False
IMG003047.jpeg,0,0,0,1.0,False,False,0.8063449482217535,False,ok_edge_trimmed,False
IMG003048.jpeg,0,0,0,1.0,False,False,0.7319094676442461,False,ok,False
IMG003049.jpeg,0,0,0,1.0,False,False,0.2849591189669752,False,ok,False
IMG003050.jpeg,0,0,0,1.0,False,False,0.5476041873602289,False,ok,False
IMG003051.jpeg,0,0,0,1.0,False,False,0.8324637131201973,False,ok,False
IMG003052.jpeg,0,0,0,1.0,False,False,0.6293958521190262,False,ok,False
IMG003053.jpeg,0,0,0,1.0,False,False,0.5245322854964518,False,ok,False
IMG003054.jpeg,0,0,0,1.0,False,False,0.4182542104779532,False,ok_edge_trimmed,False
IMG003055.jpeg,0,0,0,1.0,False,False,0.6877287519375441,False,ok_edge_trimmed,False
IMG003056.jpeg,0,0,0,1.0,False,False,0.7221232609841627,False,ok_edge_trimmed,False
IMG003057.jpeg,0,0,0,1.0,False,False,0.8084637629515926,False,ok_edge_trimmed,False
IMG003058.jpeg,0,0,0,1.0,False,False,0.4528061785400176,False,ok_edge_trimmed,False
IMG003059.jpeg,0,0,0,1.0,False,False,0.6080145118733509,False,ok_edge_trimmed,False
IMG003060.jpeg,0,0,0,1.0,False,False,1.0,True,almost_full_image,False
IMG003061.jpeg,0,0,0,1.0,False,False,0.8275290215588723,False,ok,False
IMG003062.jpeg,0,0,0,1.0,False,False,0.4923076923076923,False,ok_edge_trimmed,False
IMG003063.jpeg,0,0,0,1.0,False,False,0.9406631762652704,False,ok,False
IMG003064.jpeg,0,0,0,1.0,False,False,0.9532374100719424,False,ok,False
IMG003065.jpeg,0,0,0,1.0,False,False,0.8491541353383458,False,ok_edge_trimmed,False
IMG003066.jpeg,0,0,0,1.0,False,False,0.5707119963740551,False,ok_edge_trimmed,False
IMG003067.jpeg,0,0,0,1.0,False,False,0.7808988764044944,False,ok_edge_trimmed,False
IMG003068.jpeg,0,0,0,1.0,False,False,0.812158889651932,False,ok_edge_trimmed,False
IMG003069.jpeg,0,0,0,1.0,False,False,0.8176352705410822,False,ok,False
IMG003070.jpeg,0,0,0,1.0,False,False,0.7570351401337316,False,ok,False
IMG003071.jpeg,0,0,0,1.0,False,False,0.6149988938868814,False,ok,False
IMG003072.jpeg,0,0,0,1.0,False,False,0.9427782162588793,False,ok_edge_trimmed,False
IMG003073.jpeg,0,0,0,1.0,False,False,0.7131269707799033,False,ok,False
IMG003074.jpeg,0,0,0,1.0,False,False,0.7840351198097677,False,ok,False
IMG003075.jpeg,0,0,0,1.0,False,False,0.7550940902099127,False,ok_edge_trimmed,False
IMG003076.jpeg,0,0,0,1.0,False,False,0.8224159130898456,False,ok_edge_trimmed,False
IMG003077.jpeg,0,0,0,1.0,False,False,0.5937008976677727,False,ok,False
IMG003078.jpeg,0,0,0,1.0,False,False,0.7026236559139785,False,ok_edge_trimmed,False
IMG003079.jpeg,0,0,0,1.0,False,False,0.5929919137466307,False,ok_edge_trimmed,False
IMG003080.jpeg,0,0,0,1.0,False,False,0.6594817439974892,False,ok_edge_trimmed,False
IMG003081.jpeg,0,0,0,1.0,False,False,0.615723944591029,False,ok_edge_trimmed,False
IMG003082.jpeg,0,0,0,1.0,False,False,0.6245809667458497,False,ok_edge_trimmed,False
IMG003083.jpeg,0,0,0,1.0,False,False,0.69780959570003,False,ok_edge_trimmed,False
IMG003084.jpeg,0,0,0,1.0,False,False,0.6089531749637421,False,ok_edge_trimmed,False
IMG003085.jpeg,0,0,0,1.0,False,False,0.7619552586975135,False,ok_edge_trimmed,False
IMG003086.jpeg,0,0,0,1.0,False,False,0.6883821932681867,False,ok,False
IMG003087.jpeg,0,0,0,1.0,False,False,0.6378547794423292,False,ok,False
IMG003088.jpeg,0,0,0,1.0,False,False,0.746996996996997,False,ok_edge_trimmed,False
IMG003089.jpeg,0,0,0,1.0,False,False,1.0,True,almost_full_image,False
IMG003090.jpeg,0,0,0,1.0,False,False,0.6625892429920267,False,ok_edge_trimmed,False
IMG003091.jpeg,0,0,0,1.0,False,False,0.9216043755697356,False,ok,False
IMG003092.jpeg,0,0,0,1.0,False,False,0.9009357454772302,False,ok_edge_trimmed,False
IMG003093.jpeg,0,0,0,1.0,False,False,0.8855118054190108,False,ok,False
IMG003094.jpeg,0,0,0,1.0,False,False,0.850095602294455,False,ok_edge_trimmed,False
IMG003095.jpeg,0,0,0,1.0,False,False,0.6600317029352162,False,ok_edge_trimmed,False
IMG003096.jpeg,0,0,0,1.0,False,False,0.6748467583044325,False,ok_edge_trimmed,False
IMG003097.jpeg,0,0,0,1.0,False,False,0.7085948360579595,False,ok_edge_trimmed,False
IMG003098.jpeg,0,0,0,1.0,False,False,0.6544935081425987,False,ok_edge_trimmed,False
IMG003099.jpeg,0,0,0,1.0,False,False,0.5993464052287582,False,ok_edge_trimmed,False
IMG003100.jpeg,0,0,0,1.0,False,False,0.6651069518716578,False,ok_edge_trimmed,False
IMG003101.jpeg,0,0,0,1.0,False,False,0.781176239711973,False,ok_edge_trimmed,False
IMG003102.jpeg,0,0,0,1.0,False,False,0.7508305647840532,False,ok,False
IMG003103.jpeg,0,0,0,1.0,False,False,0.8868733509234829,False,ok_edge_trimmed,False
IMG003104.jpeg,0,0,0,1.0,False,False,0.8113972876650454,False,ok_edge_trimmed,False
IMG003105.jpeg,0,0,0,1.0,False,False,0.6637291280148423,False,ok_edge_trimmed,False
IMG003106.jpeg,0,0,0,1.0,False,False,0.6550012041139384,False,ok_edge_trimmed,False
IMG003107.jpeg,0,0,0,1.0,False,False,0.7787149875272709,False,ok_edge_trimmed,False
IMG003108.jpeg,0,0,0,1.0,False,False,0.5940959409594095,False,ok,False
IMG003109.jpeg,0,0,0,1.0,False,False,0.7880055331991952,False,ok_edge_trimmed,False
IMG003110.jpeg,0,0,0,1.0,False,False,0.5998632010943913,False,ok,False
IMG003111.jpeg,0,0,0,1.0,False,False,0.8234932349323493,False,ok,False
IMG003112.jpeg,0,0,0,1.0,False,False,0.7608213096559379,False,ok,False
IMG003113.jpeg,0,0,0,1.0,False,False,0.2494163711583924,False,ok_edge_trimmed,False
IMG003114.jpeg,0,0,0,1.0,False,False,0.6099528301886793,False,ok_edge_trimmed,False
IMG003115.jpeg,0,0,0,1.0,False,False,0.634013223474417,False,ok_edge_trimmed,False
IMG003116.jpeg,0,0,0,1.0,False,False,0.6005509641873278,False,ok_edge_trimmed,False
IMG003117.jpeg,0,0,0,1.0,False,False,0.517123463856308,False,ok_edge_trimmed,False
IMG003118.jpeg,0,0,0,1.0,False,False,0.5650145772594752,False,ok,False
IMG003119.jpeg,0,0,0,1.0,False,False,0.5602165087956699,False,ok,False
IMG003120.jpeg,0,0,0,1.0,False,False,0.7098765432098766,False,ok,False
IMG003121.jpeg,0,0,0,1.0,False,False,0.5027826282306569,False,ok,False
IMG003122.jpeg,0,0,0,1.0,False,False,0.5079552628682965,False,ok,False
IMG003123.jpeg,0,0,0,1.0,False,False,0.7280091591331805,False,ok_edge_trimmed,False
IMG003124.jpeg,0,0,0,1.0,False,False,0.429126213592233,False,ok_edge_trimmed,False
IMG003125.jpeg,0,0,0,1.0,False,False,0.6481093849529337,False,ok_edge_trimmed,False
IMG003126.jpeg,0,0,0,1.0,False,False,0.7186582809224319,False,ok_edge_trimmed,False
IMG003127.jpeg,0,0,0,1.0,False,False,0.8597879644688392,False,ok_edge_trimmed,False
IMG003128.jpeg,0,0,0,1.0,False,False,0.5965947603176808,False,ok_edge_trimmed,False
IMG003129.jpeg,0,0,0,1.0,False,False,0.8741992834432103,False,ok_edge_trimmed,False
IMG003130.jpeg,0,0,0,1.0,False,False,0.4383620689655172,False,ok,False
IMG003131.jpeg,0,0,0,1.0,False,False,0.2982758620689655,False,ok,False
IMG003132.jpeg,0,0,0,1.0,False,False,0.5450095355927106,False,ok_edge_trimmed,False
IMG003133.jpeg,0,0,0,1.0,False,False,0.9645522388059702,False,ok_edge_trimmed,False
IMG003134.jpeg,0,0,0,1.0,False,False,1.0,True,almost_full_image,False
IMG003135.jpeg,0,0,0,1.0,False,False,0.7247746631014149,False,ok_edge_trimmed,False
IMG003136.jpeg,0,0,0,1.0,False,False,0.3828413284132841,False,ok_edge_trimmed,False
IMG003137.jpeg,0,0,0,1.0,False,False,0.7134831460674157,False,ok,False
IMG003138.jpeg,0,0,0,1.0,False,False,0.5875223979067797,False,ok_edge_trimmed,False
IMG003139.jpeg,0,0,0,1.0,False,False,0.3646507335082095,False,ok_edge_trimmed,False
IMG003140.jpeg,0,0,0,1.0,False,False,0.7052583025830258,False,ok,False
IMG003141.jpeg,0,0,0,1.0,False,False,0.5865205895721611,False,ok_edge_trimmed,False
IMG003142.jpeg,0,0,0,1.0,False,False,0.4804541635548917,False,ok_edge_trimmed,False
IMG003143.jpeg,0,0,0,1.0,False,False,0.6710126482234983,False,ok_edge_trimmed,False
IMG003144.jpeg,0,0,0,1.0,False,False,0.5115891531586123,False,ok_edge_trimmed,False
IMG003145.jpeg,0,0,0,1.0,False,False,0.5770949059847481,False,ok_edge_trimmed,False
IMG003146.jpeg,0,0,0,1.0,False,False,0.8114367581637006,False,ok_edge_trimmed,False
IMG003147.jpeg,0,0,0,1.0,False,False,0.6835213478278398,False,ok_edge_trimmed,False
IMG003148.jpeg,0,0,0,1.0,False,False,0.6645709272086745,False,ok_edge_trimmed,False
IMG003149.jpeg,0,0,0,1.0,False,False,0.3625,False,ok_edge_trimmed,False
IMG003150.jpeg,0,0,0,1.0,False,False,0.6488907849829352,False,ok,False
IMG003151.jpeg,0,0,0,1.0,False,False,0.5864938112369619,False,ok_edge_trimmed,False
IMG003152.jpeg,0,0,0,1.0,False,False,0.6210906931710927,False,ok_edge_trimmed,False
IMG003153.jpeg,0,0,0,1.0,False,False,0.717265867731913,False,ok,False
IMG003154.jpeg,0,0,0,1.0,False,False,0.7247285288271119,False,ok_edge_trimmed,False
IMG003155.jpeg,0,0,0,1.0,False,False,0.9520474764427772,False,ok_edge_trimmed,False
IMG003156.jpeg,0,0,0,1.0,False,False,0.9435714285714286,False,ok,False
IMG003157.jpeg,0,0,0,1.0,False,False,0.9635588721094857,True,almost_full_image_edge_trimmed,False
IMG003158.jpeg,0,0,0,1.0,False,False,0.9805015005716464,True,almost_full_image_edge_trimmed,False
IMG003159.jpeg,0,0,0,1.0,False,False,0.5986261040235525,False,ok,False
IMG003160.jpeg,0,0,0,1.0,False,False,0.691431504808538,False,ok_edge_trimmed,False
IMG003161.jpeg,0,0,0,1.0,False,False,0.75,False,ok_edge_trimmed,False
IMG003162.jpeg,0,0,0,1.0,False,False,0.5739288922882673,False,ok_edge_trimmed,False
IMG003163.jpeg,0,0,0,1.0,False,False,0.7423887587822015,False,ok,False
IMG003164.jpeg,0,0,0,1.0,False,False,0.4881325914459831,False,ok_edge_trimmed,False
IMG003165.jpeg,0,0,0,1.0,False,False,0.7363660213448442,False,ok,False
IMG003166.jpeg,0,0,0,1.0,False,False,0.5040834845735027,False,ok,False
IMG003167.jpeg,0,0,0,1.0,False,False,0.5825729927007299,False,ok,False
IMG003168.jpeg,0,0,0,1.0,False,False,0.6518817204301075,False,ok,False
IMG003169.jpeg,0,0,0,1.0,False,False,0.7808069586294832,False,ok_edge_trimmed,False
IMG003170.jpeg,0,0,0,1.0,False,False,0.9255583126550868,False,ok,False
IMG003171.jpeg,0,0,0,1.0,False,False,0.5076942507433932,False,ok_edge_trimmed,False
IMG003172.jpeg,0,0,0,1.0,False,False,0.4092496373406808,False,ok,False
IMG003173.jpeg,0,0,0,1.0,False,False,0.7964108910891089,False,ok,False
IMG003174.jpeg,0,0,0,1.0,False,False,0.5994587280108254,False,ok,False
IMG003175.jpeg,0,0,0,1.0,False,False,0.5673644659151905,False,ok_edge_trimmed,False
IMG003176.jpeg,0,0,0,1.0,False,False,0.7670961347869177,False,ok,False
IMG003177.jpeg,0,0,0,1.0,False,False,0.6898656898656899,False,ok,False
IMG003178.jpeg,0,0,0,1.0,False,False,0.776552421544897,False,ok_edge_trimmed,False
IMG003179.jpeg,0,0,0,1.0,False,False,0.6297250859106529,False,ok_edge_trimmed,False
IMG003180.jpeg,0,0,0,1.0,False,False,0.8603417796110784,False,ok,False
IMG003181.jpeg,0,0,0,1.0,False,False,0.6073494803689589,False,ok_edge_trimmed,False
IMG003182.jpeg,0,0,0,1.0,False,False,0.7096064409344077,False,ok_edge_trimmed,False
IMG003183.jpeg,0,0,0,1.0,False,False,0.7467633350595546,False,ok,False
IMG003184.jpeg,0,0,0,1.0,False,False,0.8956043956043956,False,ok,False
IMG003185.jpeg,0,0,0,1.0,False,False,0.7155858930602957,False,ok,False
IMG003186.jpeg,0,0,0,1.0,False,False,0.8915711947626841,False,ok,False
IMG003187.jpeg,0,0,0,1.0,False,False,0.8347222222222223,False,ok,False
IMG003188.jpeg,0,0,0,1.0,False,False,0.8148148148148148,False,ok,False
IMG003189.jpeg,0,0,0,1.0,False,False,0.3530950305143853,False,ok_edge_trimmed,False
IMG003190.jpeg,0,0,0,1.0,False,False,0.6245686680469289,False,ok,False
IMG003191.jpeg,0,0,0,1.0,False,False,0.8235661614649942,False,ok_edge_trimmed,False
IMG003192.jpeg,0,0,0,1.0,False,False,0.4311759343664539,False,ok_edge_trimmed,False
IMG003193.jpeg,0,0,0,1.0,False,False,0.612016010544056,False,ok_edge_trimmed,False
IMG003194.jpeg,0,0,0,1.0,False,False,0.8469656992084432,False,ok_edge_trimmed,False
IMG003195.jpeg,0,0,0,1.0,False,False,1.0,True,almost_full_image,False
IMG003196.jpeg,0,0,0,1.0,False,False,0.7134920634920635,False,ok,False
IMG003197.jpeg,0,0,0,1.0,False,False,0.9317919075144508,False,ok,False
IMG003198.jpeg,0,0,0,1.0,False,False,0.7876993166287016,False,ok_edge_trimmed,False
IMG003199.jpeg,0,0,0,1.0,False,False,0.6653696498054474,False,ok_edge_trimmed,False
IMG003200.jpeg,0,0,0,1.0,False,False,0.5787401574803149,False,ok_edge_trimmed,False
IMG003201.jpeg,0,0,0,1.0,False,False,0.8240574506283662,False,ok_edge_trimmed,False
IMG003202.jpeg,0,0,0,1.0,False,False,0.5908303464755078,False,ok_edge_trimmed,False
IMG003203.jpeg,0,0,0,1.0,False,False,0.4820385818561001,False,ok_edge_trimmed,False
IMG003204.jpeg,0,0,0,1.0,False,False,0.3244357022960432,False,ok_edge_trimmed,False
IMG003205.jpeg,0,0,0,1.0,False,False,0.6215673141326189,False,ok_edge_trimmed,False
IMG003206.jpeg,0,0,0,1.0,False,False,0.7867941339156874,False,ok,False
IMG003207.jpeg,0,0,0,1.0,False,False,1.0,True,almost_full_image,False
IMG003208.jpeg,0,0,0,1.0,False,False,0.9076923076923076,False,ok,False
IMG003209.jpeg,0,0,0,1.0,False,False,0.8578765132363573,False,ok_edge_trimmed,False
IMG003210.jpeg,0,0,0,1.0,False,False,0.6583333333333333,False,ok,False
IMG003211.jpeg,0,0,0,1.0,False,False,0.6448412698412699,False,ok,False
IMG003212.jpeg,0,0,0,1.0,False,False,0.6930369904015482,False,ok_edge_trimmed,False
IMG003213.jpeg,0,0,0,1.0,False,False,0.6578947368421053,False,ok,False
IMG003214.jpeg,0,0,0,1.0,False,False,1.0,True,almost_full_image,False
IMG003215.jpeg,0,0,0,1.0,False,False,1.0,True,almost_full_image,False
IMG003216.jpeg,0,0,0,1.0,False,False,0.9539918809201624,True,almost_full_image_edge_trimmed,False
IMG003217.jpeg,0,0,0,1.0,False,False,0.9035714285714286,False,ok,False
IMG003218.jpeg,0,0,0,1.0,False,False,0.7368,False,ok_edge_trimmed,False
IMG003219.jpeg,0,0,0,1.0,False,False,0.7,False,ok,False
IMG003220.jpeg,0,0,0,1.0,False,False,0.5211934908714443,False,ok_edge_trimmed,False
IMG003221.jpeg,0,0,0,1.0,False,False,0.6298874750772192,False,ok_edge_trimmed,False
IMG003222.jpeg,0,0,0,1.0,False,False,0.4355216881594372,False,ok,False
IMG003223.jpeg,0,0,0,1.0,False,False,0.776252319109462,False,ok,False
IMG003224.jpeg,0,0,0,1.0,False,False,0.8624758376288659,True,almost_full_image_edge_trimmed,False
IMG003225.jpeg,0,0,0,1.0,False,False,0.6780862374483166,False,ok,False
IMG003226.jpeg,0,0,0,1.0,False,False,0.3131500092199889,False,ok_edge_trimmed,False
IMG003227.jpeg,0,0,0,1.0,False,False,0.5249637120761451,False,ok_edge_trimmed,False
IMG003228.jpeg,0,0,0,1.0,False,False,0.6150855365474339,False,ok,False
IMG003229.jpeg,0,0,0,1.0,False,False,0.7679324894514767,False,ok,False
IMG003230.jpeg,0,0,0,1.0,False,False,0.9288299155609168,False,ok,False
IMG003231.jpeg,0,0,0,1.0,False,False,1.0,True,almost_full_image,False
IMG003232.jpeg,0,0,0,1.0,False,False,0.7337219405423336,False,ok_edge_trimmed,False
IMG003233.jpeg,0,0,0,1.0,False,False,0.8293453723347358,False,ok_edge_trimmed,False
IMG003234.jpeg,0,0,0,1.0,False,False,0.7006896551724138,False,ok_edge_trimmed,False
IMG003235.jpeg,0,0,0,1.0,False,False,0.6863943616724335,False,ok_edge_trimmed,False
IMG003236.jpeg,0,0,0,1.0,False,False,0.5576100181825638,False,ok_edge_trimmed,False
IMG003237.jpeg,0,0,0,1.0,False,False,0.8903143922400574,False,ok_edge_trimmed,False
IMG003238.jpeg,0,0,0,1.0,False,False,0.4261744966442953,False,ok,False
IMG003239.jpeg,0,0,0,1.0,False,False,0.8088888888888889,False,ok,False
IMG003240.jpeg,0,0,0,1.0,False,False,0.4670645627231352,False,ok,False
IMG003241.jpeg,0,0,0,1.0,False,False,0.4446360355155849,False,ok,False
IMG003242.jpeg,0,0,0,1.0,False,False,0.6939697058849751,False,ok,False
IMG003243.jpeg,0,0,0,1.0,False,False,0.4622222222222222,False,ok,False
IMG003244.jpeg,0,0,0,1.0,False,False,0.8555555555555555,False,ok,False
IMG003245.jpeg,0,0,0,1.0,False,False,0.8283699059561128,False,ok,False
IMG003246.jpeg,0,0,0,1.0,False,False,0.6297828335056876,False,ok,False
IMG003247.jpeg,0,0,0,1.0,False,False,0.9101796407185628,True,almost_full_image_edge_trimmed,False
IMG003248.jpeg,0,0,0,1.0,False,False,0.905638009381413,False,ok,False
IMG003249.jpeg,0,0,0,1.0,False,False,0.7592121982210928,False,ok,False
IMG003250.jpeg,0,0,0,1.0,False,False,0.8571899736147758,False,ok_edge_trimmed,False
IMG003251.jpeg,0,0,0,1.0,False,False,0.636996603438178,False,ok,False
IMG003252.jpeg,0,0,0,1.0,False,False,0.4468325791855204,False,ok,False
IMG003253.jpeg,0,0,0,1.0,False,False,0.5413580246913581,False,ok,False
IMG003254.jpeg,0,0,0,1.0,False,False,0.7688597611144211,False,ok_edge_trimmed,False
IMG003255.jpeg,0,0,0,1.0,False,False,0.6975308641975309,False,ok,False
IMG003256.jpeg,0,0,0,1.0,False,False,0.7919528138094962,False,ok_edge_trimmed,False
IMG003257.jpeg,0,0,0,1.0,False,False,0.6509298998569385,False,ok,False
IMG003258.jpeg,0,0,0,1.0,False,False,0.6960275086769905,False,ok_edge_trimmed,False
IMG003259.jpeg,0,0,0,1.0,False,False,0.5770823046830491,False,ok_edge_trimmed,False
IMG003260.jpeg,0,0,0,1.0,False,False,0.3391396479658956,False,ok_edge_trimmed,False
IMG003261.jpeg,0,0,0,1.0,False,False,0.2304581818181818,False,ok_edge_trimmed,False
IMG003262.jpeg,0,0,0,1.0,False,False,0.997096640398175,True,almost_full_image_edge_trimmed,False
IMG003263.jpeg,0,0,0,1.0,False,False,0.9962624584717608,True,almost_full_image_edge_trimmed,False
IMG003264.jpeg,0,0,0,1.0,False,False,0.4565619223659889,False,ok,False
IMG003265.jpeg,0,0,0,1.0,False,False,0.9695817490494296,True,almost_full_image_edge_trimmed,False
IMG003266.jpeg,0,0,0,1.0,False,False,0.6852085547670069,False,ok,False
IMG003267.jpeg,0,0,0,1.0,False,False,0.638841857079562,False,ok,False
IMG003268.jpeg,0,0,0,1.0,False,False,0.6832986832986833,False,ok,False
IMG003269.jpeg,0,0,0,1.0,False,False,0.7812987012987013,False,ok,False
IMG003270.jpeg,0,0,0,1.0,False,False,0.6661514683153014,False,ok,False
IMG003271.jpeg,0,0,0,1.0,False,False,0.8440629887059597,False,ok_edge_trimmed,False
IMG003272.jpeg,0,0,0,1.0,False,False,0.6893909702343876,False,ok_edge_trimmed,False
IMG003273.jpeg,0,0,0,1.0,False,False,0.8909348441926346,False,ok,False
IMG003274.jpeg,0,0,0,1.0,False,False,0.7936772046589018,False,ok,False
IMG003275.jpeg,0,0,0,1.0,False,False,0.8637152777777778,False,ok,False
IMG003276.jpeg,0,0,0,1.0,False,False,0.752549286199864,False,ok,False
IMG003277.jpeg,0,0,0,1.0,False,False,0.953035143769968,False,ok,False
IMG003278.jpeg,0,0,0,1.0,False,False,0.7341911764705882,False,ok,False
IMG003279.jpeg,0,0,0,1.0,False,False,0.8123097734190058,False,ok,False
IMG003280.jpeg,0,0,0,1.0,False,False,1.0,True,almost_full_image,False
IMG003281.jpeg,0,0,0,1.0,False,False,0.7249593936112615,False,ok,False
IMG003282.jpeg,0,0,0,1.0,False,False,0.6859706362153344,False,ok_edge_trimmed,False
IMG003283.jpeg,0,0,0,1.0,False,False,0.7099304568810643,False,ok_edge_trimmed,False
IMG003284.jpeg,0,0,0,1.0,False,False,0.7046245465484985,False,ok_edge_trimmed,False
IMG003285.jpeg,0,0,0,1.0,False,False,0.4989340293689852,False,ok_edge_trimmed,False
IMG003286.jpeg,0,0,0,1.0,False,False,0.4016235742988188,False,ok_edge_trimmed,False
IMG003287.jpeg,0,0,0,1.0,False,False,0.9958584337349398,True,almost_full_image_edge_trimmed,False
IMG003288.jpeg,0,0,0,1.0,False,False,0.5461254612546126,False,ok,False
IMG003289.jpeg,0,0,0,1.0,False,False,0.9114010989010988,False,ok,False
IMG003290.jpeg,0,0,0,1.0,False,False,0.7330861909175163,False,ok,False
IMG003291.jpeg,0,0,0,1.0,False,False,1.0,True,almost_full_image,False
IMG003292.jpeg,0,0,0,1.0,False,False,0.9482338611449452,False,ok,False
IMG003293.jpeg,0,0,0,1.0,False,False,0.5453074433656958,False,ok,False
IMG003294.jpeg,0,0,0,1.0,False,False,0.687699207921635,False,ok,False
IMG003295.jpeg,0,0,0,1.0,False,False,0.5409090909090909,False,ok,False
IMG003296.jpeg,0,0,0,1.0,False,False,0.7741935483870968,False,ok,False
IMG003297.jpeg,0,0,0,1.0,False,False,0.8959156785243741,False,ok,False
IMG003298.jpeg,0,0,0,1.0,False,False,0.7087439082517047,False,ok_edge_trimmed,False
IMG003299.jpeg,0,0,0,1.0,False,False,0.7316785057440275,False,ok_edge_trimmed,False
IMG003300.jpeg,0,0,0,1.0,False,False,0.58683416449841,False,ok_edge_trimmed,False
IMG003301.jpeg,0,0,0,1.0,False,False,0.7898896536654649,False,ok,False
IMG003302.jpeg,0,0,0,1.0,False,False,0.906772908366534,False,ok,False
IMG003303.jpeg,0,0,0,1.0,False,False,1.0,True,almost_full_image,False
IMG003304.jpeg,0,0,0,1.0,False,False,0.9942084942084942,True,almost_full_image_edge_trimmed,False
IMG003305.jpeg,0,0,0,1.0,False,False,1.0,True,almost_full_image,False
IMG003306.jpeg,0,0,0,1.0,False,False,1.0,True,almost_full_image,False
IMG003307.jpeg,0,0,0,1.0,False,False,0.8670844327176781,False,ok,False
IMG003308.jpeg,0,0,0,1.0,False,False,0.4649939170629,False,ok_edge_trimmed,False
IMG003309.jpeg,0,0,0,1.0,False,False,0.7490007237182768,False,ok_edge_trimmed,False
IMG003310.jpeg,0,0,0,1.0,False,False,0.6962099125364432,False,ok,False
IMG003311.jpeg,0,0,0,1.0,False,False,0.4758522727272727,False,ok_edge_trimmed,False
IMG003312.jpeg,0,0,0,1.0,False,False,1.0,True,almost_full_image,False
IMG003313.jpeg,0,0,0,1.0,False,False,0.9448818897637796,False,ok,False
IMG003314.jpeg,0,0,0,1.0,False,False,0.69026330632599,False,ok,False
IMG003315.jpeg,0,0,0,1.0,False,False,0.4660018132366273,False,ok,False
IMG003316.jpeg,0,0,0,1.0,False,False,0.9656372335798172,True,almost_full_image_edge_trimmed,False
IMG003317.jpeg,0,0,0,1.0,False,False,0.65625,False,ok,False
IMG003318.jpeg,0,0,0,1.0,False,False,0.7407692307692307,False,ok,False
IMG003319.jpeg,0,0,0,1.0,False,False,0.6398264223722275,False,ok,False
IMG003320.jpeg,0,0,0,1.0,False,False,0.7059748427672956,False,ok,False
IMG003321.jpeg,0,0,0,1.0,False,False,0.6214622641509434,False,ok,False
IMG003322.jpeg,0,0,0,1.0,False,False,0.4430031446540881,False,ok_edge_trimmed,False
IMG003323.jpeg,0,0,0,1.0,False,False,0.5070754716981132,False,ok_edge_trimmed,False
IMG003324.jpeg,0,0,0,1.0,False,False,0.7619924593967518,False,ok_edge_trimmed,False
IMG003325.jpeg,0,0,0,1.0,False,False,0.721763085399449,False,ok,False
IMG003326.jpeg,0,0,0,1.0,False,False,1.0,True,almost_full_image,False
IMG003327.jpeg,0,0,0,1.0,False,False,0.9733455882352942,False,ok,False
IMG003328.jpeg,0,0,0,1.0,False,False,1.0,True,almost_full_image,False
IMG003329.jpeg,0,0,0,1.0,False,False,1.0,True,almost_full_image,False
IMG003330.jpeg,0,0,0,1.0,False,False,0.8358366541361243,False,ok_edge_trimmed,False
IMG003331.jpeg,0,0,0,1.0,False,False,0.6090255591054313,False,ok_edge_trimmed,False
IMG003332.jpeg,0,0,0,1.0,False,False,0.7451049912049252,False,ok_edge_trimmed,False
IMG003333.jpeg,0,0,0,1.0,False,False,0.4875339514890291,False,ok_edge_trimmed,False
IMG003334.jpeg,0,0,0,1.0,False,False,0.3946702643365538,False,ok_edge_trimmed,False
IMG003335.jpeg,0,0,0,1.0,False,False,0.5386458687160326,False,ok,False
IMG003336.jpeg,0,0,0,1.0,False,False,0.6783055610333267,False,ok,False
IMG003337.jpeg,0,0,0,1.0,False,False,0.601049795093471,False,ok_edge_trimmed,False
IMG003338.jpeg,0,0,0,1.0,False,False,0.6457780488050975,False,ok_edge_trimmed,False
IMG003339.jpeg,0,0,0,1.0,False,False,0.7240110395584176,False,ok,False
IMG003340.jpeg,0,0,0,1.0,False,False,0.5821713147410359,False,ok,False
IMG003341.jpeg,0,0,0,1.0,False,False,0.3999169435215947,False,ok_edge_trimmed,False
IMG003342.jpeg,0,0,0,1.0,False,False,0.7096,False,ok_edge_trimmed,False
IMG003343.jpeg,0,0,0,1.0,False,False,0.9673344947735192,False,ok,False
IMG003344.jpeg,0,0,0,1.0,False,False,0.8973473684210527,True,almost_full_image_edge_trimmed,False
IMG003345.jpeg,0,0,0,1.0,False,False,0.6616515326521546,False,ok_edge_trimmed,False
IMG003346.jpeg,0,0,0,1.0,False,False,0.6759681456587193,False,ok_edge_trimmed,False
IMG003347.jpeg,0,0,0,1.0,False,False,0.7769230769230769,False,ok_edge_trimmed,False
IMG003348.jpeg,0,0,0,1.0,False,False,0.8303303303303303,False,ok,False
IMG003349.jpeg,0,0,0,1.0,False,False,0.7026530019713249,False,ok_edge_trimmed,False
IMG003350.jpeg,0,0,0,1.0,False,False,0.2449971883168763,False,ok_edge_trimmed,False
IMG003351.jpeg,0,0,0,1.0,False,False,0.871875,False,ok,False
IMG003352.jpeg,0,0,0,1.0,False,False,0.9051297898640296,False,ok,False
IMG003353.jpeg,0,0,0,1.0,False,False,0.5343973582828839,False,ok,False
IMG003354.jpeg,0,0,0,1.0,False,False,0.8378970427163198,False,ok,False
IMG003355.jpeg,0,0,0,1.0,False,False,0.7861896838602329,False,ok,False
IMG003356.jpeg,0,0,0,1.0,False,False,0.8193739424703892,False,ok,False
IMG003357.jpeg,0,0,0,1.0,False,False,0.7899159663865546,False,ok_edge_trimmed,False
IMG003358.jpeg,0,0,0,1.0,False,False,0.5973080400874087,False,ok,False
IMG003359.jpeg,0,0,0,1.0,False,False,0.3117367968596947,False,ok_edge_trimmed,False
IMG003360.jpeg,0,0,0,1.0,False,False,0.5720159650841659,False,ok_edge_trimmed,False
IMG003361.jpeg,0,0,0,1.0,False,False,0.5334691605024382,False,ok_edge_trimmed,False
IMG003362.jpeg,0,0,0,1.0,False,False,0.6732438669578046,False,ok_edge_trimmed,False
IMG003363.jpeg,0,0,0,1.0,False,False,0.6633061550551517,False,ok_edge_trimmed,False
IMG003364.jpeg,0,0,0,1.0,False,False,0.7038678048965954,False,ok_edge_trimmed,False
IMG003365.jpeg,0,0,0,1.0,False,False,0.6985852150285767,False,ok_edge_trimmed,False
IMG003366.jpeg,0,0,0,1.0,False,False,0.7964142709296246,False,ok_edge_trimmed,False
IMG003367.jpeg,0,0,0,1.0,False,False,0.8958222774477191,False,ok,False
IMG003368.jpeg,0,0,0,1.0,False,False,0.5647977941176471,False,ok,False
IMG003369.jpeg,0,0,0,1.0,False,False,0.6785175120772947,False,ok_edge_trimmed,False
IMG003370.jpeg,0,0,0,1.0,False,False,0.6624389687242731,False,ok_edge_trimmed,False
IMG003371.jpeg,0,0,0,1.0,False,False,0.8356164383561644,False,ok_edge_trimmed,False
IMG003372.jpeg,0,0,0,1.0,False,False,0.8590373280943026,False,ok,False
IMG003373.jpeg,0,0,0,1.0,False,False,0.7244597249508841,False,ok,False
IMG003374.jpeg,0,0,0,1.0,False,False,0.8897784470765545,False,ok_edge_trimmed,False
IMG003375.jpeg,0,0,0,1.0,False,False,0.4304812834224599,False,ok_edge_trimmed,False
IMG003376.jpeg,0,0,0,1.0,False,False,0.8442249240121581,False,ok,False
IMG003377.jpeg,0,0,0,1.0,False,False,0.4982047050413214,False,ok,False
IMG003378.jpeg,0,0,0,1.0,False,False,0.6643996841619118,False,ok,False
IMG003379.jpeg,0,0,0,1.0,False,False,0.3762668918918919,False,ok_edge_trimmed,False
IMG003380.jpeg,0,0,0,1.0,False,False,0.9604612850082372,True,almost_full_image_edge_trimmed,False
IMG003381.jpeg,0,0,0,1.0,False,False,0.9725705329153606,True,almost_full_image_edge_trimmed,False
IMG003382.jpeg,0,0,0,1.0,False,False,0.79997150997151,True,almost_full_image_edge_trimmed,False
IMG003383.jpeg,0,0,0,1.0,False,False,0.7526881002087683,True,almost_full_image_edge_trimmed,False
IMG003384.jpeg,0,0,0,1.0,False,False,0.5994550408719346,False,ok,False
IMG003385.jpeg,0,0,0,1.0,False,False,0.4989349112426035,False,ok_edge_trimmed,False
IMG003386.jpeg,0,0,0,1.0,False,False,0.4420165499681731,False,ok_edge_trimmed,False
IMG003387.jpeg,0,0,0,1.0,False,False,0.8412806539509536,False,ok,False
IMG003388.jpeg,0,0,0,1.0,False,False,0.7798507462686567,False,ok,False
IMG003389.jpeg,0,0,0,1.0,False,False,0.8905472636815921,False,ok,False
IMG003390.jpeg,0,0,0,1.0,False,False,0.8753369272237197,False,ok_edge_trimmed,False
IMG003391.jpeg,0,0,0,1.0,False,False,0.4592802566301219,False,ok_edge_trimmed,False
IMG003392.jpeg,0,0,0,1.0,False,False,0.866321652434593,False,ok,False
IMG003393.jpeg,0,0,0,1.0,False,False,0.6831843472828523,False,ok_edge_trimmed,False
IMG003394.jpeg,0,0,0,1.0,False,False,0.7599617688631621,False,ok_edge_trimmed,False
IMG003395.jpeg,0,0,0,1.0,False,False,0.5032093217180081,False,ok_edge_trimmed,False
IMG003396.jpeg,0,0,0,1.0,False,False,0.6216949313910113,False,ok_edge_trimmed,False
IMG003397.jpeg,0,0,0,1.0,False,False,0.7912034280829437,False,ok_edge_trimmed,False
IMG003398.jpeg,0,0,0,1.0,False,False,1.0,True,almost_full_image,False
IMG003399.jpeg,0,0,0,1.0,False,False,0.9354839966474314,True,almost_full_image_edge_trimmed,False
IMG003400.jpeg,0,0,0,1.0,False,False,0.8886610228840564,True,almost_full_image_edge_trimmed,False
IMG003401.jpeg,0,0,0,1.0,False,False,0.8954372623574145,False,ok,False
IMG003402.jpeg,0,0,0,1.0,False,False,0.791501976284585,False,ok,False
IMG003403.jpeg,0,0,0,1.0,False,False,1.0,True,almost_full_image,False
IMG003404.jpeg,0,0,0,1.0,False,False,0.786036036036036,False,ok,False
IMG003405.jpeg,0,0,0,1.0,False,False,0.8183183183183184,False,ok,False
IMG003406.jpeg,0,0,0,1.0,False,False,0.9197761194029852,False,ok,False
IMG003407.jpeg,0,0,0,1.0,False,False,0.7176616915422885,False,ok,False
IMG003408.jpeg,0,0,0,1.0,False,False,0.8072139303482587,False,ok_edge_trimmed,False
IMG003409.jpeg,0,0,0,1.0,False,False,0.7393755420641804,False,ok,False
IMG003410.jpeg,0,0,0,1.0,False,False,0.7183673469387755,False,ok,False
IMG003411.jpeg,0,0,0,1.0,False,False,0.6672885572139303,False,ok,False
IMG003412.jpeg,0,0,0,1.0,False,False,0.7922885572139303,False,ok,False
IMG003413.jpeg,0,0,0,1.0,False,False,0.9959859508278976,True,almost_full_image_edge_trimmed,False
IMG003414.jpeg,0,0,0,1.0,False,False,0.5403543307086615,False,ok,False
IMG003415.jpeg,0,0,0,1.0,False,False,0.9016393442622952,False,ok,False
IMG003416.jpeg,0,0,0,1.0,False,False,0.9438839848675914,False,ok,False
IMG003417.jpeg,0,0,0,1.0,False,False,0.903846153846154,False,ok_edge_trimmed,False
IMG003418.jpeg,0,0,0,1.0,False,False,0.8472138714760948,False,ok_edge_trimmed,False
IMG003419.jpeg,0,0,0,1.0,False,False,0.6869433529556765,False,ok_edge_trimmed,False
IMG003420.jpeg,0,0,0,1.0,False,False,0.7474252084355076,False,ok_edge_trimmed,False
IMG003421.jpeg,0,0,0,1.0,False,False,0.6892039258451472,False,ok,False
IMG003422.jpeg,0,0,0,1.0,False,False,0.9547446287222012,True,almost_full_image_edge_trimmed,False
IMG003423.jpeg,0,0,0,1.0,False,False,0.8021868787276342,False,ok_edge_trimmed,False
IMG003424.jpeg,0,0,0,1.0,False,False,0.9087719298245616,True,almost_full_image_edge_trimmed,False
IMG003425.jpeg,0,0,0,1.0,False,False,0.9508009153318078,False,ok,False
IMG003426.jpeg,0,0,0,1.0,False,False,0.2380748048997333,False,ok_edge_trimmed,False
IMG003427.jpeg,0,0,0,1.0,False,False,0.2964109165596496,False,ok_edge_trimmed,False
IMG003428.jpeg,0,0,0,1.0,False,False,0.696364003620423,False,ok_edge_trimmed,False
IMG003429.jpeg,0,0,0,1.0,False,False,0.7325624353480125,False,ok,False
IMG003430.jpeg,0,0,0,1.0,False,False,0.5766617978420414,False,ok,False
IMG003431.jpeg,0,0,0,1.0,False,False,0.4343368551358821,False,ok_edge_trimmed,False
IMG003432.jpeg,0,0,0,1.0,False,False,0.3910232419775833,False,ok_edge_trimmed,False
IMG003433.jpeg,0,0,0,1.0,False,False,0.8755948334466349,False,ok_edge_trimmed,False
IMG003434.jpeg,0,0,0,1.0,False,False,0.7966417910447762,False,ok,False
IMG003435.jpeg,0,0,0,1.0,False,False,1.0,True,almost_full_image,False
IMG003436.jpeg,0,0,0,1.0,False,False,0.9313223350363048,False,ok_edge_trimmed,False
IMG003437.jpeg,0,0,0,1.0,False,False,0.6661322464157976,False,ok_edge_trimmed,False
IMG003438.jpeg,0,0,0,1.0,False,False,0.4009399052693901,False,ok,False
IMG003439.jpeg,0,0,0,1.0,False,False,0.2883984771573604,False,ok_edge_trimmed,False
IMG003440.jpeg,0,0,0,1.0,False,False,0.340443709521841,False,ok_edge_trimmed,False
IMG003441.jpeg,0,0,0,1.0,False,False,0.4765083759227712,False,ok_edge_trimmed,False
IMG003442.jpeg,0,0,0,1.0,False,False,0.8159203980099502,False,ok,False
IMG003443.jpeg,0,0,0,1.0,False,False,0.617687074829932,False,ok,False
IMG003444.jpeg,0,0,0,1.0,False,False,0.682312925170068,False,ok,False
IMG003445.jpeg,0,0,0,1.0,False,False,0.9901934157006244,True,almost_full_image_edge_trimmed,False
IMG003446.jpeg,0,0,0,1.0,False,False,0.6241653418124007,False,ok,False
IMG003447.jpeg,0,0,0,1.0,False,False,0.9877049180327868,True,almost_full_image_edge_trimmed,False
IMG003448.jpeg,0,0,0,1.0,False,False,0.9947275922671354,True,almost_full_image_edge_trimmed,False
IMG003449.jpeg,0,0,0,1.0,False,False,0.5834932821497121,False,ok_edge_trimmed,False
IMG003450.jpeg,0,0,0,1.0,False,False,0.8288135593220339,False,ok_edge_trimmed,False
IMG003451.jpeg,0,0,0,1.0,False,False,0.6619210686580873,False,ok_edge_trimmed,False
IMG003452.jpeg,0,0,0,1.0,False,False,0.451389031578871,False,ok_edge_trimmed,False
IMG003453.jpeg,0,0,0,1.0,False,False,0.6714936951940724,False,ok_edge_trimmed,False
IMG003454.jpeg,0,0,0,1.0,False,False,0.4158135172413793,False,ok_edge_trimmed,False
IMG003455.jpeg,0,0,0,1.0,False,False,0.7878959276018099,False,ok,False
IMG003456.jpeg,0,0,0,1.0,False,False,0.6072408118486012,False,ok,False
IMG003457.jpeg,0,0,0,1.0,False,False,0.6179577464788732,False,ok,False
IMG003458.jpeg,0,0,0,1.0,False,False,0.7432598691120186,False,ok,False
IMG003459.jpeg,0,0,0,1.0,False,False,0.9851253718657034,True,almost_full_image_edge_trimmed,False
IMG003460.jpeg,0,0,0,1.0,False,False,0.9176491388801826,True,almost_full_image_edge_trimmed,False
IMG003461.jpeg,0,0,0,1.0,False,False,0.4758076012887406,False,ok_edge_trimmed,False
IMG003462.jpeg,0,0,0,1.0,False,False,0.5537386233019554,False,ok_edge_trimmed,False
IMG003463.jpeg,0,0,0,1.0,False,False,0.660759493670886,False,ok,False
IMG003464.jpeg,0,0,0,1.0,False,False,0.8365750398821942,False,ok,False
IMG003465.jpeg,0,0,0,1.0,False,False,0.4700696912355194,False,ok_edge_trimmed,False
IMG003466.jpeg,0,0,0,1.0,False,False,0.6068784037937878,False,ok_edge_trimmed,False
IMG003467.jpeg,0,0,0,1.0,False,False,0.6295541402971095,False,ok_edge_trimmed,False
IMG003468.jpeg,0,0,0,1.0,False,False,0.7162454873646209,False,ok_edge_trimmed,False
IMG003469.jpeg,0,0,0,1.0,False,False,0.8014084507042254,False,ok_edge_trimmed,False
IMG003470.jpeg,0,0,0,1.0,False,False,0.5303292894280762,False,ok_edge_trimmed,False
IMG003471.jpeg,0,0,0,1.0,False,False,0.9059148700939744,False,ok_edge_trimmed,False
IMG003472.jpeg,0,0,0,1.0,False,False,0.7633302151543498,False,ok_edge_trimmed,False
IMG003473.jpeg,0,0,0,1.0,False,False,0.567600402651949,False,ok_edge_trimmed,False
IMG003474.jpeg,0,0,0,1.0,False,False,0.431465177072839,False,ok_edge_trimmed,False
IMG003475.jpeg,0,0,0,1.0,False,False,0.5998368392611579,False,ok_edge_trimmed,False
IMG003476.jpeg,0,0,0,1.0,False,False,0.4465240320835079,False,ok_edge_trimmed,False
IMG003477.jpeg,0,0,0,1.0,False,False,0.5745799636386434,False,ok_edge_trimmed,False
IMG003478.jpeg,0,0,0,1.0,False,False,0.8983167702759227,False,ok_edge_trimmed,False
IMG003479.jpeg,0,0,0,1.0,False,False,1.0,True,almost_full_image,False
IMG003480.jpeg,0,0,0,1.0,False,False,0.3779610075271963,False,ok_edge_trimmed,False
IMG003481.jpeg,0,0,0,1.0,False,False,0.6477352630962147,False,ok,False
IMG003482.jpeg,0,0,0,1.0,False,False,0.5168195755503233,False,ok_edge_trimmed,False
IMG003483.jpeg,0,0,0,1.0,False,False,0.7569557540563808,False,ok_edge_trimmed,False
IMG003484.jpeg,0,0,0,1.0,False,False,0.5768667642752562,False,ok_edge_trimmed,False
IMG003485.jpeg,0,0,0,1.0,False,False,0.98936875,True,almost_full_image_edge_trimmed,False
IMG003486.jpeg,0,0,0,1.0,False,False,0.6979255470304063,False,ok_edge_trimmed,False
IMG003487.jpeg,0,0,0,1.0,False,False,0.4975911906400551,False,ok_edge_trimmed,False
IMG003488.jpeg,0,0,0,1.0,False,False,0.8037146475306036,False,ok_edge_trimmed,False
IMG003489.jpeg,0,0,0,1.0,False,False,0.8488351646554156,True,almost_full_image_edge_trimmed,False
IMG003490.jpeg,0,0,0,1.0,False,False,0.539539732360373,False,ok_edge_trimmed,False
IMG003491.jpeg,0,0,0,1.0,False,False,0.3957534999788521,False,ok_edge_trimmed,False
IMG003492.jpeg,0,0,0,1.0,False,False,0.6442685725032913,False,ok_edge_trimmed,False
IMG003493.jpeg,0,0,0,1.0,False,False,0.7785888077858881,False,ok_edge_trimmed,False
IMG003494.jpeg,0,0,0,1.0,False,False,0.5307515091423406,False,ok_edge_trimmed,False
IMG003495.jpeg,0,0,0,1.0,False,False,0.3182365401872052,False,ok_edge_trimmed,False
IMG003496.jpeg,0,0,0,1.0,False,False,0.4838194871955738,False,ok_edge_trimmed,False
IMG003497.jpeg,0,0,0,1.0,False,False,0.6752664145524303,False,ok_edge_trimmed,False
IMG003498.jpeg,0,0,0,1.0,False,False,0.8549479626277676,False,ok_edge_trimmed,False
IMG003499.jpeg,0,0,0,1.0,False,False,0.746641074856046,False,ok_edge_trimmed,False
IMG003500.jpeg,0,0,0,1.0,False,False,0.5313130479783397,False,ok_edge_trimmed,False
IMG003501.jpeg,0,0,0,1.0,False,False,0.8574158914791268,False,ok_edge_trimmed,False
IMG003502.jpeg,0,0,0,1.0,False,False,0.5974793892035272,False,ok_edge_trimmed,False
IMG003503.jpeg,0,0,0,1.0,False,False,0.4676053616712957,False,ok_edge_trimmed,False
IMG003504.jpeg,0,0,0,1.0,False,False,0.4721839820740919,False,ok_edge_trimmed,False
IMG003505.jpeg,0,0,0,1.0,False,False,0.4883575520938158,False,ok_edge_trimmed,False
IMG003506.jpeg,0,0,0,1.0,False,False,0.9418052256532068,False,ok,False
IMG003507.jpeg,0,0,0,1.0,False,False,0.8096624208798937,False,ok_edge_trimmed,False
IMG003508.jpeg,0,0,0,1.0,False,False,0.4496027946815119,False,ok_edge_trimmed,False
IMG003509.jpeg,0,0,0,1.0,False,False,0.857391127503998,False,ok_edge_trimmed,False
IMG003510.jpeg,0,0,0,1.0,False,False,0.4795828139814844,False,ok_edge_trimmed,False
IMG003511.jpeg,0,0,0,1.0,False,False,0.8183478532171743,False,ok_edge_trimmed,False
IMG003512.jpeg,0,0,0,1.0,False,False,0.5132450331125827,False,ok_edge_trimmed,False
IMG003513.jpeg,0,0,0,1.0,False,False,0.4417774016526145,False,ok_edge_trimmed,False
IMG003514.jpeg,0,0,0,1.0,False,False,0.6779978779595358,False,ok,False
IMG003515.jpeg,0,0,0,1.0,False,False,0.5950456887063807,False,ok,False
IMG003516.jpeg,0,0,0,1.0,False,False,0.7028928518290221,False,ok_edge_trimmed,False
IMG003517.jpeg,0,0,0,1.0,False,False,0.8824914383561644,False,ok_edge_trimmed,False
IMG003518.jpeg,0,0,0,1.0,False,False,0.7878796645455041,False,ok,False
IMG003519.jpeg,0,0,0,1.0,False,False,0.858520232528369,False,ok_edge_trimmed,False
IMG003520.jpeg,0,0,0,1.0,False,False,0.7183637297594972,False,ok,False
IMG003521.jpeg,0,0,0,1.0,False,False,0.9639830508474576,False,ok_edge_trimmed,False
IMG003522.jpeg,0,0,0,1.0,False,False,0.9312217194570136,False,ok,False
IMG003523.jpeg,0,0,0,1.0,False,False,0.9442124969429306,False,ok_edge_trimmed,False
IMG003524.jpeg,0,0,0,1.0,False,False,1.0,True,almost_full_image,False
IMG003525.jpeg,0,0,0,1.0,False,False,0.6149824249266044,False,ok_edge_trimmed,False
IMG003526.jpeg,0,0,0,1.0,False,False,0.8330314411108712,True,almost_full_image_edge_trimmed,False
IMG003527.jpeg,0,0,0,1.0,False,False,0.7558767260811092,True,almost_full_image_edge_trimmed,False
IMG003528.jpeg,0,0,0,1.0,False,False,0.8108062451432712,True,almost_full_image_edge_trimmed,False
IMG003529.jpeg,0,0,0,1.0,False,False,0.8250734469312536,False,ok_edge_trimmed,False
IMG003530.jpeg,0,0,0,1.0,False,False,0.8412094591944782,False,ok_edge_trimmed,False
IMG003531.jpeg,0,0,0,1.0,False,False,0.910188679245283,False,ok,False
IMG003532.jpeg,0,0,0,1.0,False,False,0.8994229183841714,False,ok,False
IMG003533.jpeg,0,0,0,1.0,False,False,0.9358530152305924,False,ok_edge_trimmed,False
IMG003534.jpeg,0,0,0,1.0,False,False,0.5013792392536852,True,almost_full_image_edge_trimmed,False
IMG003535.jpeg,0,0,0,1.0,False,False,0.5580491760083166,True,almost_full_image_edge_trimmed,False
IMG003536.jpeg,0,0,0,1.0,False,False,0.9551414768806074,False,ok,False
IMG003537.jpeg,0,0,0,1.0,False,False,0.6320430493424567,True,almost_full_image_edge_trimmed,False
IMG003538.jpeg,0,0,0,1.0,False,False,0.8380520951302378,False,ok_edge_trimmed,False
IMG003539.jpeg,0,0,0,1.0,False,False,0.7430093209054593,False,ok_edge_trimmed,False
IMG003540.jpeg,0,0,0,1.0,False,False,0.7542242703533026,False,ok_edge_trimmed,False
IMG003541.jpeg,0,0,0,1.0,False,False,1.0,True,almost_full_image,False
IMG003542.jpeg,0,0,0,1.0,False,False,0.6118068309562691,False,ok_edge_trimmed,False
IMG003543.jpeg,0,0,0,1.0,False,False,0.8133514986376021,False,ok,False
IMG003544.jpeg,0,0,0,1.0,False,False,0.8777949600462116,False,ok_edge_trimmed,False
IMG003545.jpeg,0,0,0,1.0,False,False,0.9316239316239316,False,ok_edge_trimmed,False
IMG003546.jpeg,0,0,0,1.0,False,False,1.0,True,almost_full_image,False
IMG003547.jpeg,0,0,0,1.0,False,False,0.8956310679611651,False,ok,False
IMG003548.jpeg,0,0,0,1.0,False,False,0.8401388534577583,False,ok_edge_trimmed,False
IMG003549.jpeg,0,0,0,1.0,False,False,0.6952220939092337,False,ok_edge_trimmed,False
IMG003550.jpeg,0,0,0,1.0,False,False,0.9574468085106383,True,almost_full_image_edge_trimmed,False
IMG003551.jpeg,0,0,0,1.0,False,False,0.8188034188034188,False,ok,False
IMG003552.jpeg,0,0,0,1.0,False,False,0.8082901554404145,False,ok_edge_trimmed,False
IMG003553.jpeg,0,0,0,1.0,False,False,0.6687732810802421,False,ok,False
IMG003554.jpeg,0,0,0,1.0,False,False,0.9002525252525253,False,ok,False
IMG003555.jpeg,0,0,0,1.0,False,False,0.9346003353828954,True,almost_full_image_edge_trimmed,False
IMG003556.jpeg,0,0,0,1.0,False,False,0.9099890230515916,False,ok,False
IMG003557.jpeg,0,0,0,1.0,False,False,0.997560975609756,True,almost_full_image_edge_trimmed,False
IMG003558.jpeg,0,0,0,1.0,False,False,1.0,True,almost_full_image,False
IMG003559.jpeg,0,0,0,1.0,False,False,0.9388339372657104,False,ok_edge_trimmed,False
IMG003560.jpeg,0,0,0,1.0,False,False,0.8342494937008496,False,ok_edge_trimmed,False
IMG003561.jpeg,0,0,0,1.0,False,False,0.7221798990002121,False,ok_edge_trimmed,False
IMG003562.jpeg,0,0,0,1.0,False,False,0.9090457256461232,False,ok_edge_trimmed,False
IMG003563.jpeg,0,0,0,1.0,False,False,0.9183673469387756,False,ok,False
IMG003564.jpeg,0,0,0,1.0,False,False,0.9039242219215156,False,ok,False
IMG003565.jpeg,0,0,0,1.0,False,False,0.6950627912379235,False,ok,False
IMG003566.jpeg,0,0,0,1.0,False,False,0.7825315889522532,False,ok_edge_trimmed,False
IMG003567.jpeg,0,0,0,1.0,False,False,0.9315403422982884,False,ok,False
IMG003568.jpeg,0,0,0,1.0,False,False,0.9754464285714286,False,ok,False
IMG003569.jpeg,0,0,0,1.0,False,False,0.652025120795982,False,ok,False
IMG003570.jpeg,0,0,0,1.0,False,False,0.8796263720799324,False,ok,False
IMG003571.jpeg,0,0,0,1.0,False,False,0.4917380549090333,False,ok,False
IMG003572.jpeg,0,0,0,1.0,False,False,0.505905802450908,False,ok_edge_trimmed,False
IMG003573.jpeg,0,0,0,1.0,False,False,0.8378252535613108,False,ok,False
IMG003574.jpeg,0,0,0,1.0,False,False,0.6844894139665458,False,ok_edge_trimmed,False
IMG003575.jpeg,0,0,0,1.0,False,False,0.8415175340156654,False,ok,False
IMG003576.jpeg,0,0,0,1.0,False,False,0.6561954624781849,False,ok_edge_trimmed,False
IMG003577.jpeg,0,0,0,1.0,False,False,0.8098958333333334,False,ok,False
IMG003578.jpeg,0,0,0,1.0,False,False,0.5476190476190477,False,ok_edge_trimmed,False
IMG003579.jpeg,0,0,0,1.0,False,False,0.8696774193548387,False,ok,False
IMG003580.jpeg,0,0,0,1.0,False,False,0.7360803797722976,False,ok_edge_trimmed,False
IMG003581.jpeg,0,0,0,1.0,False,False,0.893996143175122,True,almost_full_image_edge_trimmed,False
IMG003582.jpeg,0,0,0,1.0,False,False,0.9121835443037974,False,ok,False
IMG003583.jpeg,0,0,0,1.0,False,False,0.9392784799252932,False,ok_edge_trimmed,False
IMG003584.jpeg,0,0,0,1.0,False,False,1.0,True,almost_full_image,False
IMG003585.jpeg,0,0,0,1.0,False,False,0.6616487117968983,False,ok_edge_trimmed,False
IMG003586.jpeg,0,0,0,1.0,False,False,0.5183285684679275,False,ok_edge_trimmed,False
IMG003587.jpeg,0,0,0,1.0,False,False,0.6150821021715913,False,ok_edge_trimmed,False
IMG003588.jpeg,0,0,0,1.0,False,False,0.6622124528077936,False,ok_edge_trimmed,False
IMG003589.jpeg,0,0,0,1.0,False,False,0.7550967029974704,False,ok_edge_trimmed,False
IMG003590.jpeg,0,0,0,1.0,False,False,0.5470982031755512,False,ok_edge_trimmed,False
IMG003591.jpeg,0,0,0,1.0,False,False,0.7753468122786304,False,ok_edge_trimmed,False
IMG003592.jpeg,0,0,0,1.0,False,False,0.6452941176470588,False,ok_edge_trimmed,False
IMG003593.jpeg,0,0,0,1.0,False,False,0.59,False,ok_edge_trimmed,False
IMG003594.jpeg,0,0,0,1.0,False,False,0.6362098138747885,False,ok_edge_trimmed,False
IMG003595.jpeg,0,0,0,1.0,False,False,0.7804288675186389,False,ok_edge_trimmed,False
IMG003596.jpeg,0,0,0,1.0,False,False,0.8645367164487623,False,ok_edge_trimmed,False
IMG003597.jpeg,0,0,0,1.0,False,False,0.9594861660079052,False,ok,False
IMG003598.jpeg,0,0,0,1.0,False,False,0.3551531070712656,False,ok_edge_trimmed,False
IMG003599.jpeg,0,0,0,1.0,False,False,0.7298804915924638,False,ok,False
IMG003600.jpeg,0,0,0,1.0,False,False,0.7929773455403665,False,ok_edge_trimmed,False
IMG003601.jpeg,0,0,0,1.0,False,False,0.8412390569817173,False,ok_edge_trimmed,False
IMG003602.jpeg,0,0,0,1.0,False,False,0.9646583641871423,True,almost_full_image_edge_trimmed,False
IMG003603.jpeg,0,0,0,1.0,False,False,0.9279336734693876,False,ok,False
IMG003604.jpeg,0,0,0,1.0,False,False,0.7506049725837035,True,almost_full_image_edge_trimmed,False
IMG003605.jpeg,0,0,0,1.0,False,False,0.5554159196143814,False,ok_edge_trimmed,False
IMG003606.jpeg,0,0,0,1.0,False,False,0.7149621417716022,False,ok_edge_trimmed,False
IMG003607.jpeg,0,0,0,1.0,False,False,0.9482288828337876,False,ok,False
IMG003608.jpeg,0,0,0,1.0,False,False,0.6358888657886698,False,ok_edge_trimmed,False
IMG003609.jpeg,0,0,0,1.0,False,False,0.8184692146089205,False,ok,False
IMG003610.jpeg,0,0,0,1.0,False,False,0.8212573687880325,False,ok,False
IMG003611.jpeg,0,0,0,1.0,False,False,1.0,True,almost_full_image,False
IMG003612.jpeg,0,0,0,1.0,False,False,0.9304235216622716,True,almost_full_image_edge_trimmed,False
IMG003613.jpeg,0,0,0,1.0,False,False,0.9574888779041028,True,almost_full_image_edge_trimmed,False
IMG003614.jpeg,0,0,0,1.0,False,False,0.724414427746909,False,ok_edge_trimmed,False
IMG003615.jpeg,0,0,0,1.0,False,False,0.4844831206923855,False,ok_edge_trimmed,False
IMG003616.jpeg,0,0,0,1.0,False,False,0.5098007053227261,False,ok_edge_trimmed,False
IMG003617.jpeg,0,0,0,1.0,False,False,0.7360241473992147,False,ok,False
IMG003618.jpeg,0,0,0,1.0,False,False,0.7239263803680982,False,ok_edge_trimmed,False
IMG003619.jpeg,0,0,0,1.0,False,False,0.7394113424264178,False,ok_edge_trimmed,False
IMG003620.jpeg,0,0,0,1.0,False,False,0.7249444691970718,False,ok_edge_trimmed,False
IMG003621.jpeg,0,0,0,1.0,False,False,0.8919892116078588,False,ok_edge_trimmed,False
IMG003622.jpeg,0,0,0,1.0,False,False,0.4894160979308851,False,ok,False
IMG003623.jpeg,0,0,0,1.0,False,False,0.949074074074074,False,ok,False
IMG003624.jpeg,0,0,0,1.0,False,False,0.721183800623053,False,ok_edge_trimmed,False
IMG003625.jpeg,0,0,0,1.0,False,False,0.6752827140549273,False,ok_edge_trimmed,False
IMG003626.jpeg,0,0,0,1.0,False,False,0.9020300088261254,False,ok_edge_trimmed,False
IMG003627.jpeg,0,0,0,1.0,False,False,0.712890625,False,ok_edge_trimmed,False
IMG003628.jpeg,0,0,0,1.0,False,False,0.6821393966674805,False,ok_edge_trimmed,False
IMG003629.jpeg,0,0,0,1.0,False,False,0.6545741324921136,False,ok,False
IMG003630.jpeg,0,0,0,1.0,False,False,0.88204833141542,False,ok,False
IMG003631.jpeg,0,0,0,1.0,False,False,0.783800296761805,False,ok_edge_trimmed,False
IMG003632.jpeg,0,0,0,1.0,False,False,0.7542617250445255,False,ok_edge_trimmed,False
IMG003633.jpeg,0,0,0,1.0,False,False,0.5730577482343165,False,ok_edge_trimmed,False
IMG003634.jpeg,0,0,0,1.0,False,False,0.958152738791354,True,almost_full_image_edge_trimmed,False
IMG003635.jpeg,0,0,0,1.0,False,False,0.63531799729364,False,ok_edge_trimmed,False
IMG003636.jpeg,0,0,0,1.0,False,False,0.453857179557427,False,ok_edge_trimmed,False
IMG003637.jpeg,0,0,0,1.0,False,False,0.5811989867717422,False,ok_edge_trimmed,False
IMG003638.jpeg,0,0,0,1.0,False,False,0.685308959595031,False,ok_edge_trimmed,False
IMG003639.jpeg,0,0,0,1.0,False,False,0.5608078268985626,False,ok_edge_trimmed,False
IMG003640.jpeg,0,0,0,1.0,False,False,0.980001776958632,True,almost_full_image_edge_trimmed,False
IMG003641.jpeg,0,0,0,1.0,False,False,0.8112313937753721,False,ok_edge_trimmed,False
IMG003642.jpeg,0,0,0,1.0,False,False,0.7537363505231348,False,ok_edge_trimmed,False
IMG003643.jpeg,0,0,0,1.0,False,False,0.8614774997282982,False,ok_edge_trimmed,False
IMG003644.jpeg,0,0,0,1.0,False,False,0.8912941939154001,False,ok_edge_trimmed,False
IMG003645.jpeg,0,0,0,1.0,False,False,0.5129362559786127,True,almost_full_image_edge_trimmed,False
IMG003646.jpeg,0,0,0,1.0,False,False,0.8327869572405812,False,ok_edge_trimmed,False
IMG003647.jpeg,0,0,0,1.0,False,False,0.2446305663819553,False,ok_edge_trimmed,False
IMG003648.jpeg,0,0,0,1.0,False,False,0.709774015320912,False,ok_edge_trimmed,False
IMG003649.jpeg,0,0,0,1.0,False,False,0.9403372400823936,False,ok_edge_trimmed,False
IMG003650.jpeg,0,0,0,1.0,False,False,0.8708791208791209,False,ok_edge_trimmed,False
IMG003651.jpeg,0,0,0,1.0,False,False,0.93742606538306,True,almost_full_image_edge_trimmed,False
IMG003652.jpeg,0,0,0,1.0,False,False,0.983688825794089,True,almost_full_image_edge_trimmed,False
IMG003653.jpeg,0,0,0,1.0,False,False,0.9090909090909092,False,ok,False
IMG003654.jpeg,0,0,0,1.0,False,False,0.8721030042918455,False,ok,False
IMG003655.jpeg,0,0,0,1.0,False,False,0.539141372910782,False,ok_edge_trimmed,False
IMG003656.jpeg,0,0,0,1.0,False,False,0.5673033396931078,False,ok_edge_trimmed,False
IMG003657.jpeg,0,0,0,1.0,False,False,0.9276750330250992,False,ok,False
IMG003658.jpeg,0,0,0,1.0,False,False,0.8027074846848554,False,ok_edge_trimmed,False
IMG003659.jpeg,0,0,0,1.0,False,False,0.965960873664362,True,almost_full_image_edge_trimmed,False
IMG003660.jpeg,0,0,0,1.0,False,False,0.8121204453441295,False,ok_edge_trimmed,False
IMG003661.jpeg,0,0,0,1.0,False,False,0.888974065796996,False,ok_edge_trimmed,False
IMG003662.jpeg,0,0,0,1.0,False,False,0.7460558361823969,False,ok_edge_trimmed,False
IMG003663.jpeg,0,0,0,1.0,False,False,0.8830538848150284,True,almost_full_image_edge_trimmed,False
IMG003664.jpeg,0,0,0,1.0,False,False,0.4285149268377456,True,almost_full_image_edge_trimmed,False
IMG003665.jpeg,0,0,0,1.0,False,False,0.2941222879684418,False,ok_edge_trimmed,False
IMG003666.jpeg,0,0,0,1.0,False,False,0.5489065592302727,False,ok_edge_trimmed,False
IMG003667.jpeg,0,0,0,1.0,False,False,0.5620102720119018,False,ok_edge_trimmed,False
IMG003668.jpeg,0,0,0,1.0,False,False,0.4556720820526677,False,ok_edge_trimmed,False
IMG003669.jpeg,0,0,0,1.0,False,False,0.6699792673233058,False,ok_edge_trimmed,False
IMG003670.jpeg,0,0,0,1.0,False,False,0.7083198130962425,False,ok_edge_trimmed,False
IMG003671.jpeg,0,0,0,1.0,False,False,0.7134099616858237,False,ok_edge_trimmed,False
IMG003672.jpeg,0,0,0,1.0,False,False,0.4768696069031639,False,ok_edge_trimmed,False
IMG003673.jpeg,0,0,0,1.0,False,False,0.8916994353700343,False,ok_edge_trimmed,False
IMG003674.jpeg,0,0,0,1.0,False,False,0.7565306122448979,False,ok_edge_trimmed,False
IMG003675.jpeg,0,0,0,1.0,False,False,0.6336405529953917,False,ok_edge_trimmed,False
IMG003676.jpeg,0,0,0,1.0,False,False,0.8270676691729323,False,ok,False
IMG003677.jpeg,0,0,0,1.0,False,False,0.8815104166666666,False,ok,False
IMG003678.jpeg,0,0,0,1.0,False,False,0.7639405204460966,False,ok,False
IMG003679.jpeg,0,0,0,1.0,False,False,0.5919498945240655,False,ok_edge_trimmed,False
IMG003680.jpeg,0,0,0,1.0,False,False,0.4879274352958563,False,ok_edge_trimmed,False
IMG003681.jpeg,0,0,0,1.0,False,False,0.5083237037313154,False,ok_edge_trimmed,False
IMG003682.jpeg,0,0,0,1.0,False,False,0.5247199375958381,False,ok_edge_trimmed,False
IMG003683.jpeg,0,0,0,1.0,False,False,0.644561451973301,False,ok_edge_trimmed,False
IMG003684.jpeg,0,0,0,1.0,False,False,0.970774647887324,False,ok_edge_trimmed,False
IMG003685.jpeg,0,0,0,1.0,False,False,0.6699792673233058,False,ok_edge_trimmed,False
IMG003686.jpeg,0,0,0,1.0,False,False,0.4556720820526677,False,ok_edge_trimmed,False
IMG003687.jpeg,0,0,0,1.0,False,False,0.9646333870787503,False,ok_edge_trimmed,False
IMG003688.jpeg,0,0,0,1.0,False,False,0.7730085165379283,True,almost_full_image_edge_trimmed,False
IMG003689.jpeg,0,0,0,1.0,False,False,0.8723223044847176,False,ok_edge_trimmed,False
IMG003690.jpeg,0,0,0,1.0,False,False,0.8760699607983092,False,ok_edge_trimmed,False
IMG003691.jpeg,0,0,0,1.0,False,False,0.5448274076919223,False,ok_edge_trimmed,False
IMG003692.jpeg,0,0,0,1.0,False,False,0.7390562964471139,False,ok_edge_trimmed,False
IMG003693.jpeg,0,0,0,1.0,False,False,0.5508197621544589,False,ok_edge_trimmed,False
IMG003694.jpeg,0,0,0,1.0,False,False,0.7568972521304131,False,ok_edge_trimmed,False
IMG003695.jpeg,0,0,0,1.0,False,False,0.7994257994257994,False,ok_edge_trimmed,False
IMG003696.jpeg,0,0,0,1.0,False,False,0.6938134639896251,False,ok_edge_trimmed,False
IMG003697.jpeg,0,0,0,1.0,False,False,0.7429208816497285,False,ok_edge_trimmed,False
IMG003698.jpeg,0,0,0,1.0,False,False,0.740826422231922,False,ok_edge_trimmed,False
IMG003699.jpeg,0,0,0,1.0,False,False,0.8706338939197931,False,ok,False
IMG003700.jpeg,0,0,0,1.0,False,False,1.0,True,almost_full_image,False
IMG003701.jpeg,0,0,0,1.0,False,False,0.7019289723152384,False,ok_edge_trimmed,False
IMG003702.jpeg,0,0,0,1.0,False,False,0.8653536977491961,False,ok_edge_trimmed,False
IMG003703.jpeg,0,0,0,1.0,False,False,0.4730191650897678,False,ok_edge_trimmed,False
IMG003704.jpeg,0,0,0,1.0,False,False,1.0,True,almost_full_image,False
IMG003705.jpeg,0,0,0,1.0,False,False,0.475226586102719,False,ok_edge_trimmed,False
IMG003706.jpeg,0,0,0,1.0,False,False,0.4224580684152191,False,ok_edge_trimmed,False
IMG003707.jpeg,0,0,0,1.0,False,False,0.5807679491451567,True,almost_full_image_edge_trimmed,False
IMG003708.jpeg,0,0,0,1.0,False,False,0.7699224537724887,False,ok_edge_trimmed,False
IMG003709.jpeg,0,0,0,1.0,False,False,0.5394058885383807,False,ok_edge_trimmed,False
IMG003710.jpeg,0,0,0,1.0,False,False,0.4459020493866979,False,ok_edge_trimmed,False
IMG003711.jpeg,0,0,0,1.0,False,False,0.8765955442513306,False,ok_edge_trimmed,False
IMG003712.jpeg,0,0,0,1.0,False,False,0.3231959936262235,False,ok_edge_trimmed,False
IMG003713.jpeg,0,0,0,1.0,False,False,0.2906442066924652,False,ok_edge_trimmed,False
IMG003714.jpeg,0,0,0,1.0,False,False,0.6910830101702815,True,almost_full_image_edge_trimmed,False
IMG003715.jpeg,0,0,0,1.0,False,False,0.9192546583850932,False,ok_edge_trimmed,False
IMG003716.jpeg,0,0,0,1.0,False,False,0.9945982444294396,True,almost_full_image_edge_trimmed,False
IMG003717.jpeg,0,0,0,1.0,False,False,0.9421052631578948,False,ok_edge_trimmed,False
IMG003718.jpeg,0,0,0,1.0,False,False,0.9398486759142496,True,almost_full_image_edge_trimmed,False
IMG003719.jpeg,0,0,0,1.0,False,False,0.7712097499250774,False,ok_edge_trimmed,False
IMG003720.jpg,0,0,0,1.0,False,False,0.6283104783837538,False,ok_edge_trimmed,False
IMG003721.jpg,0,0,0,1.0,False,False,0.5397,False,ok_edge_trimmed,False
IMG003722.jpg,0,0,0,1.0,False,False,0.8573369777430692,False,ok_edge_trimmed,False
IMG003723.jpg,0,0,0,1.0,False,False,0.8919847328244275,False,ok_edge_trimmed,False
IMG003724.jpg,0,0,0,1.0,False,False,0.6051874940317036,False,ok_edge_trimmed,False
IMG003725.jpg,0,0,0,1.0,False,False,0.6532464641460807,False,ok_edge_trimmed,False
IMG003726.jpg,0,0,0,1.0,False,False,0.5195433436532507,False,ok_edge_trimmed,False
IMG003727.jpg,0,0,0,1.0,False,False,0.7268445839874411,False,ok_edge_trimmed,False
IMG003728.jpg,0,0,0,1.0,False,False,0.3479539269051322,False,ok_edge_trimmed,False
IMG003729.jpg,0,0,0,1.0,False,False,0.6897260273972603,False,ok_edge_trimmed,False
IMG003730.jpg,0,0,0,1.0,False,False,0.3855540205792683,False,ok_edge_trimmed,False
IMG003731.jpg,0,0,0,1.0,False,False,0.4875947706065319,False,ok_edge_trimmed,False
IMG003732.jpg,0,0,0,1.0,False,False,0.7950737509720062,False,ok_edge_trimmed,False
IMG003733.jpg,0,0,0,1.0,False,False,0.4392222735225505,False,ok_edge_trimmed,False
IMG003734.jpg,0,0,0,1.0,False,False,0.4498642228810264,False,ok_edge_trimmed,False
IMG003735.jpg,0,0,0,1.0,False,False,0.8928121720881427,False,ok_edge_trimmed,False
IMG003736.jpg,0,0,0,1.0,False,False,0.5500363170262764,False,ok_edge_trimmed,False
IMG003737.jpg,0,0,0,1.0,False,False,0.4725992965104976,False,ok_edge_trimmed,False
IMG003738.jpg,0,0,0,1.0,False,False,0.6166666666666667,False,ok_edge_trimmed,False
IMG003739.jpg,0,0,0,1.0,False,False,0.5833333333333334,False,ok_edge_trimmed,False
IMG003740.jpg,0,0,0,1.0,False,False,0.6104947916666666,False,ok_edge_trimmed,False
IMG003741.jpg,0,0,0,1.0,False,False,0.8247903354632588,False,ok_edge_trimmed,False
IMG003742.jpg,0,0,0,1.0,False,False,0.915813492063492,False,ok_edge_trimmed,False
IMG003743.jpg,0,0,0,1.0,False,False,0.7573314755838642,False,ok_edge_trimmed,False
IMG003744.jpg,0,0,0,1.0,False,False,0.6409263959390863,False,ok_edge_trimmed,False
IMG003745.jpg,0,0,0,1.0,False,False,0.9252996156350424,True,almost_full_image_edge_trimmed,False
IMG003746.jpg,0,0,0,1.0,False,False,0.6884934971098265,False,ok_edge_trimmed,False
