image_id,tumor,image_path,annotation_path,mask_path,width,height,num_shapes,polygon_count,rectangle_count,used_rectangle_fallback,mask_area_pixels
IMG000001.jpeg,1,data\raw\images\IMG000001.jpeg,data\raw\Annotations\IMG000001.json,data\processed\masks\IMG000001.png,3213,2397,2,1,1,False,296413
IMG000002.jpeg,1,data\raw\images\IMG000002.jpeg,data\raw\Annotations\IMG000002.json,data\processed\masks\IMG000002.png,1640,3032,2,1,1,False,131932
IMG000003.jpeg,1,data\raw\images\IMG000003.jpeg,data\raw\Annotations\IMG000003.json,data\processed\masks\IMG000003.png,2276,3032,2,1,1,False,121129
IMG000004.jpeg,1,data\raw\images\IMG000004.jpeg,data\raw\Annotations\IMG000004.json,data\processed\masks\IMG000004.png,2561,2817,2,1,1,False,91831
IMG000005.jpeg,1,data\raw\images\IMG000005.jpeg,data\raw\Annotations\IMG000005.json,data\processed\masks\IMG000005.png,2642,2656,2,1,1,False,89110
IMG000006.jpeg,1,data\raw\images\IMG000006.jpeg,data\raw\Annotations\IMG000006.json,data\processed\masks\IMG000006.png,1886,2984,2,1,1,False,808123
IMG000007.jpeg,1,data\raw\images\IMG000007.jpeg,data\raw\Annotations\IMG000007.json,data\processed\masks\IMG000007.png,2064,2506,2,1,1,False,593354
IMG000008.jpeg,1,data\raw\images\IMG000008.jpeg,data\raw\Annotations\IMG000008.json,data\processed\masks\IMG000008.png,1250,2120,2,1,1,False,61592
IMG000009.jpeg,1,data\raw\images\IMG000009.jpeg,data\raw\Annotations\IMG000009.json,data\processed\masks\IMG000009.png,1250,2468,2,1,1,False,49835
IMG000010.jpeg,1,data\raw\images\IMG000010.jpeg,data\raw\Annotations\IMG000010.json,data\processed\masks\IMG000010.png,2395,2032,2,1,1,False,131881
IMG000011.jpeg,1,data\raw\images\IMG000011.jpeg,data\raw\Annotations\IMG000011.json,data\processed\masks\IMG000011.png,3320,3408,2,1,1,False,305644
IMG000012.jpeg,1,data\raw\images\IMG000012.jpeg,data\raw\Annotations\IMG000012.json,data\processed\masks\IMG000012.png,2800,3408,2,1,1,False,272030
IMG000013.jpeg,1,data\raw\images\IMG000013.jpeg,data\raw\Annotations\IMG000013.json,data\processed\masks\IMG000013.png,3320,3408,4,2,2,False,182494
IMG000014.jpeg,1,data\raw\images\IMG000014.jpeg,data\raw\Annotations\IMG000014.json,data\processed\masks\IMG000014.png,3320,2880,2,1,1,False,155144
IMG000015.jpeg,1,data\raw\images\IMG000015.jpeg,data\raw\Annotations\IMG000015.json,data\processed\masks\IMG000015.png,2015,3408,2,1,1,False,161954
IMG000016.jpeg,1,data\raw\images\IMG000016.jpeg,data\raw\Annotations\IMG000016.json,data\processed\masks\IMG000016.png,2157,3408,2,1,1,False,120577
IMG000017.jpeg,1,data\raw\images\IMG000017.jpeg,data\raw\Annotations\IMG000017.json,data\processed\masks\IMG000017.png,2039,3056,2,1,1,False,287904
IMG000018.jpeg,1,data\raw\images\IMG000018.jpeg,data\raw\Annotations\IMG000018.json,data\processed\masks\IMG000018.png,2135,3056,2,1,1,False,400861
IMG000019.jpeg,1,data\raw\images\IMG000019.jpeg,data\raw\Annotations\IMG000019.json,data\processed\masks\IMG000019.png,1900,3056,2,1,1,False,205821
IMG000020.jpeg,1,data\raw\images\IMG000020.jpeg,data\raw\Annotations\IMG000020.json,data\processed\masks\IMG000020.png,2232,3056,2,1,1,False,252305
IMG000021.jpeg,1,data\raw\images\IMG000021.jpeg,data\raw\Annotations\IMG000021.json,data\processed\masks\IMG000021.png,1940,3056,2,1,1,False,237135
IMG000022.jpeg,1,data\raw\images\IMG000022.jpeg,data\raw\Annotations\IMG000022.json,data\processed\masks\IMG000022.png,1951,3056,2,1,1,False,329885
IMG000023.jpeg,1,data\raw\images\IMG000023.jpeg,data\raw\Annotations\IMG000023.json,data\processed\masks\IMG000023.png,1723,3056,2,1,1,False,228412
IMG000024.jpeg,1,data\raw\images\IMG000024.jpeg,data\raw\Annotations\IMG000024.json,data\processed\masks\IMG000024.png,2544,3056,2,1,1,False,498754
IMG000025.jpeg,1,data\raw\images\IMG000025.jpeg,data\raw\Annotations\IMG000025.json,data\processed\masks\IMG000025.png,2544,3056,2,1,1,False,273472
IMG000026.jpeg,1,data\raw\images\IMG000026.jpeg,data\raw\Annotations\IMG000026.json,data\processed\masks\IMG000026.png,3056,2544,2,1,1,False,257893
IMG000027.jpeg,1,data\raw\images\IMG000027.jpeg,data\raw\Annotations\IMG000027.json,data\processed\masks\IMG000027.png,2544,3056,2,1,1,False,283857
IMG000028.jpeg,1,data\raw\images\IMG000028.jpeg,data\raw\Annotations\IMG000028.json,data\processed\masks\IMG000028.png,2544,3056,2,1,1,False,263277
IMG000029.jpeg,1,data\raw\images\IMG000029.jpeg,data\raw\Annotations\IMG000029.json,data\processed\masks\IMG000029.png,2544,3056,2,1,1,False,241472
IMG000030.jpeg,1,data\raw\images\IMG000030.jpeg,data\raw\Annotations\IMG000030.json,data\processed\masks\IMG000030.png,2544,3056,2,1,1,False,120966
IMG000031.jpeg,1,data\raw\images\IMG000031.jpeg,data\raw\Annotations\IMG000031.json,data\processed\masks\IMG000031.png,2544,3056,2,1,1,False,136580
IMG000032.jpeg,1,data\raw\images\IMG000032.jpeg,data\raw\Annotations\IMG000032.json,data\processed\masks\IMG000032.png,2544,3056,2,1,1,False,189796
IMG000033.jpeg,1,data\raw\images\IMG000033.jpeg,data\raw\Annotations\IMG000033.json,data\processed\masks\IMG000033.png,1511,3294,2,1,1,False,74970
IMG000034.jpeg,1,data\raw\images\IMG000034.jpeg,data\raw\Annotations\IMG000034.json,data\processed\masks\IMG000034.png,1616,3408,2,1,1,False,68241
IMG000035.jpeg,1,data\raw\images\IMG000035.jpeg,data\raw\Annotations\IMG000035.json,data\processed\masks\IMG000035.png,611,815,2,1,1,False,37007
IMG000036.jpeg,1,data\raw\images\IMG000036.jpeg,data\raw\Annotations\IMG000036.json,data\processed\masks\IMG000036.png,817,811,2,1,1,False,24256
IMG000037.jpeg,1,data\raw\images\IMG000037.jpeg,data\raw\Annotations\IMG000037.json,data\processed\masks\IMG000037.png,731,809,2,1,1,False,8363
IMG000038.jpeg,1,data\raw\images\IMG000038.jpeg,data\raw\Annotations\IMG000038.json,data\processed\masks\IMG000038.png,669,818,2,1,1,False,12797
IMG000039.jpeg,1,data\raw\images\IMG000039.jpeg,data\raw\Annotations\IMG000039.json,data\processed\masks\IMG000039.png,935,808,2,1,1,False,20670
IMG000040.jpeg,1,data\raw\images\IMG000040.jpeg,data\raw\Annotations\IMG000040.json,data\processed\masks\IMG000040.png,549,819,2,1,1,False,16633
IMG000041.jpeg,1,data\raw\images\IMG000041.jpeg,data\raw\Annotations\IMG000041.json,data\processed\masks\IMG000041.png,609,815,2,1,1,False,23882
IMG000042.jpeg,1,data\raw\images\IMG000042.jpeg,data\raw\Annotations\IMG000042.json,data\processed\masks\IMG000042.png,607,808,2,1,1,False,5321
IMG000043.jpeg,1,data\raw\images\IMG000043.jpeg,data\raw\Annotations\IMG000043.json,data\processed\masks\IMG000043.png,604,814,2,1,1,False,4278
IMG000044.jpeg,1,data\raw\images\IMG000044.jpeg,data\raw\Annotations\IMG000044.json,data\processed\masks\IMG000044.png,505,815,2,1,1,False,7690
IMG000045.jpeg,1,data\raw\images\IMG000045.jpeg,data\raw\Annotations\IMG000045.json,data\processed\masks\IMG000045.png,517,814,2,1,1,False,8401
IMG000046.jpeg,1,data\raw\images\IMG000046.jpeg,data\raw\Annotations\IMG000046.json,data\processed\masks\IMG000046.png,455,809,2,1,1,False,6508
IMG000047.jpeg,1,data\raw\images\IMG000047.jpeg,data\raw\Annotations\IMG000047.json,data\processed\masks\IMG000047.png,462,817,2,1,1,False,5322
IMG000048.jpeg,1,data\raw\images\IMG000048.jpeg,data\raw\Annotations\IMG000048.json,data\processed\masks\IMG000048.png,586,804,2,1,1,False,11029
IMG000049.jpeg,1,data\raw\images\IMG000049.jpeg,data\raw\Annotations\IMG000049.json,data\processed\masks\IMG000049.png,720,719,2,1,1,False,9287
IMG000050.jpeg,1,data\raw\images\IMG000050.jpeg,data\raw\Annotations\IMG000050.json,data\processed\masks\IMG000050.png,917,812,2,1,1,False,80897
IMG000051.jpeg,1,data\raw\images\IMG000051.jpeg,data\raw\Annotations\IMG000051.json,data\processed\masks\IMG000051.png,813,815,2,1,1,False,9916
IMG000052.jpeg,1,data\raw\images\IMG000052.jpeg,data\raw\Annotations\IMG000052.json,data\processed\masks\IMG000052.png,501,813,2,1,1,False,7967
IMG000053.jpeg,1,data\raw\images\IMG000053.jpeg,data\raw\Annotations\IMG000053.json,data\processed\masks\IMG000053.png,630,815,2,1,1,False,50430
IMG000054.jpeg,1,data\raw\images\IMG000054.jpeg,data\raw\Annotations\IMG000054.json,data\processed\masks\IMG000054.png,628,816,2,1,1,False,52208
IMG000055.jpeg,1,data\raw\images\IMG000055.jpeg,data\raw\Annotations\IMG000055.json,data\processed\masks\IMG000055.png,680,818,2,1,1,False,15089
IMG000056.jpeg,1,data\raw\images\IMG000056.jpeg,data\raw\Annotations\IMG000056.json,data\processed\masks\IMG000056.png,730,809,2,1,1,False,20172
IMG000057.jpeg,1,data\raw\images\IMG000057.jpeg,data\raw\Annotations\IMG000057.json,data\processed\masks\IMG000057.png,534,815,2,1,1,False,8065
IMG000058.jpeg,1,data\raw\images\IMG000058.jpeg,data\raw\Annotations\IMG000058.json,data\processed\masks\IMG000058.png,510,813,2,1,1,False,7564
IMG000059.jpeg,1,data\raw\images\IMG000059.jpeg,data\raw\Annotations\IMG000059.json,data\processed\masks\IMG000059.png,581,802,2,1,1,False,16887
IMG000060.jpeg,1,data\raw\images\IMG000060.jpeg,data\raw\Annotations\IMG000060.json,data\processed\masks\IMG000060.png,588,790,2,1,1,False,20572
IMG000061.jpeg,1,data\raw\images\IMG000061.jpeg,data\raw\Annotations\IMG000061.json,data\processed\masks\IMG000061.png,517,728,2,1,1,False,2966
IMG000062.jpeg,1,data\raw\images\IMG000062.jpeg,data\raw\Annotations\IMG000062.json,data\processed\masks\IMG000062.png,501,735,2,1,1,False,4262
IMG000063.jpeg,1,data\raw\images\IMG000063.jpeg,data\raw\Annotations\IMG000063.json,data\processed\masks\IMG000063.png,467,812,2,1,1,False,9782
IMG000064.jpeg,1,data\raw\images\IMG000064.jpeg,data\raw\Annotations\IMG000064.json,data\processed\masks\IMG000064.png,481,813,2,1,1,False,8860
IMG000065.jpeg,1,data\raw\images\IMG000065.jpeg,data\raw\Annotations\IMG000065.json,data\processed\masks\IMG000065.png,428,769,2,1,1,False,3805
IMG000066.jpeg,1,data\raw\images\IMG000066.jpeg,data\raw\Annotations\IMG000066.json,data\processed\masks\IMG000066.png,492,787,2,1,1,False,5543
IMG000067.jpeg,1,data\raw\images\IMG000067.jpeg,data\raw\Annotations\IMG000067.json,data\processed\masks\IMG000067.png,408,719,2,1,1,False,7657
IMG000068.jpeg,1,data\raw\images\IMG000068.jpeg,data\raw\Annotations\IMG000068.json,data\processed\masks\IMG000068.png,418,722,2,1,1,False,11460
IMG000069.jpeg,1,data\raw\images\IMG000069.jpeg,data\raw\Annotations\IMG000069.json,data\processed\masks\IMG000069.png,564,802,2,1,1,False,3312
IMG000070.jpeg,1,data\raw\images\IMG000070.jpeg,data\raw\Annotations\IMG000070.json,data\processed\masks\IMG000070.png,508,808,2,1,1,False,6379
IMG000071.jpeg,1,data\raw\images\IMG000071.jpeg,data\raw\Annotations\IMG000071.json,data\processed\masks\IMG000071.png,898,805,2,1,1,False,45129
IMG000072.jpeg,1,data\raw\images\IMG000072.jpeg,data\raw\Annotations\IMG000072.json,data\processed\masks\IMG000072.png,548,811,2,1,1,False,11982
IMG000073.jpeg,1,data\raw\images\IMG000073.jpeg,data\raw\Annotations\IMG000073.json,data\processed\masks\IMG000073.png,599,816,2,1,1,False,9207
IMG000074.jpeg,1,data\raw\images\IMG000074.jpeg,data\raw\Annotations\IMG000074.json,data\processed\masks\IMG000074.png,537,747,2,1,1,False,15020
IMG000075.jpeg,1,data\raw\images\IMG000075.jpeg,data\raw\Annotations\IMG000075.json,data\processed\masks\IMG000075.png,592,782,2,1,1,False,20134
IMG000076.jpeg,1,data\raw\images\IMG000076.jpeg,data\raw\Annotations\IMG000076.json,data\processed\masks\IMG000076.png,499,813,2,1,1,False,16144
IMG000077.jpeg,1,data\raw\images\IMG000077.jpeg,data\raw\Annotations\IMG000077.json,data\processed\masks\IMG000077.png,809,740,2,1,1,False,6930
IMG000078.jpeg,1,data\raw\images\IMG000078.jpeg,data\raw\Annotations\IMG000078.json,data\processed\masks\IMG000078.png,410,809,2,1,1,False,19711
IMG000079.jpeg,1,data\raw\images\IMG000079.jpeg,data\raw\Annotations\IMG000079.json,data\processed\masks\IMG000079.png,432,813,2,1,1,False,11680
IMG000080.jpeg,1,data\raw\images\IMG000080.jpeg,data\raw\Annotations\IMG000080.json,data\processed\masks\IMG000080.png,738,805,2,1,1,False,6932
IMG000081.jpeg,1,data\raw\images\IMG000081.jpeg,data\raw\Annotations\IMG000081.json,data\processed\masks\IMG000081.png,561,815,2,1,1,False,14537
IMG000082.jpeg,1,data\raw\images\IMG000082.jpeg,data\raw\Annotations\IMG000082.json,data\processed\masks\IMG000082.png,589,816,2,1,1,False,15394
IMG000083.jpeg,1,data\raw\images\IMG000083.jpeg,data\raw\Annotations\IMG000083.json,data\processed\masks\IMG000083.png,474,812,2,1,1,False,29023
IMG000084.jpeg,1,data\raw\images\IMG000084.jpeg,data\raw\Annotations\IMG000084.json,data\processed\masks\IMG000084.png,620,817,2,1,1,False,38078
IMG000085.jpeg,1,data\raw\images\IMG000085.jpeg,data\raw\Annotations\IMG000085.json,data\processed\masks\IMG000085.png,652,818,2,1,1,False,83072
IMG000086.jpeg,1,data\raw\images\IMG000086.jpeg,data\raw\Annotations\IMG000086.json,data\processed\masks\IMG000086.png,697,812,2,1,1,False,33662
IMG000087.jpeg,1,data\raw\images\IMG000087.jpeg,data\raw\Annotations\IMG000087.json,data\processed\masks\IMG000087.png,541,806,2,1,1,False,32341
IMG000088.jpeg,1,data\raw\images\IMG000088.jpeg,data\raw\Annotations\IMG000088.json,data\processed\masks\IMG000088.png,578,809,2,1,1,False,41146
IMG000089.jpeg,1,data\raw\images\IMG000089.jpeg,data\raw\Annotations\IMG000089.json,data\processed\masks\IMG000089.png,699,817,2,1,1,False,49453
IMG000090.jpeg,1,data\raw\images\IMG000090.jpeg,data\raw\Annotations\IMG000090.json,data\processed\masks\IMG000090.png,687,803,2,1,1,False,38641
IMG000091.jpeg,1,data\raw\images\IMG000091.jpeg,data\raw\Annotations\IMG000091.json,data\processed\masks\IMG000091.png,496,816,2,1,1,False,17183
IMG000092.jpeg,1,data\raw\images\IMG000092.jpeg,data\raw\Annotations\IMG000092.json,data\processed\masks\IMG000092.png,508,813,2,1,1,False,16807
IMG000093.jpeg,1,data\raw\images\IMG000093.jpeg,data\raw\Annotations\IMG000093.json,data\processed\masks\IMG000093.png,415,803,2,1,1,False,20410
IMG000094.jpeg,1,data\raw\images\IMG000094.jpeg,data\raw\Annotations\IMG000094.json,data\processed\masks\IMG000094.png,447,810,2,1,1,False,23389
IMG000095.jpeg,1,data\raw\images\IMG000095.jpeg,data\raw\Annotations\IMG000095.json,data\processed\masks\IMG000095.png,530,814,2,1,1,False,18972
IMG000096.jpeg,1,data\raw\images\IMG000096.jpeg,data\raw\Annotations\IMG000096.json,data\processed\masks\IMG000096.png,608,819,2,1,1,False,14604
IMG000097.jpeg,1,data\raw\images\IMG000097.jpeg,data\raw\Annotations\IMG000097.json,data\processed\masks\IMG000097.png,497,817,2,1,1,False,18064
IMG000098.jpeg,1,data\raw\images\IMG000098.jpeg,data\raw\Annotations\IMG000098.json,data\processed\masks\IMG000098.png,671,815,2,1,1,False,11933
IMG000099.jpeg,1,data\raw\images\IMG000099.jpeg,data\raw\Annotations\IMG000099.json,data\processed\masks\IMG000099.png,560,392,2,1,1,False,8777
IMG000100.jpeg,1,data\raw\images\IMG000100.jpeg,data\raw\Annotations\IMG000100.json,data\processed\masks\IMG000100.png,555,816,2,1,1,False,13036
IMG000101.jpeg,1,data\raw\images\IMG000101.jpeg,data\raw\Annotations\IMG000101.json,data\processed\masks\IMG000101.png,567,609,2,1,1,False,24283
IMG000102.jpeg,1,data\raw\images\IMG000102.jpeg,data\raw\Annotations\IMG000102.json,data\processed\masks\IMG000102.png,527,780,2,1,1,False,23336
IMG000103.jpeg,1,data\raw\images\IMG000103.jpeg,data\raw\Annotations\IMG000103.json,data\processed\masks\IMG000103.png,497,803,2,1,1,False,18600
IMG000104.jpeg,1,data\raw\images\IMG000104.jpeg,data\raw\Annotations\IMG000104.json,data\processed\masks\IMG000104.png,515,778,2,1,1,False,19229
IMG000105.jpeg,1,data\raw\images\IMG000105.jpeg,data\raw\Annotations\IMG000105.json,data\processed\masks\IMG000105.png,583,782,2,1,1,False,19342
IMG000106.jpeg,1,data\raw\images\IMG000106.jpeg,data\raw\Annotations\IMG000106.json,data\processed\masks\IMG000106.png,493,800,2,1,1,False,10110
IMG000107.jpeg,1,data\raw\images\IMG000107.jpeg,data\raw\Annotations\IMG000107.json,data\processed\masks\IMG000107.png,475,812,2,1,1,False,8841
IMG000108.jpeg,1,data\raw\images\IMG000108.jpeg,data\raw\Annotations\IMG000108.json,data\processed\masks\IMG000108.png,606,769,2,1,1,False,9385
IMG000109.jpeg,1,data\raw\images\IMG000109.jpeg,data\raw\Annotations\IMG000109.json,data\processed\masks\IMG000109.png,616,806,2,1,1,False,6858
IMG000110.jpeg,1,data\raw\images\IMG000110.jpeg,data\raw\Annotations\IMG000110.json,data\processed\masks\IMG000110.png,524,532,2,1,1,False,19669
IMG000111.jpeg,1,data\raw\images\IMG000111.jpeg,data\raw\Annotations\IMG000111.json,data\processed\masks\IMG000111.png,603,813,2,1,1,False,18852
IMG000112.jpeg,1,data\raw\images\IMG000112.jpeg,data\raw\Annotations\IMG000112.json,data\processed\masks\IMG000112.png,611,804,2,1,1,False,1889
IMG000113.jpeg,1,data\raw\images\IMG000113.jpeg,data\raw\Annotations\IMG000113.json,data\processed\masks\IMG000113.png,774,813,2,1,1,False,3469
IMG000114.jpeg,1,data\raw\images\IMG000114.jpeg,data\raw\Annotations\IMG000114.json,data\processed\masks\IMG000114.png,1028,812,2,1,1,False,10101
IMG000115.jpeg,1,data\raw\images\IMG000115.jpeg,data\raw\Annotations\IMG000115.json,data\processed\masks\IMG000115.png,516,789,2,1,1,False,3356
IMG000116.jpeg,1,data\raw\images\IMG000116.jpeg,data\raw\Annotations\IMG000116.json,data\processed\masks\IMG000116.png,403,786,2,1,1,False,4046
IMG000117.jpeg,1,data\raw\images\IMG000117.jpeg,data\raw\Annotations\IMG000117.json,data\processed\masks\IMG000117.png,443,684,2,1,1,False,8850
IMG000118.jpeg,1,data\raw\images\IMG000118.jpeg,data\raw\Annotations\IMG000118.json,data\processed\masks\IMG000118.png,601,811,2,1,1,False,13957
IMG000119.jpeg,1,data\raw\images\IMG000119.jpeg,data\raw\Annotations\IMG000119.json,data\processed\masks\IMG000119.png,497,815,2,1,1,False,12191
IMG000120.jpeg,1,data\raw\images\IMG000120.jpeg,data\raw\Annotations\IMG000120.json,data\processed\masks\IMG000120.png,486,815,2,1,1,False,4702
IMG000121.jpeg,1,data\raw\images\IMG000121.jpeg,data\raw\Annotations\IMG000121.json,data\processed\masks\IMG000121.png,553,811,2,1,1,False,5803
IMG000122.jpeg,1,data\raw\images\IMG000122.jpeg,data\raw\Annotations\IMG000122.json,data\processed\masks\IMG000122.png,517,816,2,1,1,False,5108
IMG000123.jpeg,1,data\raw\images\IMG000123.jpeg,data\raw\Annotations\IMG000123.json,data\processed\masks\IMG000123.png,620,814,2,1,1,False,97472
IMG000124.jpeg,1,data\raw\images\IMG000124.jpeg,data\raw\Annotations\IMG000124.json,data\processed\masks\IMG000124.png,643,820,2,1,1,False,90731
IMG000125.jpeg,1,data\raw\images\IMG000125.jpeg,data\raw\Annotations\IMG000125.json,data\processed\masks\IMG000125.png,641,815,2,1,1,False,12108
IMG000126.jpeg,1,data\raw\images\IMG000126.jpeg,data\raw\Annotations\IMG000126.json,data\processed\masks\IMG000126.png,570,820,2,1,1,False,19239
IMG000127.jpeg,1,data\raw\images\IMG000127.jpeg,data\raw\Annotations\IMG000127.json,data\processed\masks\IMG000127.png,562,817,2,1,1,False,17257
IMG000128.jpeg,1,data\raw\images\IMG000128.jpeg,data\raw\Annotations\IMG000128.json,data\processed\masks\IMG000128.png,620,821,2,1,1,False,32106
IMG000129.jpeg,1,data\raw\images\IMG000129.jpeg,data\raw\Annotations\IMG000129.json,data\processed\masks\IMG000129.png,611,810,2,1,1,False,10030
IMG000130.jpeg,1,data\raw\images\IMG000130.jpeg,data\raw\Annotations\IMG000130.json,data\processed\masks\IMG000130.png,650,814,2,1,1,False,11870
IMG000131.jpeg,1,data\raw\images\IMG000131.jpeg,data\raw\Annotations\IMG000131.json,data\processed\masks\IMG000131.png,528,775,2,1,1,False,34349
IMG000132.jpeg,1,data\raw\images\IMG000132.jpeg,data\raw\Annotations\IMG000132.json,data\processed\masks\IMG000132.png,583,817,2,1,1,False,38344
IMG000133.jpeg,1,data\raw\images\IMG000133.jpeg,data\raw\Annotations\IMG000133.json,data\processed\masks\IMG000133.png,811,814,2,1,1,False,20408
IMG000134.jpeg,1,data\raw\images\IMG000134.jpeg,data\raw\Annotations\IMG000134.json,data\processed\masks\IMG000134.png,753,815,2,1,1,False,37966
IMG000135.jpeg,1,data\raw\images\IMG000135.jpeg,data\raw\Annotations\IMG000135.json,data\processed\masks\IMG000135.png,513,816,2,1,1,False,29984
IMG000136.jpeg,1,data\raw\images\IMG000136.jpeg,data\raw\Annotations\IMG000136.json,data\processed\masks\IMG000136.png,515,817,2,1,1,False,34898
IMG000137.jpeg,1,data\raw\images\IMG000137.jpeg,data\raw\Annotations\IMG000137.json,data\processed\masks\IMG000137.png,535,697,2,1,1,False,8655
IMG000138.jpeg,1,data\raw\images\IMG000138.jpeg,data\raw\Annotations\IMG000138.json,data\processed\masks\IMG000138.png,539,817,2,1,1,False,10102
IMG000139.jpeg,1,data\raw\images\IMG000139.jpeg,data\raw\Annotations\IMG000139.json,data\processed\masks\IMG000139.png,762,810,2,1,1,False,23519
IMG000140.jpeg,1,data\raw\images\IMG000140.jpeg,data\raw\Annotations\IMG000140.json,data\processed\masks\IMG000140.png,740,817,2,1,1,False,23032
IMG000141.jpeg,1,data\raw\images\IMG000141.jpeg,data\raw\Annotations\IMG000141.json,data\processed\masks\IMG000141.png,566,617,2,1,1,False,5785
IMG000142.jpeg,1,data\raw\images\IMG000142.jpeg,data\raw\Annotations\IMG000142.json,data\processed\masks\IMG000142.png,629,823,2,1,1,False,25890
IMG000143.jpeg,1,data\raw\images\IMG000143.jpeg,data\raw\Annotations\IMG000143.json,data\processed\masks\IMG000143.png,528,820,2,1,1,False,27467
IMG000144.jpeg,1,data\raw\images\IMG000144.jpeg,data\raw\Annotations\IMG000144.json,data\processed\masks\IMG000144.png,818,814,2,1,1,False,9944
IMG000145.jpeg,1,data\raw\images\IMG000145.jpeg,data\raw\Annotations\IMG000145.json,data\processed\masks\IMG000145.png,1115,807,2,1,1,False,64265
IMG000146.jpeg,1,data\raw\images\IMG000146.jpeg,data\raw\Annotations\IMG000146.json,data\processed\masks\IMG000146.png,488,822,2,1,1,False,18467
IMG000147.jpeg,1,data\raw\images\IMG000147.jpeg,data\raw\Annotations\IMG000147.json,data\processed\masks\IMG000147.png,525,818,2,1,1,False,16108
IMG000148.jpeg,1,data\raw\images\IMG000148.jpeg,data\raw\Annotations\IMG000148.json,data\processed\masks\IMG000148.png,457,804,2,1,1,False,25837
IMG000149.jpeg,1,data\raw\images\IMG000149.jpeg,data\raw\Annotations\IMG000149.json,data\processed\masks\IMG000149.png,1478,699,2,1,1,False,53524
IMG000150.jpeg,1,data\raw\images\IMG000150.jpeg,data\raw\Annotations\IMG000150.json,data\processed\masks\IMG000150.png,430,807,2,1,1,False,39884
IMG000151.jpeg,1,data\raw\images\IMG000151.jpeg,data\raw\Annotations\IMG000151.json,data\processed\masks\IMG000151.png,941,810,2,1,1,False,19054
IMG000152.jpeg,1,data\raw\images\IMG000152.jpeg,data\raw\Annotations\IMG000152.json,data\processed\masks\IMG000152.png,922,811,2,1,1,False,58429
IMG000153.jpeg,1,data\raw\images\IMG000153.jpeg,data\raw\Annotations\IMG000153.json,data\processed\masks\IMG000153.png,590,779,2,1,1,False,7597
IMG000154.jpeg,1,data\raw\images\IMG000154.jpeg,data\raw\Annotations\IMG000154.json,data\processed\masks\IMG000154.png,579,808,2,1,1,False,9483
IMG000155.jpeg,1,data\raw\images\IMG000155.jpeg,data\raw\Annotations\IMG000155.json,data\processed\masks\IMG000155.png,552,818,2,1,1,False,9900
IMG000156.jpeg,1,data\raw\images\IMG000156.jpeg,data\raw\Annotations\IMG000156.json,data\processed\masks\IMG000156.png,511,822,2,1,1,False,13333
IMG000157.jpeg,1,data\raw\images\IMG000157.jpeg,data\raw\Annotations\IMG000157.json,data\processed\masks\IMG000157.png,535,818,2,1,1,False,10478
IMG000158.jpeg,1,data\raw\images\IMG000158.jpeg,data\raw\Annotations\IMG000158.json,data\processed\masks\IMG000158.png,454,814,2,1,1,False,14875
IMG000159.jpeg,1,data\raw\images\IMG000159.jpeg,data\raw\Annotations\IMG000159.json,data\processed\masks\IMG000159.png,553,812,2,1,1,False,19353
IMG000160.jpeg,1,data\raw\images\IMG000160.jpeg,data\raw\Annotations\IMG000160.json,data\processed\masks\IMG000160.png,600,816,2,1,1,False,21139
IMG000161.jpeg,1,data\raw\images\IMG000161.jpeg,data\raw\Annotations\IMG000161.json,data\processed\masks\IMG000161.png,1011,816,2,1,1,False,17521
IMG000162.jpeg,1,data\raw\images\IMG000162.jpeg,data\raw\Annotations\IMG000162.json,data\processed\masks\IMG000162.png,497,795,2,1,1,False,13417
IMG000163.jpeg,1,data\raw\images\IMG000163.jpeg,data\raw\Annotations\IMG000163.json,data\processed\masks\IMG000163.png,526,795,2,1,1,False,11226
IMG000164.jpeg,1,data\raw\images\IMG000164.jpeg,data\raw\Annotations\IMG000164.json,data\processed\masks\IMG000164.png,487,817,2,1,1,False,19205
IMG000165.jpeg,1,data\raw\images\IMG000165.jpeg,data\raw\Annotations\IMG000165.json,data\processed\masks\IMG000165.png,530,817,2,1,1,False,18310
IMG000166.jpeg,1,data\raw\images\IMG000166.jpeg,data\raw\Annotations\IMG000166.json,data\processed\masks\IMG000166.png,454,819,2,1,1,False,19506
IMG000167.jpeg,1,data\raw\images\IMG000167.jpeg,data\raw\Annotations\IMG000167.json,data\processed\masks\IMG000167.png,560,815,2,1,1,False,19991
IMG000168.jpeg,1,data\raw\images\IMG000168.jpeg,data\raw\Annotations\IMG000168.json,data\processed\masks\IMG000168.png,569,820,2,1,1,False,31958
IMG000169.jpeg,1,data\raw\images\IMG000169.jpeg,data\raw\Annotations\IMG000169.json,data\processed\masks\IMG000169.png,570,822,2,1,1,False,1241
IMG000170.jpeg,1,data\raw\images\IMG000170.jpeg,data\raw\Annotations\IMG000170.json,data\processed\masks\IMG000170.png,502,822,2,1,1,False,24848
IMG000171.jpeg,1,data\raw\images\IMG000171.jpeg,data\raw\Annotations\IMG000171.json,data\processed\masks\IMG000171.png,540,815,2,1,1,False,31776
IMG000172.jpeg,1,data\raw\images\IMG000172.jpeg,data\raw\Annotations\IMG000172.json,data\processed\masks\IMG000172.png,512,460,2,1,1,False,1767
IMG000173.jpeg,1,data\raw\images\IMG000173.jpeg,data\raw\Annotations\IMG000173.json,data\processed\masks\IMG000173.png,575,818,2,1,1,False,1883
IMG000174.jpeg,1,data\raw\images\IMG000174.jpeg,data\raw\Annotations\IMG000174.json,data\processed\masks\IMG000174.png,936,739,2,1,1,False,10083
IMG000175.jpeg,1,data\raw\images\IMG000175.jpeg,data\raw\Annotations\IMG000175.json,data\processed\masks\IMG000175.png,347,818,2,1,1,False,8986
IMG000176.jpeg,1,data\raw\images\IMG000176.jpeg,data\raw\Annotations\IMG000176.json,data\processed\masks\IMG000176.png,318,809,2,1,1,False,7311
IMG000177.jpeg,1,data\raw\images\IMG000177.jpeg,data\raw\Annotations\IMG000177.json,data\processed\masks\IMG000177.png,473,654,2,1,1,False,8137
IMG000178.jpeg,1,data\raw\images\IMG000178.jpeg,data\raw\Annotations\IMG000178.json,data\processed\masks\IMG000178.png,530,821,2,1,1,False,9081
IMG000179.jpeg,1,data\raw\images\IMG000179.jpeg,data\raw\Annotations\IMG000179.json,data\processed\masks\IMG000179.png,764,815,2,1,1,False,50497
IMG000180.jpeg,1,data\raw\images\IMG000180.jpeg,data\raw\Annotations\IMG000180.json,data\processed\masks\IMG000180.png,539,769,2,1,1,False,10445
IMG000181.jpeg,1,data\raw\images\IMG000181.jpeg,data\raw\Annotations\IMG000181.json,data\processed\masks\IMG000181.png,622,771,2,1,1,False,13281
IMG000182.jpeg,1,data\raw\images\IMG000182.jpeg,data\raw\Annotations\IMG000182.json,data\processed\masks\IMG000182.png,495,722,2,1,1,False,20873
IMG000183.jpeg,1,data\raw\images\IMG000183.jpeg,data\raw\Annotations\IMG000183.json,data\processed\masks\IMG000183.png,483,726,2,1,1,False,18675
IMG000184.jpeg,1,data\raw\images\IMG000184.jpeg,data\raw\Annotations\IMG000184.json,data\processed\masks\IMG000184.png,533,733,2,1,1,False,20376
IMG000185.jpeg,1,data\raw\images\IMG000185.jpeg,data\raw\Annotations\IMG000185.json,data\processed\masks\IMG000185.png,662,772,2,1,1,False,36828
IMG000186.jpeg,1,data\raw\images\IMG000186.jpeg,data\raw\Annotations\IMG000186.json,data\processed\masks\IMG000186.png,622,768,2,1,1,False,34460
IMG000187.jpeg,1,data\raw\images\IMG000187.jpeg,data\raw\Annotations\IMG000187.json,data\processed\masks\IMG000187.png,661,767,2,1,1,False,14135
IMG000188.jpeg,1,data\raw\images\IMG000188.jpeg,data\raw\Annotations\IMG000188.json,data\processed\masks\IMG000188.png,663,772,2,1,1,False,7506
IMG000189.jpeg,1,data\raw\images\IMG000189.jpeg,data\raw\Annotations\IMG000189.json,data\processed\masks\IMG000189.png,726,763,2,1,1,False,6472
IMG000190.jpeg,1,data\raw\images\IMG000190.jpeg,data\raw\Annotations\IMG000190.json,data\processed\masks\IMG000190.png,790,641,2,1,1,False,6178
IMG000191.jpeg,1,data\raw\images\IMG000191.jpeg,data\raw\Annotations\IMG000191.json,data\processed\masks\IMG000191.png,462,765,2,1,1,False,7326
IMG000192.jpeg,1,data\raw\images\IMG000192.jpeg,data\raw\Annotations\IMG000192.json,data\processed\masks\IMG000192.png,423,766,2,1,1,False,5532
IMG000193.jpeg,1,data\raw\images\IMG000193.jpeg,data\raw\Annotations\IMG000193.json,data\processed\masks\IMG000193.png,385,767,2,1,1,False,8935
IMG000194.jpeg,1,data\raw\images\IMG000194.jpeg,data\raw\Annotations\IMG000194.json,data\processed\masks\IMG000194.png,529,772,2,1,1,False,5416
IMG000195.jpeg,1,data\raw\images\IMG000195.jpeg,data\raw\Annotations\IMG000195.json,data\processed\masks\IMG000195.png,542,773,2,1,1,False,4012
IMG000196.jpeg,1,data\raw\images\IMG000196.jpeg,data\raw\Annotations\IMG000196.json,data\processed\masks\IMG000196.png,558,772,2,1,1,False,4249
IMG000197.jpeg,1,data\raw\images\IMG000197.jpeg,data\raw\Annotations\IMG000197.json,data\processed\masks\IMG000197.png,867,771,2,1,1,False,6893
IMG000198.jpeg,1,data\raw\images\IMG000198.jpeg,data\raw\Annotations\IMG000198.json,data\processed\masks\IMG000198.png,567,765,2,1,1,False,5409
IMG000199.jpeg,1,data\raw\images\IMG000199.jpeg,data\raw\Annotations\IMG000199.json,data\processed\masks\IMG000199.png,566,771,2,1,1,False,6827
IMG000200.jpeg,1,data\raw\images\IMG000200.jpeg,data\raw\Annotations\IMG000200.json,data\processed\masks\IMG000200.png,522,767,2,1,1,False,9347
IMG000201.jpeg,1,data\raw\images\IMG000201.jpeg,data\raw\Annotations\IMG000201.json,data\processed\masks\IMG000201.png,605,767,2,1,1,False,10064
IMG000202.jpeg,1,data\raw\images\IMG000202.jpeg,data\raw\Annotations\IMG000202.json,data\processed\masks\IMG000202.png,861,771,2,1,1,False,16818
IMG000203.jpeg,1,data\raw\images\IMG000203.jpeg,data\raw\Annotations\IMG000203.json,data\processed\masks\IMG000203.png,623,774,2,1,1,False,4769
IMG000204.jpeg,1,data\raw\images\IMG000204.jpeg,data\raw\Annotations\IMG000204.json,data\processed\masks\IMG000204.png,570,766,2,1,1,False,3749
IMG000205.jpeg,1,data\raw\images\IMG000205.jpeg,data\raw\Annotations\IMG000205.json,data\processed\masks\IMG000205.png,584,769,2,1,1,False,9962
IMG000206.jpeg,1,data\raw\images\IMG000206.jpeg,data\raw\Annotations\IMG000206.json,data\processed\masks\IMG000206.png,633,814,2,1,1,False,27107
IMG000207.jpeg,1,data\raw\images\IMG000207.jpeg,data\raw\Annotations\IMG000207.json,data\processed\masks\IMG000207.png,608,794,2,1,1,False,28636
IMG000208.jpeg,1,data\raw\images\IMG000208.jpeg,data\raw\Annotations\IMG000208.json,data\processed\masks\IMG000208.png,1610,2301,2,1,1,False,294395
IMG000209.jpeg,1,data\raw\images\IMG000209.jpeg,data\raw\Annotations\IMG000209.json,data\processed\masks\IMG000209.png,1610,2301,2,1,1,False,147256
IMG000210.jpeg,1,data\raw\images\IMG000210.jpeg,data\raw\Annotations\IMG000210.json,data\processed\masks\IMG000210.png,1344,1746,2,1,1,False,9275
IMG000211.jpeg,1,data\raw\images\IMG000211.jpeg,data\raw\Annotations\IMG000211.json,data\processed\masks\IMG000211.png,1344,1746,2,1,1,False,13878
IMG000212.jpeg,1,data\raw\images\IMG000212.jpeg,data\raw\Annotations\IMG000212.json,data\processed\masks\IMG000212.png,2966,2966,2,1,1,False,39276
IMG000213.jpeg,1,data\raw\images\IMG000213.jpeg,data\raw\Annotations\IMG000213.json,data\processed\masks\IMG000213.png,2986,2986,2,1,1,False,44625
IMG000214.jpeg,1,data\raw\images\IMG000214.jpeg,data\raw\Annotations\IMG000214.json,data\processed\masks\IMG000214.png,1610,2301,2,1,1,False,681395
IMG000215.jpeg,1,data\raw\images\IMG000215.jpeg,data\raw\Annotations\IMG000215.json,data\processed\masks\IMG000215.png,1502,2603,2,1,1,False,579235
IMG000216.jpeg,1,data\raw\images\IMG000216.jpeg,data\raw\Annotations\IMG000216.json,data\processed\masks\IMG000216.png,1740,2603,2,1,1,False,546321
IMG000217.jpeg,1,data\raw\images\IMG000217.jpeg,data\raw\Annotations\IMG000217.json,data\processed\masks\IMG000217.png,1402,2804,2,1,1,False,174629
IMG000218.jpeg,1,data\raw\images\IMG000218.jpeg,data\raw\Annotations\IMG000218.json,data\processed\masks\IMG000218.png,1384,2795,2,1,1,False,160456
IMG000219.jpeg,1,data\raw\images\IMG000219.jpeg,data\raw\Annotations\IMG000219.json,data\processed\masks\IMG000219.png,1440,2795,2,1,1,False,168533
IMG000220.jpeg,1,data\raw\images\IMG000220.jpeg,data\raw\Annotations\IMG000220.json,data\processed\masks\IMG000220.png,1470,1885,2,1,1,False,17231
IMG000221.jpeg,1,data\raw\images\IMG000221.jpeg,data\raw\Annotations\IMG000221.json,data\processed\masks\IMG000221.png,1470,1885,2,1,1,False,37208
IMG000222.jpeg,1,data\raw\images\IMG000222.jpeg,data\raw\Annotations\IMG000222.json,data\processed\masks\IMG000222.png,1773,2321,2,1,1,False,125785
IMG000223.jpeg,1,data\raw\images\IMG000223.jpeg,data\raw\Annotations\IMG000223.json,data\processed\masks\IMG000223.png,2829,2829,2,1,1,False,107728
IMG000224.jpeg,1,data\raw\images\IMG000224.jpeg,data\raw\Annotations\IMG000224.json,data\processed\masks\IMG000224.png,2002,2392,2,1,1,False,93137
IMG000225.jpeg,1,data\raw\images\IMG000225.jpeg,data\raw\Annotations\IMG000225.json,data\processed\masks\IMG000225.png,2021,1185,2,1,1,False,73114
IMG000226.jpeg,1,data\raw\images\IMG000226.jpeg,data\raw\Annotations\IMG000226.json,data\processed\masks\IMG000226.png,1608,2943,2,1,1,False,114622
IMG000227.jpeg,1,data\raw\images\IMG000227.jpeg,data\raw\Annotations\IMG000227.json,data\processed\masks\IMG000227.png,1608,2943,2,1,1,False,111078
IMG000228.jpeg,1,data\raw\images\IMG000228.jpeg,data\raw\Annotations\IMG000228.json,data\processed\masks\IMG000228.png,2010,2705,2,1,1,False,33170
IMG000229.jpeg,1,data\raw\images\IMG000229.jpeg,data\raw\Annotations\IMG000229.json,data\processed\masks\IMG000229.png,2021,1208,2,1,1,False,29558
IMG000230.jpeg,1,data\raw\images\IMG000230.jpeg,data\raw\Annotations\IMG000230.json,data\processed\masks\IMG000230.png,2228,2943,2,1,1,False,97164
IMG000231.jpeg,1,data\raw\images\IMG000231.jpeg,data\raw\Annotations\IMG000231.json,data\processed\masks\IMG000231.png,1660,2895,2,1,1,False,31575
IMG000232.jpeg,1,data\raw\images\IMG000232.jpeg,data\raw\Annotations\IMG000232.json,data\processed\masks\IMG000232.png,1606,2303,2,1,1,False,176520
IMG000233.jpeg,1,data\raw\images\IMG000233.jpeg,data\raw\Annotations\IMG000233.json,data\processed\masks\IMG000233.png,1542,2031,2,1,1,False,145538
IMG000234.jpeg,1,data\raw\images\IMG000234.jpeg,data\raw\Annotations\IMG000234.json,data\processed\masks\IMG000234.png,2544,3056,2,1,1,False,77051
IMG000235.jpeg,1,data\raw\images\IMG000235.jpeg,data\raw\Annotations\IMG000235.json,data\processed\masks\IMG000235.png,2544,3056,2,1,1,False,81948
IMG000236.jpeg,1,data\raw\images\IMG000236.jpeg,data\raw\Annotations\IMG000236.json,data\processed\masks\IMG000236.png,1560,2484,2,1,1,False,9972
IMG000237.jpeg,1,data\raw\images\IMG000237.jpeg,data\raw\Annotations\IMG000237.json,data\processed\masks\IMG000237.png,1417,2569,2,1,1,False,19161
IMG000238.jpeg,1,data\raw\images\IMG000238.jpeg,data\raw\Annotations\IMG000238.json,data\processed\masks\IMG000238.png,2544,3056,2,1,1,False,18160
IMG000239.jpeg,1,data\raw\images\IMG000239.jpeg,data\raw\Annotations\IMG000239.json,data\processed\masks\IMG000239.png,2544,3056,2,1,1,False,15073
IMG000240.jpeg,1,data\raw\images\IMG000240.jpeg,data\raw\Annotations\IMG000240.json,data\processed\masks\IMG000240.png,2544,3056,2,1,1,False,34639
IMG000241.jpeg,1,data\raw\images\IMG000241.jpeg,data\raw\Annotations\IMG000241.json,data\processed\masks\IMG000241.png,2544,3056,2,1,1,False,52653
IMG000242.jpeg,1,data\raw\images\IMG000242.jpeg,data\raw\Annotations\IMG000242.json,data\processed\masks\IMG000242.png,2544,3056,2,1,1,False,126872
IMG000243.jpeg,1,data\raw\images\IMG000243.jpeg,data\raw\Annotations\IMG000243.json,data\processed\masks\IMG000243.png,2544,3056,2,1,1,False,143596
IMG000244.jpeg,1,data\raw\images\IMG000244.jpeg,data\raw\Annotations\IMG000244.json,data\processed\masks\IMG000244.png,1640,1672,4,2,2,False,1505
IMG000245.jpeg,1,data\raw\images\IMG000245.jpeg,data\raw\Annotations\IMG000245.json,data\processed\masks\IMG000245.png,3189,2306,2,1,1,False,74449
IMG000246.jpeg,1,data\raw\images\IMG000246.jpeg,data\raw\Annotations\IMG000246.json,data\processed\masks\IMG000246.png,1343,2417,2,1,1,False,15170
IMG000247.jpeg,1,data\raw\images\IMG000247.jpeg,data\raw\Annotations\IMG000247.json,data\processed\masks\IMG000247.png,3032,2343,2,1,1,False,670565
IMG000248.jpeg,1,data\raw\images\IMG000248.jpeg,data\raw\Annotations\IMG000248.json,data\processed\masks\IMG000248.png,2201,2946,2,1,1,False,707656
IMG000249.jpeg,1,data\raw\images\IMG000249.jpeg,data\raw\Annotations\IMG000249.json,data\processed\masks\IMG000249.png,1857,2542,2,1,1,False,647336
IMG000250.jpeg,1,data\raw\images\IMG000250.jpeg,data\raw\Annotations\IMG000250.json,data\processed\masks\IMG000250.png,1758,2120,2,1,1,False,883
IMG000251.jpeg,1,data\raw\images\IMG000251.jpeg,data\raw\Annotations\IMG000251.json,data\processed\masks\IMG000251.png,1973,2844,2,1,1,False,13936
IMG000252.jpeg,1,data\raw\images\IMG000252.jpeg,data\raw\Annotations\IMG000252.json,data\processed\masks\IMG000252.png,1740,2719,2,1,1,False,12139
IMG000253.jpeg,1,data\raw\images\IMG000253.jpeg,data\raw\Annotations\IMG000253.json,data\processed\masks\IMG000253.png,602,1059,2,1,1,False,2347
IMG000254.jpeg,1,data\raw\images\IMG000254.jpeg,data\raw\Annotations\IMG000254.json,data\processed\masks\IMG000254.png,1326,3408,2,1,1,False,1587
IMG000255.jpeg,1,data\raw\images\IMG000255.jpeg,data\raw\Annotations\IMG000255.json,data\processed\masks\IMG000255.png,2058,3009,2,1,1,False,17172
IMG000256.jpeg,1,data\raw\images\IMG000256.jpeg,data\raw\Annotations\IMG000256.json,data\processed\masks\IMG000256.png,2800,2024,2,1,1,False,18893
IMG000257.jpeg,1,data\raw\images\IMG000257.jpeg,data\raw\Annotations\IMG000257.json,data\processed\masks\IMG000257.png,2503,1332,2,1,1,False,17797
IMG000258.jpeg,1,data\raw\images\IMG000258.jpeg,data\raw\Annotations\IMG000258.json,data\processed\masks\IMG000258.png,3103,3217,2,1,1,False,15870
IMG000259.jpeg,1,data\raw\images\IMG000259.jpeg,data\raw\Annotations\IMG000259.json,data\processed\masks\IMG000259.png,973,978,2,1,1,False,13647
IMG000260.jpeg,1,data\raw\images\IMG000260.jpeg,data\raw\Annotations\IMG000260.json,data\processed\masks\IMG000260.png,785,781,2,1,1,False,3617
IMG000261.jpeg,1,data\raw\images\IMG000261.jpeg,data\raw\Annotations\IMG000261.json,data\processed\masks\IMG000261.png,1091,1202,4,2,2,False,2586
IMG000262.jpeg,1,data\raw\images\IMG000262.jpeg,data\raw\Annotations\IMG000262.json,data\processed\masks\IMG000262.png,1930,2226,2,1,1,False,1073
IMG000263.jpeg,1,data\raw\images\IMG000263.jpeg,data\raw\Annotations\IMG000263.json,data\processed\masks\IMG000263.png,1585,2540,2,1,1,False,3053
IMG000264.jpeg,1,data\raw\images\IMG000264.jpeg,data\raw\Annotations\IMG000264.json,data\processed\masks\IMG000264.png,1554,2290,2,1,1,False,4892
IMG000265.jpeg,1,data\raw\images\IMG000265.jpeg,data\raw\Annotations\IMG000265.json,data\processed\masks\IMG000265.png,3408,2383,4,2,2,False,25217
IMG000266.jpeg,1,data\raw\images\IMG000266.jpeg,data\raw\Annotations\IMG000266.json,data\processed\masks\IMG000266.png,2066,2258,2,1,1,False,11504
IMG000267.jpeg,1,data\raw\images\IMG000267.jpeg,data\raw\Annotations\IMG000267.json,data\processed\masks\IMG000267.png,2485,2498,2,1,1,False,8592
IMG000268.jpeg,1,data\raw\images\IMG000268.jpeg,data\raw\Annotations\IMG000268.json,data\processed\masks\IMG000268.png,1900,2715,2,1,1,False,6788
IMG000269.jpeg,1,data\raw\images\IMG000269.jpeg,data\raw\Annotations\IMG000269.json,data\processed\masks\IMG000269.png,1663,3408,2,1,1,False,17324
IMG000270.jpeg,1,data\raw\images\IMG000270.jpeg,data\raw\Annotations\IMG000270.json,data\processed\masks\IMG000270.png,1758,3408,2,1,1,False,14099
IMG000271.jpeg,1,data\raw\images\IMG000271.jpeg,data\raw\Annotations\IMG000271.json,data\processed\masks\IMG000271.png,1613,1879,2,1,1,False,2121
IMG000272.jpeg,1,data\raw\images\IMG000272.jpeg,data\raw\Annotations\IMG000272.json,data\processed\masks\IMG000272.png,1527,3408,2,1,1,False,53705
IMG000273.jpeg,1,data\raw\images\IMG000273.jpeg,data\raw\Annotations\IMG000273.json,data\processed\masks\IMG000273.png,1687,3408,2,1,1,False,81432
IMG000274.jpeg,1,data\raw\images\IMG000274.jpeg,data\raw\Annotations\IMG000274.json,data\processed\masks\IMG000274.png,1300,1520,2,1,1,False,2433
IMG000275.jpeg,1,data\raw\images\IMG000275.jpeg,data\raw\Annotations\IMG000275.json,data\processed\masks\IMG000275.png,1129,1167,4,2,2,False,2351
IMG000276.jpeg,1,data\raw\images\IMG000276.jpeg,data\raw\Annotations\IMG000276.json,data\processed\masks\IMG000276.png,1582,2395,2,1,1,False,6622
IMG000277.jpeg,1,data\raw\images\IMG000277.jpeg,data\raw\Annotations\IMG000277.json,data\processed\masks\IMG000277.png,1636,1922,2,1,1,False,2719
IMG000278.jpeg,1,data\raw\images\IMG000278.jpeg,data\raw\Annotations\IMG000278.json,data\processed\masks\IMG000278.png,1415,2414,2,1,1,False,1253
IMG000279.jpeg,1,data\raw\images\IMG000279.jpeg,data\raw\Annotations\IMG000279.json,data\processed\masks\IMG000279.png,1614,1924,2,1,1,False,392
IMG000280.jpeg,1,data\raw\images\IMG000280.jpeg,data\raw\Annotations\IMG000280.json,data\processed\masks\IMG000280.png,2012,2410,2,1,1,False,9815
IMG000281.jpeg,1,data\raw\images\IMG000281.jpeg,data\raw\Annotations\IMG000281.json,data\processed\masks\IMG000281.png,1972,2438,2,1,1,False,8608
IMG000282.jpeg,1,data\raw\images\IMG000282.jpeg,data\raw\Annotations\IMG000282.json,data\processed\masks\IMG000282.png,1910,2265,2,1,1,False,8520
IMG000283.jpeg,1,data\raw\images\IMG000283.jpeg,data\raw\Annotations\IMG000283.json,data\processed\masks\IMG000283.png,2460,2792,2,1,1,False,1001
IMG000284.jpeg,1,data\raw\images\IMG000284.jpeg,data\raw\Annotations\IMG000284.json,data\processed\masks\IMG000284.png,1962,2800,2,1,1,False,2471
IMG000285.jpeg,1,data\raw\images\IMG000285.jpeg,data\raw\Annotations\IMG000285.json,data\processed\masks\IMG000285.png,1798,2373,2,1,1,False,6579
IMG000286.jpeg,1,data\raw\images\IMG000286.jpeg,data\raw\Annotations\IMG000286.json,data\processed\masks\IMG000286.png,1721,2296,2,1,1,False,1239
IMG000287.jpeg,1,data\raw\images\IMG000287.jpeg,data\raw\Annotations\IMG000287.json,data\processed\masks\IMG000287.png,1488,1684,2,1,1,False,6418
IMG000288.jpeg,1,data\raw\images\IMG000288.jpeg,data\raw\Annotations\IMG000288.json,data\processed\masks\IMG000288.png,1488,1684,2,1,1,False,7702
IMG000289.jpeg,1,data\raw\images\IMG000289.jpeg,data\raw\Annotations\IMG000289.json,data\processed\masks\IMG000289.png,1513,3032,2,1,1,False,66879
IMG000290.jpeg,1,data\raw\images\IMG000290.jpeg,data\raw\Annotations\IMG000290.json,data\processed\masks\IMG000290.png,3016,1584,2,1,1,False,66511
IMG000291.jpeg,1,data\raw\images\IMG000291.jpeg,data\raw\Annotations\IMG000291.json,data\processed\masks\IMG000291.png,1868,2527,2,1,1,False,4252
IMG000292.jpeg,1,data\raw\images\IMG000292.jpeg,data\raw\Annotations\IMG000292.json,data\processed\masks\IMG000292.png,1486,1968,2,1,1,False,1626
IMG000293.jpeg,1,data\raw\images\IMG000293.jpeg,data\raw\Annotations\IMG000293.json,data\processed\masks\IMG000293.png,1384,2500,2,1,1,False,824
IMG000294.jpeg,1,data\raw\images\IMG000294.jpeg,data\raw\Annotations\IMG000294.json,data\processed\masks\IMG000294.png,1544,2277,2,1,1,False,880
IMG000295.jpeg,1,data\raw\images\IMG000295.jpeg,data\raw\Annotations\IMG000295.json,data\processed\masks\IMG000295.png,1728,2536,2,1,1,False,1727
IMG000296.jpeg,1,data\raw\images\IMG000296.jpeg,data\raw\Annotations\IMG000296.json,data\processed\masks\IMG000296.png,1805,2277,2,1,1,False,5189
IMG000297.jpeg,1,data\raw\images\IMG000297.jpeg,data\raw\Annotations\IMG000297.json,data\processed\masks\IMG000297.png,605,1272,2,1,1,False,914
IMG000298.jpeg,1,data\raw\images\IMG000298.jpeg,data\raw\Annotations\IMG000298.json,data\processed\masks\IMG000298.png,1808,1952,8,4,4,False,100414
IMG000299.jpeg,1,data\raw\images\IMG000299.jpeg,data\raw\Annotations\IMG000299.json,data\processed\masks\IMG000299.png,1657,1952,6,3,3,False,124269
IMG000300.jpeg,1,data\raw\images\IMG000300.jpeg,data\raw\Annotations\IMG000300.json,data\processed\masks\IMG000300.png,1388,1886,6,3,3,False,6537
IMG000301.jpeg,1,data\raw\images\IMG000301.jpeg,data\raw\Annotations\IMG000301.json,data\processed\masks\IMG000301.png,2265,2333,2,1,1,False,3326
IMG000302.jpeg,1,data\raw\images\IMG000302.jpeg,data\raw\Annotations\IMG000302.json,data\processed\masks\IMG000302.png,1884,1440,2,1,1,False,1900
IMG000303.jpeg,1,data\raw\images\IMG000303.jpeg,data\raw\Annotations\IMG000303.json,data\processed\masks\IMG000303.png,2288,2821,2,1,1,False,8112
IMG000304.jpeg,1,data\raw\images\IMG000304.jpeg,data\raw\Annotations\IMG000304.json,data\processed\masks\IMG000304.png,2288,3408,2,1,1,False,6734
IMG000305.jpeg,1,data\raw\images\IMG000305.jpeg,data\raw\Annotations\IMG000305.json,data\processed\masks\IMG000305.png,1626,2032,2,1,1,False,1162
IMG000306.jpeg,1,data\raw\images\IMG000306.jpeg,data\raw\Annotations\IMG000306.json,data\processed\masks\IMG000306.png,1137,840,2,1,1,False,3724
IMG000307.jpeg,1,data\raw\images\IMG000307.jpeg,data\raw\Annotations\IMG000307.json,data\processed\masks\IMG000307.png,1409,1394,2,1,1,False,4122
IMG000308.jpeg,1,data\raw\images\IMG000308.jpeg,data\raw\Annotations\IMG000308.json,data\processed\masks\IMG000308.png,627,912,2,1,1,False,549
IMG000309.jpeg,1,data\raw\images\IMG000309.jpeg,data\raw\Annotations\IMG000309.json,data\processed\masks\IMG000309.png,1678,2032,2,1,1,False,4403
IMG000310.jpeg,1,data\raw\images\IMG000310.jpeg,data\raw\Annotations\IMG000310.json,data\processed\masks\IMG000310.png,2296,3244,2,1,1,False,4452
IMG000311.jpeg,1,data\raw\images\IMG000311.jpeg,data\raw\Annotations\IMG000311.json,data\processed\masks\IMG000311.png,2509,3080,2,1,1,False,3814
IMG000312.jpeg,1,data\raw\images\IMG000312.jpeg,data\raw\Annotations\IMG000312.json,data\processed\masks\IMG000312.png,1663,2274,2,1,1,False,2759
IMG000313.jpeg,1,data\raw\images\IMG000313.jpeg,data\raw\Annotations\IMG000313.json,data\processed\masks\IMG000313.png,1533,2157,2,1,1,False,1741
IMG000314.jpeg,1,data\raw\images\IMG000314.jpeg,data\raw\Annotations\IMG000314.json,data\processed\masks\IMG000314.png,2274,3032,2,1,1,False,41621
IMG000315.jpeg,1,data\raw\images\IMG000315.jpeg,data\raw\Annotations\IMG000315.json,data\processed\masks\IMG000315.png,1861,1935,2,1,1,False,43156
IMG000316.jpeg,1,data\raw\images\IMG000316.jpeg,data\raw\Annotations\IMG000316.json,data\processed\masks\IMG000316.png,2520,3032,2,1,1,False,42589
IMG000317.jpeg,1,data\raw\images\IMG000317.jpeg,data\raw\Annotations\IMG000317.json,data\processed\masks\IMG000317.png,2520,2828,2,1,1,False,48351
IMG000318.jpeg,1,data\raw\images\IMG000318.jpeg,data\raw\Annotations\IMG000318.json,data\processed\masks\IMG000318.png,2520,2828,2,1,1,False,49155
IMG000319.jpeg,1,data\raw\images\IMG000319.jpeg,data\raw\Annotations\IMG000319.json,data\processed\masks\IMG000319.png,1604,3032,2,1,1,False,3828
IMG000320.jpeg,1,data\raw\images\IMG000320.jpeg,data\raw\Annotations\IMG000320.json,data\processed\masks\IMG000320.png,1596,2249,2,1,1,False,865
IMG000321.jpeg,1,data\raw\images\IMG000321.jpeg,data\raw\Annotations\IMG000321.json,data\processed\masks\IMG000321.png,1080,1867,2,1,1,False,23205
IMG000322.jpeg,1,data\raw\images\IMG000322.jpeg,data\raw\Annotations\IMG000322.json,data\processed\masks\IMG000322.png,1689,2432,2,1,1,False,1551
IMG000323.jpeg,1,data\raw\images\IMG000323.jpeg,data\raw\Annotations\IMG000323.json,data\processed\masks\IMG000323.png,1399,1576,2,1,1,False,4720
IMG000324.jpeg,1,data\raw\images\IMG000324.jpeg,data\raw\Annotations\IMG000324.json,data\processed\masks\IMG000324.png,848,1368,2,1,1,False,4437
IMG000325.jpeg,1,data\raw\images\IMG000325.jpeg,data\raw\Annotations\IMG000325.json,data\processed\masks\IMG000325.png,1254,1245,2,1,1,False,803
IMG000326.jpeg,1,data\raw\images\IMG000326.jpeg,data\raw\Annotations\IMG000326.json,data\processed\masks\IMG000326.png,1112,1648,2,1,1,False,2419
IMG000327.jpeg,1,data\raw\images\IMG000327.jpeg,data\raw\Annotations\IMG000327.json,data\processed\masks\IMG000327.png,581,1045,2,1,1,False,659
IMG000328.jpeg,1,data\raw\images\IMG000328.jpeg,data\raw\Annotations\IMG000328.json,data\processed\masks\IMG000328.png,2520,3032,2,1,1,False,29317
IMG000329.jpeg,1,data\raw\images\IMG000329.jpeg,data\raw\Annotations\IMG000329.json,data\processed\masks\IMG000329.png,1134,1351,2,1,1,False,7728
IMG000330.jpeg,1,data\raw\images\IMG000330.jpeg,data\raw\Annotations\IMG000330.json,data\processed\masks\IMG000330.png,1343,1494,2,1,1,False,26203
IMG000331.jpeg,1,data\raw\images\IMG000331.jpeg,data\raw\Annotations\IMG000331.json,data\processed\masks\IMG000331.png,2544,3056,2,1,1,False,16912
IMG000332.jpeg,1,data\raw\images\IMG000332.jpeg,data\raw\Annotations\IMG000332.json,data\processed\masks\IMG000332.png,1802,2617,2,1,1,False,421144
IMG000333.jpeg,1,data\raw\images\IMG000333.jpeg,data\raw\Annotations\IMG000333.json,data\processed\masks\IMG000333.png,1947,2555,2,1,1,False,528212
IMG000334.jpeg,1,data\raw\images\IMG000334.jpeg,data\raw\Annotations\IMG000334.json,data\processed\masks\IMG000334.png,1145,1277,2,1,1,False,849
IMG000335.jpeg,1,data\raw\images\IMG000335.jpeg,data\raw\Annotations\IMG000335.json,data\processed\masks\IMG000335.png,2058,3032,2,1,1,False,3997
IMG000336.jpeg,1,data\raw\images\IMG000336.jpeg,data\raw\Annotations\IMG000336.json,data\processed\masks\IMG000336.png,1678,2046,2,1,1,False,3288
IMG000337.jpeg,1,data\raw\images\IMG000337.jpeg,data\raw\Annotations\IMG000337.json,data\processed\masks\IMG000337.png,1732,2152,2,1,1,False,1359
IMG000338.jpeg,1,data\raw\images\IMG000338.jpeg,data\raw\Annotations\IMG000338.json,data\processed\masks\IMG000338.png,1897,2688,2,1,1,False,3098
IMG000339.jpeg,1,data\raw\images\IMG000339.jpeg,data\raw\Annotations\IMG000339.json,data\processed\masks\IMG000339.png,933,1612,2,1,1,False,43807
IMG000340.jpeg,1,data\raw\images\IMG000340.jpeg,data\raw\Annotations\IMG000340.json,data\processed\masks\IMG000340.png,1560,3032,2,1,1,False,2687
IMG000341.jpeg,1,data\raw\images\IMG000341.jpeg,data\raw\Annotations\IMG000341.json,data\processed\masks\IMG000341.png,1820,2020,2,1,1,False,9008
IMG000342.jpeg,1,data\raw\images\IMG000342.jpeg,data\raw\Annotations\IMG000342.json,data\processed\masks\IMG000342.png,1840,3408,4,2,2,False,15181
IMG000343.jpeg,1,data\raw\images\IMG000343.jpeg,data\raw\Annotations\IMG000343.json,data\processed\masks\IMG000343.png,1713,1061,2,1,1,False,1811
IMG000344.jpeg,1,data\raw\images\IMG000344.jpeg,data\raw\Annotations\IMG000344.json,data\processed\masks\IMG000344.png,2152,2840,2,1,1,False,15781
IMG000345.jpeg,1,data\raw\images\IMG000345.jpeg,data\raw\Annotations\IMG000345.json,data\processed\masks\IMG000345.png,2152,3056,2,1,1,False,12008
IMG000346.jpeg,1,data\raw\images\IMG000346.jpeg,data\raw\Annotations\IMG000346.json,data\processed\masks\IMG000346.png,2520,1744,2,1,1,False,25708
IMG000347.jpeg,1,data\raw\images\IMG000347.jpeg,data\raw\Annotations\IMG000347.json,data\processed\masks\IMG000347.png,2074,1668,2,1,1,False,22563
IMG000348.jpeg,1,data\raw\images\IMG000348.jpeg,data\raw\Annotations\IMG000348.json,data\processed\masks\IMG000348.png,2544,3056,2,1,1,False,75746
IMG000349.jpeg,1,data\raw\images\IMG000349.jpeg,data\raw\Annotations\IMG000349.json,data\processed\masks\IMG000349.png,1809,2596,2,1,1,False,1631
IMG000350.jpeg,1,data\raw\images\IMG000350.jpeg,data\raw\Annotations\IMG000350.json,data\processed\masks\IMG000350.png,1948,2389,2,1,1,False,8108
IMG000351.jpeg,1,data\raw\images\IMG000351.jpeg,data\raw\Annotations\IMG000351.json,data\processed\masks\IMG000351.png,1374,2131,2,1,1,False,6092
IMG000352.jpeg,1,data\raw\images\IMG000352.jpeg,data\raw\Annotations\IMG000352.json,data\processed\masks\IMG000352.png,1630,2510,2,1,1,False,2127
IMG000353.jpeg,1,data\raw\images\IMG000353.jpeg,data\raw\Annotations\IMG000353.json,data\processed\masks\IMG000353.png,1560,1929,2,1,1,False,2124
IMG000354.jpeg,1,data\raw\images\IMG000354.jpeg,data\raw\Annotations\IMG000354.json,data\processed\masks\IMG000354.png,1761,2914,2,1,1,False,15349
IMG000355.jpeg,1,data\raw\images\IMG000355.jpeg,data\raw\Annotations\IMG000355.json,data\processed\masks\IMG000355.png,1632,3408,2,1,1,False,14969
IMG000356.jpeg,1,data\raw\images\IMG000356.jpeg,data\raw\Annotations\IMG000356.json,data\processed\masks\IMG000356.png,662,1291,2,1,1,False,1842
IMG000357.jpeg,1,data\raw\images\IMG000357.jpeg,data\raw\Annotations\IMG000357.json,data\processed\masks\IMG000357.png,2115,2251,2,1,1,False,1036
IMG000358.jpeg,1,data\raw\images\IMG000358.jpeg,data\raw\Annotations\IMG000358.json,data\processed\masks\IMG000358.png,982,834,2,1,1,False,316
IMG000359.jpeg,1,data\raw\images\IMG000359.jpeg,data\raw\Annotations\IMG000359.json,data\processed\masks\IMG000359.png,2520,2461,2,1,1,False,481
IMG000360.jpeg,1,data\raw\images\IMG000360.jpeg,data\raw\Annotations\IMG000360.json,data\processed\masks\IMG000360.png,2800,2832,4,2,2,False,13248
IMG000361.jpeg,1,data\raw\images\IMG000361.jpeg,data\raw\Annotations\IMG000361.json,data\processed\masks\IMG000361.png,2800,1548,4,2,2,False,12947
IMG000362.jpeg,1,data\raw\images\IMG000362.jpeg,data\raw\Annotations\IMG000362.json,data\processed\masks\IMG000362.png,2800,3068,2,1,1,False,11029
IMG000363.jpeg,1,data\raw\images\IMG000363.jpeg,data\raw\Annotations\IMG000363.json,data\processed\masks\IMG000363.png,1969,2559,2,1,1,False,16606
IMG000364.jpeg,1,data\raw\images\IMG000364.jpeg,data\raw\Annotations\IMG000364.json,data\processed\masks\IMG000364.png,604,1157,2,1,1,False,583
IMG000365.jpeg,1,data\raw\images\IMG000365.jpeg,data\raw\Annotations\IMG000365.json,data\processed\masks\IMG000365.png,1888,2632,2,1,1,False,512
IMG000366.jpeg,1,data\raw\images\IMG000366.jpeg,data\raw\Annotations\IMG000366.json,data\processed\masks\IMG000366.png,1615,2321,2,1,1,False,439
IMG000367.jpeg,1,data\raw\images\IMG000367.jpeg,data\raw\Annotations\IMG000367.json,data\processed\masks\IMG000367.png,1776,1712,2,1,1,False,4266
IMG000368.jpeg,1,data\raw\images\IMG000368.jpeg,data\raw\Annotations\IMG000368.json,data\processed\masks\IMG000368.png,2800,2416,2,1,1,False,1987
IMG000369.jpeg,1,data\raw\images\IMG000369.jpeg,data\raw\Annotations\IMG000369.json,data\processed\masks\IMG000369.png,1836,3022,2,1,1,False,48655
IMG000370.jpeg,1,data\raw\images\IMG000370.jpeg,data\raw\Annotations\IMG000370.json,data\processed\masks\IMG000370.png,2089,2432,2,1,1,False,2339
IMG000371.jpeg,1,data\raw\images\IMG000371.jpeg,data\raw\Annotations\IMG000371.json,data\processed\masks\IMG000371.png,2544,2356,2,1,1,False,33963
IMG000372.jpeg,1,data\raw\images\IMG000372.jpeg,data\raw\Annotations\IMG000372.json,data\processed\masks\IMG000372.png,1626,2032,2,1,1,False,2312
IMG000373.jpeg,1,data\raw\images\IMG000373.jpeg,data\raw\Annotations\IMG000373.json,data\processed\masks\IMG000373.png,2024,2100,2,1,1,False,867
IMG000374.jpeg,1,data\raw\images\IMG000374.jpeg,data\raw\Annotations\IMG000374.json,data\processed\masks\IMG000374.png,1110,1381,10,5,5,False,82628
IMG000375.jpeg,1,data\raw\images\IMG000375.jpeg,data\raw\Annotations\IMG000375.json,data\processed\masks\IMG000375.png,1768,2889,4,2,2,False,689447
IMG000376.jpeg,1,data\raw\images\IMG000376.jpeg,data\raw\Annotations\IMG000376.json,data\processed\masks\IMG000376.png,1981,2738,4,2,2,False,704284
IMG000377.jpeg,1,data\raw\images\IMG000377.jpeg,data\raw\Annotations\IMG000377.json,data\processed\masks\IMG000377.png,2804,2226,2,1,1,False,1900
IMG000378.jpeg,1,data\raw\images\IMG000378.jpeg,data\raw\Annotations\IMG000378.json,data\processed\masks\IMG000378.png,594,1433,2,1,1,False,837
IMG000379.jpeg,1,data\raw\images\IMG000379.jpeg,data\raw\Annotations\IMG000379.json,data\processed\masks\IMG000379.png,1576,3408,2,1,1,False,31920
IMG000380.jpeg,1,data\raw\images\IMG000380.jpeg,data\raw\Annotations\IMG000380.json,data\processed\masks\IMG000380.png,1663,3408,2,1,1,False,6901
IMG000381.jpeg,1,data\raw\images\IMG000381.jpeg,data\raw\Annotations\IMG000381.json,data\processed\masks\IMG000381.png,621,1420,2,1,1,False,4870
IMG000382.jpeg,1,data\raw\images\IMG000382.jpeg,data\raw\Annotations\IMG000382.json,data\processed\masks\IMG000382.png,2042,3032,6,3,3,False,17257
IMG000383.jpeg,1,data\raw\images\IMG000383.jpeg,data\raw\Annotations\IMG000383.json,data\processed\masks\IMG000383.png,1904,1911,2,1,1,False,2843
IMG000384.jpeg,1,data\raw\images\IMG000384.jpeg,data\raw\Annotations\IMG000384.json,data\processed\masks\IMG000384.png,1625,1929,2,1,1,False,3214
IMG000385.jpeg,1,data\raw\images\IMG000385.jpeg,data\raw\Annotations\IMG000385.json,data\processed\masks\IMG000385.png,2843,2691,2,1,1,False,2269
IMG000386.jpeg,1,data\raw\images\IMG000386.jpeg,data\raw\Annotations\IMG000386.json,data\processed\masks\IMG000386.png,1503,1929,2,1,1,False,499
IMG000387.jpeg,1,data\raw\images\IMG000387.jpeg,data\raw\Annotations\IMG000387.json,data\processed\masks\IMG000387.png,1652,2001,2,1,1,False,503
IMG000388.jpeg,1,data\raw\images\IMG000388.jpeg,data\raw\Annotations\IMG000388.json,data\processed\masks\IMG000388.png,1250,1054,2,1,1,False,997
IMG000389.jpeg,1,data\raw\images\IMG000389.jpeg,data\raw\Annotations\IMG000389.json,data\processed\masks\IMG000389.png,1250,1250,2,1,1,False,1343
IMG000390.jpeg,1,data\raw\images\IMG000390.jpeg,data\raw\Annotations\IMG000390.json,data\processed\masks\IMG000390.png,1641,3408,2,1,1,False,18507
IMG000391.jpeg,1,data\raw\images\IMG000391.jpeg,data\raw\Annotations\IMG000391.json,data\processed\masks\IMG000391.png,1656,3167,2,1,1,False,24845
IMG000392.jpeg,1,data\raw\images\IMG000392.jpeg,data\raw\Annotations\IMG000392.json,data\processed\masks\IMG000392.png,1709,3408,2,1,1,False,20453
IMG000393.jpeg,1,data\raw\images\IMG000393.jpeg,data\raw\Annotations\IMG000393.json,data\processed\masks\IMG000393.png,1975,3257,2,1,1,False,30273
IMG000394.jpeg,1,data\raw\images\IMG000394.jpeg,data\raw\Annotations\IMG000394.json,data\processed\masks\IMG000394.png,1108,1051,12,6,6,False,138149
IMG000395.jpeg,1,data\raw\images\IMG000395.jpeg,data\raw\Annotations\IMG000395.json,data\processed\masks\IMG000395.png,1106,753,4,2,2,False,49460
IMG000396.jpeg,1,data\raw\images\IMG000396.jpeg,data\raw\Annotations\IMG000396.json,data\processed\masks\IMG000396.png,506,1398,6,3,3,False,47000
IMG000397.jpeg,1,data\raw\images\IMG000397.jpeg,data\raw\Annotations\IMG000397.json,data\processed\masks\IMG000397.png,539,1258,4,2,2,False,95835
IMG000398.jpeg,1,data\raw\images\IMG000398.jpeg,data\raw\Annotations\IMG000398.json,data\processed\masks\IMG000398.png,1712,2651,4,2,2,False,673252
IMG000399.jpeg,1,data\raw\images\IMG000399.jpeg,data\raw\Annotations\IMG000399.json,data\processed\masks\IMG000399.png,1681,2738,4,2,2,False,771100
IMG000400.jpeg,1,data\raw\images\IMG000400.jpeg,data\raw\Annotations\IMG000400.json,data\processed\masks\IMG000400.png,1780,2602,6,3,3,False,724274
IMG000401.jpeg,1,data\raw\images\IMG000401.jpeg,data\raw\Annotations\IMG000401.json,data\processed\masks\IMG000401.png,1734,2454,4,2,2,False,649874
IMG000402.jpeg,1,data\raw\images\IMG000402.jpeg,data\raw\Annotations\IMG000402.json,data\processed\masks\IMG000402.png,2529,2773,8,4,4,False,1623268
IMG000403.jpeg,1,data\raw\images\IMG000403.jpeg,data\raw\Annotations\IMG000403.json,data\processed\masks\IMG000403.png,1626,2302,4,2,2,False,724404
IMG000404.jpeg,1,data\raw\images\IMG000404.jpeg,data\raw\Annotations\IMG000404.json,data\processed\masks\IMG000404.png,2800,3408,6,3,3,False,959352
IMG000405.jpeg,1,data\raw\images\IMG000405.jpeg,data\raw\Annotations\IMG000405.json,data\processed\masks\IMG000405.png,1863,3408,4,2,2,False,465357
IMG000406.jpeg,1,data\raw\images\IMG000406.jpeg,data\raw\Annotations\IMG000406.json,data\processed\masks\IMG000406.png,1984,2562,4,2,2,False,457053
IMG000407.jpeg,1,data\raw\images\IMG000407.jpeg,data\raw\Annotations\IMG000407.json,data\processed\masks\IMG000407.png,1026,1267,8,4,4,False,188186
IMG000408.jpeg,1,data\raw\images\IMG000408.jpeg,data\raw\Annotations\IMG000408.json,data\processed\masks\IMG000408.png,2907,2335,2,1,1,False,430
IMG000409.jpeg,1,data\raw\images\IMG000409.jpeg,data\raw\Annotations\IMG000409.json,data\processed\masks\IMG000409.png,1930,1032,2,1,1,False,7685
IMG000410.jpeg,1,data\raw\images\IMG000410.jpeg,data\raw\Annotations\IMG000410.json,data\processed\masks\IMG000410.png,1474,2036,2,1,1,False,2582
IMG000411.jpeg,1,data\raw\images\IMG000411.jpeg,data\raw\Annotations\IMG000411.json,data\processed\masks\IMG000411.png,1880,1929,2,1,1,False,33944
IMG000412.jpeg,1,data\raw\images\IMG000412.jpeg,data\raw\Annotations\IMG000412.json,data\processed\masks\IMG000412.png,2131,2290,2,1,1,False,45469
IMG000413.jpeg,1,data\raw\images\IMG000413.jpeg,data\raw\Annotations\IMG000413.json,data\processed\masks\IMG000413.png,1898,1998,2,1,1,False,38010
IMG000414.jpeg,1,data\raw\images\IMG000414.jpeg,data\raw\Annotations\IMG000414.json,data\processed\masks\IMG000414.png,1497,1927,2,1,1,False,821
IMG000415.jpeg,1,data\raw\images\IMG000415.jpeg,data\raw\Annotations\IMG000415.json,data\processed\masks\IMG000415.png,3000,2924,2,1,1,False,224119
IMG000416.jpeg,1,data\raw\images\IMG000416.jpeg,data\raw\Annotations\IMG000416.json,data\processed\masks\IMG000416.png,1828,2520,4,2,2,False,7057
IMG000417.jpeg,1,data\raw\images\IMG000417.jpeg,data\raw\Annotations\IMG000417.json,data\processed\masks\IMG000417.png,800,1570,2,1,1,False,45082
IMG000418.jpeg,1,data\raw\images\IMG000418.jpeg,data\raw\Annotations\IMG000418.json,data\processed\masks\IMG000418.png,2150,3032,2,1,1,False,23870
IMG000419.jpeg,1,data\raw\images\IMG000419.jpeg,data\raw\Annotations\IMG000419.json,data\processed\masks\IMG000419.png,2520,3032,2,1,1,False,19405
IMG000420.jpeg,1,data\raw\images\IMG000420.jpeg,data\raw\Annotations\IMG000420.json,data\processed\masks\IMG000420.png,1980,2440,2,1,1,False,6286
IMG000421.jpeg,1,data\raw\images\IMG000421.jpeg,data\raw\Annotations\IMG000421.json,data\processed\masks\IMG000421.png,1635,2280,2,1,1,False,3795
IMG000422.jpeg,1,data\raw\images\IMG000422.jpeg,data\raw\Annotations\IMG000422.json,data\processed\masks\IMG000422.png,2036,2175,2,1,1,False,4605
IMG000423.jpeg,1,data\raw\images\IMG000423.jpeg,data\raw\Annotations\IMG000423.json,data\processed\masks\IMG000423.png,2088,3408,2,1,1,False,11470
IMG000424.jpeg,1,data\raw\images\IMG000424.jpeg,data\raw\Annotations\IMG000424.json,data\processed\masks\IMG000424.png,2485,2438,2,1,1,False,12019
IMG000425.jpeg,1,data\raw\images\IMG000425.jpeg,data\raw\Annotations\IMG000425.json,data\processed\masks\IMG000425.png,1792,2345,2,1,1,False,12043
IMG000426.jpeg,1,data\raw\images\IMG000426.jpeg,data\raw\Annotations\IMG000426.json,data\processed\masks\IMG000426.png,1796,2335,2,1,1,False,6583
IMG000427.jpeg,1,data\raw\images\IMG000427.jpeg,data\raw\Annotations\IMG000427.json,data\processed\masks\IMG000427.png,1340,2880,2,1,1,False,26191
IMG000428.jpeg,1,data\raw\images\IMG000428.jpeg,data\raw\Annotations\IMG000428.json,data\processed\masks\IMG000428.png,1343,2832,2,1,1,False,18006
IMG000429.jpeg,1,data\raw\images\IMG000429.jpeg,data\raw\Annotations\IMG000429.json,data\processed\masks\IMG000429.png,1161,1244,2,1,1,False,4007
IMG000430.jpeg,1,data\raw\images\IMG000430.jpeg,data\raw\Annotations\IMG000430.json,data\processed\masks\IMG000430.png,2800,2988,4,2,2,False,10481
IMG000431.jpeg,1,data\raw\images\IMG000431.jpeg,data\raw\Annotations\IMG000431.json,data\processed\masks\IMG000431.png,1737,2506,2,1,1,False,5419
IMG000432.jpeg,1,data\raw\images\IMG000432.jpeg,data\raw\Annotations\IMG000432.json,data\processed\masks\IMG000432.png,2160,2296,2,1,1,False,5692
IMG000433.jpeg,1,data\raw\images\IMG000433.jpeg,data\raw\Annotations\IMG000433.json,data\processed\masks\IMG000433.png,1980,2256,2,1,1,False,18669
IMG000434.jpeg,1,data\raw\images\IMG000434.jpeg,data\raw\Annotations\IMG000434.json,data\processed\masks\IMG000434.png,1976,2260,2,1,1,False,16044
IMG000435.jpeg,1,data\raw\images\IMG000435.jpeg,data\raw\Annotations\IMG000435.json,data\processed\masks\IMG000435.png,1576,2661,2,1,1,False,32369
IMG000436.jpeg,1,data\raw\images\IMG000436.jpeg,data\raw\Annotations\IMG000436.json,data\processed\masks\IMG000436.png,1944,3210,2,1,1,False,19241
IMG000437.jpeg,1,data\raw\images\IMG000437.jpeg,data\raw\Annotations\IMG000437.json,data\processed\masks\IMG000437.png,1476,3032,2,1,1,False,24848
IMG000438.jpeg,1,data\raw\images\IMG000438.jpeg,data\raw\Annotations\IMG000438.json,data\processed\masks\IMG000438.png,1476,3032,2,1,1,False,14636
IMG000439.jpeg,1,data\raw\images\IMG000439.jpeg,data\raw\Annotations\IMG000439.json,data\processed\masks\IMG000439.png,1484,2020,2,1,1,False,1396
IMG000440.jpeg,1,data\raw\images\IMG000440.jpeg,data\raw\Annotations\IMG000440.json,data\processed\masks\IMG000440.png,1530,1960,2,1,1,False,1430
IMG000441.jpeg,1,data\raw\images\IMG000441.jpeg,data\raw\Annotations\IMG000441.json,data\processed\masks\IMG000441.png,1336,1634,2,1,1,False,1426
IMG000442.jpeg,1,data\raw\images\IMG000442.jpeg,data\raw\Annotations\IMG000442.json,data\processed\masks\IMG000442.png,2520,2480,2,1,1,False,3259
IMG000443.jpeg,1,data\raw\images\IMG000443.jpeg,data\raw\Annotations\IMG000443.json,data\processed\masks\IMG000443.png,2890,2685,2,1,1,False,2010
IMG000444.jpeg,1,data\raw\images\IMG000444.jpeg,data\raw\Annotations\IMG000444.json,data\processed\masks\IMG000444.png,524,861,2,1,1,False,294
IMG000445.jpeg,1,data\raw\images\IMG000445.jpeg,data\raw\Annotations\IMG000445.json,data\processed\masks\IMG000445.png,2013,2343,2,1,1,False,3322
IMG000446.jpeg,1,data\raw\images\IMG000446.jpeg,data\raw\Annotations\IMG000446.json,data\processed\masks\IMG000446.png,3408,2800,2,1,1,False,238921
IMG000447.jpeg,1,data\raw\images\IMG000447.jpeg,data\raw\Annotations\IMG000447.json,data\processed\masks\IMG000447.png,1772,2167,2,1,1,False,1629
IMG000448.jpeg,1,data\raw\images\IMG000448.jpeg,data\raw\Annotations\IMG000448.json,data\processed\masks\IMG000448.png,2174,2979,2,1,1,False,169153
IMG000449.jpeg,1,data\raw\images\IMG000449.jpeg,data\raw\Annotations\IMG000449.json,data\processed\masks\IMG000449.png,2224,2803,2,1,1,False,136679
IMG000450.jpeg,1,data\raw\images\IMG000450.jpeg,data\raw\Annotations\IMG000450.json,data\processed\masks\IMG000450.png,1816,2627,2,1,1,False,29933
IMG000451.jpeg,1,data\raw\images\IMG000451.jpeg,data\raw\Annotations\IMG000451.json,data\processed\masks\IMG000451.png,1835,2471,2,1,1,False,10662
IMG000452.jpeg,1,data\raw\images\IMG000452.jpeg,data\raw\Annotations\IMG000452.json,data\processed\masks\IMG000452.png,2074,1533,4,2,2,False,48285
IMG000453.jpeg,1,data\raw\images\IMG000453.jpeg,data\raw\Annotations\IMG000453.json,data\processed\masks\IMG000453.png,1406,1833,2,1,1,False,9281
IMG000454.jpeg,1,data\raw\images\IMG000454.jpeg,data\raw\Annotations\IMG000454.json,data\processed\masks\IMG000454.png,1724,2008,2,1,1,False,7832
IMG000455.jpeg,1,data\raw\images\IMG000455.jpeg,data\raw\Annotations\IMG000455.json,data\processed\masks\IMG000455.png,2544,3056,6,3,3,False,138518
IMG000456.jpeg,1,data\raw\images\IMG000456.jpeg,data\raw\Annotations\IMG000456.json,data\processed\masks\IMG000456.png,2544,3056,4,2,2,False,61836
IMG000457.jpeg,1,data\raw\images\IMG000457.jpeg,data\raw\Annotations\IMG000457.json,data\processed\masks\IMG000457.png,2544,3056,4,2,2,False,78063
IMG000458.jpeg,1,data\raw\images\IMG000458.jpeg,data\raw\Annotations\IMG000458.json,data\processed\masks\IMG000458.png,2544,3056,6,3,3,False,154535
IMG000459.jpeg,1,data\raw\images\IMG000459.jpeg,data\raw\Annotations\IMG000459.json,data\processed\masks\IMG000459.png,1648,2212,2,1,1,False,71451
IMG000460.jpeg,1,data\raw\images\IMG000460.jpeg,data\raw\Annotations\IMG000460.json,data\processed\masks\IMG000460.png,1624,2216,2,1,1,False,73161
IMG000461.jpeg,1,data\raw\images\IMG000461.jpeg,data\raw\Annotations\IMG000461.json,data\processed\masks\IMG000461.png,2544,3056,2,1,1,False,54634
IMG000462.jpeg,1,data\raw\images\IMG000462.jpeg,data\raw\Annotations\IMG000462.json,data\processed\masks\IMG000462.png,2544,3056,2,1,1,False,55282
IMG000463.jpeg,1,data\raw\images\IMG000463.jpeg,data\raw\Annotations\IMG000463.json,data\processed\masks\IMG000463.png,2544,3056,2,1,1,False,370864
IMG000464.jpeg,1,data\raw\images\IMG000464.jpeg,data\raw\Annotations\IMG000464.json,data\processed\masks\IMG000464.png,2544,3056,2,1,1,False,377750
IMG000465.jpeg,1,data\raw\images\IMG000465.jpeg,data\raw\Annotations\IMG000465.json,data\processed\masks\IMG000465.png,2544,3056,2,1,1,False,365050
IMG000466.jpeg,1,data\raw\images\IMG000466.jpeg,data\raw\Annotations\IMG000466.json,data\processed\masks\IMG000466.png,2544,3056,2,1,1,False,456153
IMG000467.jpeg,1,data\raw\images\IMG000467.jpeg,data\raw\Annotations\IMG000467.json,data\processed\masks\IMG000467.png,2423,2039,2,1,1,False,33711
IMG000468.jpeg,1,data\raw\images\IMG000468.jpeg,data\raw\Annotations\IMG000468.json,data\processed\masks\IMG000468.png,1940,1868,2,1,1,False,51778
IMG000469.jpeg,1,data\raw\images\IMG000469.jpeg,data\raw\Annotations\IMG000469.json,data\processed\masks\IMG000469.png,2016,1856,2,1,1,False,45718
IMG000470.jpeg,1,data\raw\images\IMG000470.jpeg,data\raw\Annotations\IMG000470.json,data\processed\masks\IMG000470.png,1737,1330,2,1,1,False,1459
IMG000471.jpeg,1,data\raw\images\IMG000471.jpeg,data\raw\Annotations\IMG000471.json,data\processed\masks\IMG000471.png,1750,1452,2,1,1,False,2218
IMG000472.jpeg,1,data\raw\images\IMG000472.jpeg,data\raw\Annotations\IMG000472.json,data\processed\masks\IMG000472.png,2508,2164,4,2,2,False,230926
IMG000473.jpeg,1,data\raw\images\IMG000473.jpeg,data\raw\Annotations\IMG000473.json,data\processed\masks\IMG000473.png,2520,3032,18,9,9,False,690554
IMG000474.jpeg,1,data\raw\images\IMG000474.jpeg,data\raw\Annotations\IMG000474.json,data\processed\masks\IMG000474.png,2004,2768,4,2,2,False,377206
IMG000475.jpeg,1,data\raw\images\IMG000475.jpeg,data\raw\Annotations\IMG000475.json,data\processed\masks\IMG000475.png,2520,2780,4,2,2,False,80744
IMG000476.jpeg,1,data\raw\images\IMG000476.jpeg,data\raw\Annotations\IMG000476.json,data\processed\masks\IMG000476.png,1634,2429,2,1,1,False,113423
IMG000477.jpeg,1,data\raw\images\IMG000477.jpeg,data\raw\Annotations\IMG000477.json,data\processed\masks\IMG000477.png,2020,3032,4,2,2,False,612300
IMG000478.jpeg,1,data\raw\images\IMG000478.jpeg,data\raw\Annotations\IMG000478.json,data\processed\masks\IMG000478.png,2020,3032,2,1,1,False,24295
IMG000479.jpeg,1,data\raw\images\IMG000479.jpeg,data\raw\Annotations\IMG000479.json,data\processed\masks\IMG000479.png,1250,2020,2,1,1,False,59031
IMG000480.jpeg,1,data\raw\images\IMG000480.jpeg,data\raw\Annotations\IMG000480.json,data\processed\masks\IMG000480.png,1250,2020,6,3,3,False,29238
IMG000481.jpeg,1,data\raw\images\IMG000481.jpeg,data\raw\Annotations\IMG000481.json,data\processed\masks\IMG000481.png,1635,2589,2,1,1,False,4370
IMG000482.jpeg,1,data\raw\images\IMG000482.jpeg,data\raw\Annotations\IMG000482.json,data\processed\masks\IMG000482.png,1614,2437,2,1,1,False,6027
IMG000483.jpeg,1,data\raw\images\IMG000483.jpeg,data\raw\Annotations\IMG000483.json,data\processed\masks\IMG000483.png,2488,2696,2,1,1,False,6321
IMG000484.jpeg,1,data\raw\images\IMG000484.jpeg,data\raw\Annotations\IMG000484.json,data\processed\masks\IMG000484.png,2368,3032,2,1,1,False,161304
IMG000485.jpeg,1,data\raw\images\IMG000485.jpeg,data\raw\Annotations\IMG000485.json,data\processed\masks\IMG000485.png,2153,3032,2,1,1,False,161264
IMG000486.jpeg,1,data\raw\images\IMG000486.jpeg,data\raw\Annotations\IMG000486.json,data\processed\masks\IMG000486.png,1845,2240,2,1,1,False,7522
IMG000487.jpeg,1,data\raw\images\IMG000487.jpeg,data\raw\Annotations\IMG000487.json,data\processed\masks\IMG000487.png,1376,1262,2,1,1,False,2799
IMG000488.jpeg,1,data\raw\images\IMG000488.jpeg,data\raw\Annotations\IMG000488.json,data\processed\masks\IMG000488.png,1618,1959,2,1,1,False,7553
IMG000489.jpeg,1,data\raw\images\IMG000489.jpeg,data\raw\Annotations\IMG000489.json,data\processed\masks\IMG000489.png,1651,1704,2,1,1,False,5887
IMG000490.jpeg,1,data\raw\images\IMG000490.jpeg,data\raw\Annotations\IMG000490.json,data\processed\masks\IMG000490.png,1807,2576,2,1,1,False,2362
IMG000491.jpeg,1,data\raw\images\IMG000491.jpeg,data\raw\Annotations\IMG000491.json,data\processed\masks\IMG000491.png,1659,1764,2,1,1,False,1931
IMG000492.jpeg,1,data\raw\images\IMG000492.jpeg,data\raw\Annotations\IMG000492.json,data\processed\masks\IMG000492.png,2179,2879,2,1,1,False,10988
IMG000493.jpeg,1,data\raw\images\IMG000493.jpeg,data\raw\Annotations\IMG000493.json,data\processed\masks\IMG000493.png,2429,1643,2,1,1,False,8940
IMG000494.jpeg,1,data\raw\images\IMG000494.jpeg,data\raw\Annotations\IMG000494.json,data\processed\masks\IMG000494.png,2204,1704,2,1,1,False,2050
IMG000495.jpeg,1,data\raw\images\IMG000495.jpeg,data\raw\Annotations\IMG000495.json,data\processed\masks\IMG000495.png,2204,1700,2,1,1,False,904
IMG000496.jpeg,1,data\raw\images\IMG000496.jpeg,data\raw\Annotations\IMG000496.json,data\processed\masks\IMG000496.png,2376,1611,2,1,1,False,6771
IMG000497.jpeg,1,data\raw\images\IMG000497.jpeg,data\raw\Annotations\IMG000497.json,data\processed\masks\IMG000497.png,3000,2924,2,1,1,False,226381
IMG000498.jpeg,1,data\raw\images\IMG000498.jpeg,data\raw\Annotations\IMG000498.json,data\processed\masks\IMG000498.png,3056,2544,2,1,1,False,45326
IMG000499.jpeg,1,data\raw\images\IMG000499.jpeg,data\raw\Annotations\IMG000499.json,data\processed\masks\IMG000499.png,3056,2544,2,1,1,False,43743
IMG000500.jpeg,1,data\raw\images\IMG000500.jpeg,data\raw\Annotations\IMG000500.json,data\processed\masks\IMG000500.png,2544,3056,2,1,1,False,4109
IMG000501.jpeg,1,data\raw\images\IMG000501.jpeg,data\raw\Annotations\IMG000501.json,data\processed\masks\IMG000501.png,2544,3056,2,1,1,False,4690
IMG000502.jpeg,1,data\raw\images\IMG000502.jpeg,data\raw\Annotations\IMG000502.json,data\processed\masks\IMG000502.png,2544,3056,2,1,1,False,2793
IMG000503.jpeg,1,data\raw\images\IMG000503.jpeg,data\raw\Annotations\IMG000503.json,data\processed\masks\IMG000503.png,2544,3056,2,1,1,False,53784
IMG000504.jpeg,1,data\raw\images\IMG000504.jpeg,data\raw\Annotations\IMG000504.json,data\processed\masks\IMG000504.png,2544,3056,2,1,1,False,39155
IMG000505.jpeg,1,data\raw\images\IMG000505.jpeg,data\raw\Annotations\IMG000505.json,data\processed\masks\IMG000505.png,2544,3056,2,1,1,False,33855
IMG000506.jpeg,1,data\raw\images\IMG000506.jpeg,data\raw\Annotations\IMG000506.json,data\processed\masks\IMG000506.png,2544,3056,2,1,1,False,81714
IMG000507.jpeg,1,data\raw\images\IMG000507.jpeg,data\raw\Annotations\IMG000507.json,data\processed\masks\IMG000507.png,1356,3056,2,1,1,False,27562
IMG000508.jpeg,1,data\raw\images\IMG000508.jpeg,data\raw\Annotations\IMG000508.json,data\processed\masks\IMG000508.png,1259,3056,2,1,1,False,95585
IMG000509.jpeg,1,data\raw\images\IMG000509.jpeg,data\raw\Annotations\IMG000509.json,data\processed\masks\IMG000509.png,2225,1893,2,1,1,False,8414
IMG000510.jpeg,1,data\raw\images\IMG000510.jpeg,data\raw\Annotations\IMG000510.json,data\processed\masks\IMG000510.png,1860,2328,2,1,1,False,3585
IMG000511.jpeg,1,data\raw\images\IMG000511.jpeg,data\raw\Annotations\IMG000511.json,data\processed\masks\IMG000511.png,3135,2439,2,1,1,False,7041
IMG000512.jpeg,1,data\raw\images\IMG000512.jpeg,data\raw\Annotations\IMG000512.json,data\processed\masks\IMG000512.png,3320,2092,2,1,1,False,7849
IMG000513.jpeg,1,data\raw\images\IMG000513.jpeg,data\raw\Annotations\IMG000513.json,data\processed\masks\IMG000513.png,2800,2676,2,1,1,False,25085
IMG000514.jpeg,1,data\raw\images\IMG000514.jpeg,data\raw\Annotations\IMG000514.json,data\processed\masks\IMG000514.png,877,1685,2,1,1,False,187810
IMG000515.jpeg,1,data\raw\images\IMG000515.jpeg,data\raw\Annotations\IMG000515.json,data\processed\masks\IMG000515.png,1791,2301,2,1,1,False,1931
IMG000516.jpeg,1,data\raw\images\IMG000516.jpeg,data\raw\Annotations\IMG000516.json,data\processed\masks\IMG000516.png,2946,2356,2,1,1,False,28946
IMG000517.jpeg,1,data\raw\images\IMG000517.jpeg,data\raw\Annotations\IMG000517.json,data\processed\masks\IMG000517.png,1947,2642,2,1,1,False,66748
IMG000518.jpeg,1,data\raw\images\IMG000518.jpeg,data\raw\Annotations\IMG000518.json,data\processed\masks\IMG000518.png,2376,2960,2,1,1,False,43938
IMG000519.jpeg,1,data\raw\images\IMG000519.jpeg,data\raw\Annotations\IMG000519.json,data\processed\masks\IMG000519.png,2420,2908,2,1,1,False,14391
IMG000520.jpeg,1,data\raw\images\IMG000520.jpeg,data\raw\Annotations\IMG000520.json,data\processed\masks\IMG000520.png,2416,2868,2,1,1,False,22191
IMG000521.jpeg,1,data\raw\images\IMG000521.jpeg,data\raw\Annotations\IMG000521.json,data\processed\masks\IMG000521.png,2376,2837,2,1,1,False,35269
IMG000522.jpeg,1,data\raw\images\IMG000522.jpeg,data\raw\Annotations\IMG000522.json,data\processed\masks\IMG000522.png,1722,1727,2,1,1,False,32808
IMG000523.jpeg,1,data\raw\images\IMG000523.jpeg,data\raw\Annotations\IMG000523.json,data\processed\masks\IMG000523.png,1790,2418,2,1,1,False,6323
IMG000524.jpeg,1,data\raw\images\IMG000524.jpeg,data\raw\Annotations\IMG000524.json,data\processed\masks\IMG000524.png,2472,2800,2,1,1,False,6427
IMG000525.jpeg,1,data\raw\images\IMG000525.jpeg,data\raw\Annotations\IMG000525.json,data\processed\masks\IMG000525.png,2280,2068,2,1,1,False,33486
IMG000526.jpeg,1,data\raw\images\IMG000526.jpeg,data\raw\Annotations\IMG000526.json,data\processed\masks\IMG000526.png,1691,3032,2,1,1,False,58988
IMG000527.jpeg,1,data\raw\images\IMG000527.jpeg,data\raw\Annotations\IMG000527.json,data\processed\masks\IMG000527.png,1794,3032,2,1,1,False,61275
IMG000528.jpeg,1,data\raw\images\IMG000528.jpeg,data\raw\Annotations\IMG000528.json,data\processed\masks\IMG000528.png,1980,2208,2,1,1,False,9742
IMG000529.jpeg,1,data\raw\images\IMG000529.jpeg,data\raw\Annotations\IMG000529.json,data\processed\masks\IMG000529.png,1962,2066,2,1,1,False,6635
IMG000530.jpeg,1,data\raw\images\IMG000530.jpeg,data\raw\Annotations\IMG000530.json,data\processed\masks\IMG000530.png,2148,2708,2,1,1,False,5628
IMG000531.jpeg,1,data\raw\images\IMG000531.jpeg,data\raw\Annotations\IMG000531.json,data\processed\masks\IMG000531.png,2152,2712,2,1,1,False,5256
IMG000532.jpeg,1,data\raw\images\IMG000532.jpeg,data\raw\Annotations\IMG000532.json,data\processed\masks\IMG000532.png,1937,2180,2,1,1,False,64391
IMG000533.jpeg,1,data\raw\images\IMG000533.jpeg,data\raw\Annotations\IMG000533.json,data\processed\masks\IMG000533.png,1882,1978,2,1,1,False,58458
IMG000534.jpeg,1,data\raw\images\IMG000534.jpeg,data\raw\Annotations\IMG000534.json,data\processed\masks\IMG000534.png,1733,3056,2,1,1,False,60456
IMG000535.jpeg,1,data\raw\images\IMG000535.jpeg,data\raw\Annotations\IMG000535.json,data\processed\masks\IMG000535.png,1703,3056,2,1,1,False,61969
IMG000536.jpeg,1,data\raw\images\IMG000536.jpeg,data\raw\Annotations\IMG000536.json,data\processed\masks\IMG000536.png,1984,2562,2,1,1,False,59671
IMG000537.jpeg,1,data\raw\images\IMG000537.jpeg,data\raw\Annotations\IMG000537.json,data\processed\masks\IMG000537.png,1697,2424,2,1,1,False,43021
IMG000538.jpeg,1,data\raw\images\IMG000538.jpeg,data\raw\Annotations\IMG000538.json,data\processed\masks\IMG000538.png,1944,2206,2,1,1,False,64862
IMG000539.jpeg,1,data\raw\images\IMG000539.jpeg,data\raw\Annotations\IMG000539.json,data\processed\masks\IMG000539.png,2055,2506,2,1,1,False,10216
IMG000540.jpeg,1,data\raw\images\IMG000540.jpeg,data\raw\Annotations\IMG000540.json,data\processed\masks\IMG000540.png,2429,3405,2,1,1,False,12832
IMG000541.jpeg,1,data\raw\images\IMG000541.jpeg,data\raw\Annotations\IMG000541.json,data\processed\masks\IMG000541.png,2311,3408,2,1,1,False,15210
IMG000542.jpeg,1,data\raw\images\IMG000542.jpeg,data\raw\Annotations\IMG000542.json,data\processed\masks\IMG000542.png,1298,3408,2,1,1,False,1753
IMG000543.jpeg,1,data\raw\images\IMG000543.jpeg,data\raw\Annotations\IMG000543.json,data\processed\masks\IMG000543.png,1640,2476,2,1,1,False,33923
IMG000544.jpeg,1,data\raw\images\IMG000544.jpeg,data\raw\Annotations\IMG000544.json,data\processed\masks\IMG000544.png,1721,3408,2,1,1,False,18834
IMG000545.jpeg,1,data\raw\images\IMG000545.jpeg,data\raw\Annotations\IMG000545.json,data\processed\masks\IMG000545.png,1932,1798,2,1,1,False,18164
IMG000546.jpeg,1,data\raw\images\IMG000546.jpeg,data\raw\Annotations\IMG000546.json,data\processed\masks\IMG000546.png,1850,2712,2,1,1,False,1927
IMG000547.jpeg,1,data\raw\images\IMG000547.jpeg,data\raw\Annotations\IMG000547.json,data\processed\masks\IMG000547.png,2147,2721,2,1,1,False,1833
IMG000548.jpeg,1,data\raw\images\IMG000548.jpeg,data\raw\Annotations\IMG000548.json,data\processed\masks\IMG000548.png,1764,1580,2,1,1,False,2315
IMG000549.jpeg,1,data\raw\images\IMG000549.jpeg,data\raw\Annotations\IMG000549.json,data\processed\masks\IMG000549.png,1888,1588,2,1,1,False,2246
IMG000550.jpeg,1,data\raw\images\IMG000550.jpeg,data\raw\Annotations\IMG000550.json,data\processed\masks\IMG000550.png,2544,3056,2,1,1,False,1566
IMG000551.jpeg,1,data\raw\images\IMG000551.jpeg,data\raw\Annotations\IMG000551.json,data\processed\masks\IMG000551.png,2544,3056,2,1,1,False,9428
IMG000552.jpeg,1,data\raw\images\IMG000552.jpeg,data\raw\Annotations\IMG000552.json,data\processed\masks\IMG000552.png,2544,3056,2,1,1,False,70492
IMG000553.jpeg,1,data\raw\images\IMG000553.jpeg,data\raw\Annotations\IMG000553.json,data\processed\masks\IMG000553.png,2544,3056,2,1,1,False,65501
IMG000554.jpeg,1,data\raw\images\IMG000554.jpeg,data\raw\Annotations\IMG000554.json,data\processed\masks\IMG000554.png,2544,3056,2,1,1,False,56211
IMG000555.jpeg,1,data\raw\images\IMG000555.jpeg,data\raw\Annotations\IMG000555.json,data\processed\masks\IMG000555.png,2544,3056,2,1,1,False,5082
IMG000556.jpeg,1,data\raw\images\IMG000556.jpeg,data\raw\Annotations\IMG000556.json,data\processed\masks\IMG000556.png,2544,3056,2,1,1,False,4851
IMG000557.jpeg,1,data\raw\images\IMG000557.jpeg,data\raw\Annotations\IMG000557.json,data\processed\masks\IMG000557.png,2544,3056,2,1,1,False,117
IMG000558.jpeg,1,data\raw\images\IMG000558.jpeg,data\raw\Annotations\IMG000558.json,data\processed\masks\IMG000558.png,2544,3056,2,1,1,False,248
IMG000559.jpeg,1,data\raw\images\IMG000559.jpeg,data\raw\Annotations\IMG000559.json,data\processed\masks\IMG000559.png,3056,2544,2,1,1,False,231
IMG000560.jpeg,1,data\raw\images\IMG000560.jpeg,data\raw\Annotations\IMG000560.json,data\processed\masks\IMG000560.png,2544,3056,2,1,1,False,182
IMG000561.jpeg,1,data\raw\images\IMG000561.jpeg,data\raw\Annotations\IMG000561.json,data\processed\masks\IMG000561.png,925,1253,2,1,1,False,5779
IMG000562.jpeg,1,data\raw\images\IMG000562.jpeg,data\raw\Annotations\IMG000562.json,data\processed\masks\IMG000562.png,3056,2544,2,1,1,False,20105
IMG000563.jpeg,1,data\raw\images\IMG000563.jpeg,data\raw\Annotations\IMG000563.json,data\processed\masks\IMG000563.png,2544,3056,2,1,1,False,14199
IMG000564.jpeg,1,data\raw\images\IMG000564.jpeg,data\raw\Annotations\IMG000564.json,data\processed\masks\IMG000564.png,3222,2522,2,1,1,False,46614
IMG000565.jpeg,1,data\raw\images\IMG000565.jpeg,data\raw\Annotations\IMG000565.json,data\processed\masks\IMG000565.png,1488,1336,2,1,1,False,2004
IMG000566.jpeg,1,data\raw\images\IMG000566.jpeg,data\raw\Annotations\IMG000566.json,data\processed\masks\IMG000566.png,2544,3056,2,1,1,False,1400
IMG000567.jpeg,1,data\raw\images\IMG000567.jpeg,data\raw\Annotations\IMG000567.json,data\processed\masks\IMG000567.png,1382,2182,2,1,1,False,948
IMG000568.jpeg,1,data\raw\images\IMG000568.jpeg,data\raw\Annotations\IMG000568.json,data\processed\masks\IMG000568.png,1626,1577,2,1,1,False,63007
IMG000569.jpeg,1,data\raw\images\IMG000569.jpeg,data\raw\Annotations\IMG000569.json,data\processed\masks\IMG000569.png,1681,2169,2,1,1,False,59820
IMG000570.jpeg,1,data\raw\images\IMG000570.jpeg,data\raw\Annotations\IMG000570.json,data\processed\masks\IMG000570.png,1680,1091,4,2,2,False,59953
IMG000571.jpeg,1,data\raw\images\IMG000571.jpeg,data\raw\Annotations\IMG000571.json,data\processed\masks\IMG000571.png,1236,2059,4,2,2,False,81403
IMG000572.jpeg,1,data\raw\images\IMG000572.jpeg,data\raw\Annotations\IMG000572.json,data\processed\masks\IMG000572.png,2070,1165,2,1,1,False,69621
IMG000573.jpeg,1,data\raw\images\IMG000573.jpeg,data\raw\Annotations\IMG000573.json,data\processed\masks\IMG000573.png,2534,3408,6,2,4,False,548629
IMG000574.jpeg,1,data\raw\images\IMG000574.jpeg,data\raw\Annotations\IMG000574.json,data\processed\masks\IMG000574.png,1459,3349,8,3,5,False,391854
IMG000575.jpeg,1,data\raw\images\IMG000575.jpeg,data\raw\Annotations\IMG000575.json,data\processed\masks\IMG000575.png,1644,3408,5,2,3,False,184971
IMG000576.jpeg,1,data\raw\images\IMG000576.jpeg,data\raw\Annotations\IMG000576.json,data\processed\masks\IMG000576.png,1789,3032,2,1,1,False,18718
IMG000577.jpeg,1,data\raw\images\IMG000577.jpeg,data\raw\Annotations\IMG000577.json,data\processed\masks\IMG000577.png,2544,3056,2,1,1,False,8013
IMG000578.jpeg,1,data\raw\images\IMG000578.jpeg,data\raw\Annotations\IMG000578.json,data\processed\masks\IMG000578.png,2131,2841,2,1,1,False,18677
IMG000579.jpeg,1,data\raw\images\IMG000579.jpeg,data\raw\Annotations\IMG000579.json,data\processed\masks\IMG000579.png,2240,2724,2,1,1,False,7913
IMG000580.jpeg,1,data\raw\images\IMG000580.jpeg,data\raw\Annotations\IMG000580.json,data\processed\masks\IMG000580.png,1816,3408,2,1,1,False,28795
IMG000581.jpeg,1,data\raw\images\IMG000581.jpeg,data\raw\Annotations\IMG000581.json,data\processed\masks\IMG000581.png,1816,3408,2,1,1,False,73082
IMG000582.jpeg,1,data\raw\images\IMG000582.jpeg,data\raw\Annotations\IMG000582.json,data\processed\masks\IMG000582.png,2544,3056,2,1,1,False,7435
IMG000583.jpeg,1,data\raw\images\IMG000583.jpeg,data\raw\Annotations\IMG000583.json,data\processed\masks\IMG000583.png,1795,3408,2,1,1,False,34369
IMG000584.jpeg,1,data\raw\images\IMG000584.jpeg,data\raw\Annotations\IMG000584.json,data\processed\masks\IMG000584.png,2209,3408,2,1,1,False,20110
IMG000585.jpeg,1,data\raw\images\IMG000585.jpeg,data\raw\Annotations\IMG000585.json,data\processed\masks\IMG000585.png,2544,3056,2,1,1,False,2808
IMG000586.jpeg,1,data\raw\images\IMG000586.jpeg,data\raw\Annotations\IMG000586.json,data\processed\masks\IMG000586.png,2544,3056,2,1,1,False,3309
IMG000587.jpeg,1,data\raw\images\IMG000587.jpeg,data\raw\Annotations\IMG000587.json,data\processed\masks\IMG000587.png,1618,2480,2,1,1,False,60439
IMG000588.jpeg,1,data\raw\images\IMG000588.jpeg,data\raw\Annotations\IMG000588.json,data\processed\masks\IMG000588.png,2040,2584,2,1,1,False,39854
IMG000589.jpeg,1,data\raw\images\IMG000589.jpeg,data\raw\Annotations\IMG000589.json,data\processed\masks\IMG000589.png,2544,3056,2,1,1,False,4810
IMG000590.jpeg,1,data\raw\images\IMG000590.jpeg,data\raw\Annotations\IMG000590.json,data\processed\masks\IMG000590.png,2544,3056,2,1,1,False,5670
IMG000591.jpeg,1,data\raw\images\IMG000591.jpeg,data\raw\Annotations\IMG000591.json,data\processed\masks\IMG000591.png,1823,3408,2,1,1,False,12566
IMG000592.jpeg,1,data\raw\images\IMG000592.jpeg,data\raw\Annotations\IMG000592.json,data\processed\masks\IMG000592.png,1279,3408,2,1,1,False,12237
IMG000593.jpeg,1,data\raw\images\IMG000593.jpeg,data\raw\Annotations\IMG000593.json,data\processed\masks\IMG000593.png,1667,1877,2,1,1,False,3835
IMG000594.jpeg,1,data\raw\images\IMG000594.jpeg,data\raw\Annotations\IMG000594.json,data\processed\masks\IMG000594.png,1499,1945,2,1,1,False,11289
IMG000595.jpeg,1,data\raw\images\IMG000595.jpeg,data\raw\Annotations\IMG000595.json,data\processed\masks\IMG000595.png,1745,3032,2,1,1,False,899
IMG000596.jpeg,1,data\raw\images\IMG000596.jpeg,data\raw\Annotations\IMG000596.json,data\processed\masks\IMG000596.png,2544,3056,2,1,1,False,3050
IMG000597.jpeg,1,data\raw\images\IMG000597.jpeg,data\raw\Annotations\IMG000597.json,data\processed\masks\IMG000597.png,1541,3032,2,1,1,False,4415
IMG000598.jpeg,1,data\raw\images\IMG000598.jpeg,data\raw\Annotations\IMG000598.json,data\processed\masks\IMG000598.png,2350,2517,2,1,1,False,87898
IMG000599.jpeg,1,data\raw\images\IMG000599.jpeg,data\raw\Annotations\IMG000599.json,data\processed\masks\IMG000599.png,2520,3032,2,1,1,False,88163
IMG000600.jpeg,1,data\raw\images\IMG000600.jpeg,data\raw\Annotations\IMG000600.json,data\processed\masks\IMG000600.png,2520,2880,2,1,1,False,81367
IMG000601.jpeg,1,data\raw\images\IMG000601.jpeg,data\raw\Annotations\IMG000601.json,data\processed\masks\IMG000601.png,1604,3325,2,1,1,False,41702
IMG000602.jpeg,1,data\raw\images\IMG000602.jpeg,data\raw\Annotations\IMG000602.json,data\processed\masks\IMG000602.png,1873,3130,2,1,1,False,23792
IMG000603.jpeg,1,data\raw\images\IMG000603.jpeg,data\raw\Annotations\IMG000603.json,data\processed\masks\IMG000603.png,1331,2872,2,1,1,False,34734
IMG000604.jpeg,1,data\raw\images\IMG000604.jpeg,data\raw\Annotations\IMG000604.json,data\processed\masks\IMG000604.png,2038,1945,2,1,1,False,14658
IMG000605.jpeg,1,data\raw\images\IMG000605.jpeg,data\raw\Annotations\IMG000605.json,data\processed\masks\IMG000605.png,2192,2520,2,1,1,False,14426
IMG000606.jpeg,1,data\raw\images\IMG000606.jpeg,data\raw\Annotations\IMG000606.json,data\processed\masks\IMG000606.png,2192,2520,2,1,1,False,14233
IMG000607.jpeg,1,data\raw\images\IMG000607.jpeg,data\raw\Annotations\IMG000607.json,data\processed\masks\IMG000607.png,2172,1972,2,1,1,False,356193
IMG000608.jpeg,1,data\raw\images\IMG000608.jpeg,data\raw\Annotations\IMG000608.json,data\processed\masks\IMG000608.png,2284,2124,2,1,1,False,255980
IMG000609.jpeg,1,data\raw\images\IMG000609.jpeg,data\raw\Annotations\IMG000609.json,data\processed\masks\IMG000609.png,3056,2544,2,1,1,False,13145
IMG000610.jpeg,1,data\raw\images\IMG000610.jpeg,data\raw\Annotations\IMG000610.json,data\processed\masks\IMG000610.png,3056,2544,2,1,1,False,15755
IMG000611.jpeg,1,data\raw\images\IMG000611.jpeg,data\raw\Annotations\IMG000611.json,data\processed\masks\IMG000611.png,3056,2544,2,1,1,False,15173
IMG000612.jpeg,1,data\raw\images\IMG000612.jpeg,data\raw\Annotations\IMG000612.json,data\processed\masks\IMG000612.png,1400,1693,2,1,1,False,5957
IMG000613.jpeg,1,data\raw\images\IMG000613.jpeg,data\raw\Annotations\IMG000613.json,data\processed\masks\IMG000613.png,1920,3408,2,1,1,False,45036
IMG000614.jpeg,1,data\raw\images\IMG000614.jpeg,data\raw\Annotations\IMG000614.json,data\processed\masks\IMG000614.png,1904,3211,2,1,1,False,43848
IMG000615.jpeg,1,data\raw\images\IMG000615.jpeg,data\raw\Annotations\IMG000615.json,data\processed\masks\IMG000615.png,2800,2368,2,1,1,False,29327
IMG000616.jpeg,1,data\raw\images\IMG000616.jpeg,data\raw\Annotations\IMG000616.json,data\processed\masks\IMG000616.png,1811,2199,2,1,1,False,58100
IMG000617.jpeg,1,data\raw\images\IMG000617.jpeg,data\raw\Annotations\IMG000617.json,data\processed\masks\IMG000617.png,1546,2373,2,1,1,False,6459
IMG000618.jpeg,1,data\raw\images\IMG000618.jpeg,data\raw\Annotations\IMG000618.json,data\processed\masks\IMG000618.png,1221,2404,2,1,1,False,6662
IMG000619.jpeg,1,data\raw\images\IMG000619.jpeg,data\raw\Annotations\IMG000619.json,data\processed\masks\IMG000619.png,1876,2883,2,1,1,False,2303
IMG000620.jpeg,1,data\raw\images\IMG000620.jpeg,data\raw\Annotations\IMG000620.json,data\processed\masks\IMG000620.png,1968,2750,2,1,1,False,11400
IMG000621.jpeg,1,data\raw\images\IMG000621.jpeg,data\raw\Annotations\IMG000621.json,data\processed\masks\IMG000621.png,3032,2520,2,1,1,False,19859
IMG000622.jpeg,1,data\raw\images\IMG000622.jpeg,data\raw\Annotations\IMG000622.json,data\processed\masks\IMG000622.png,2266,2520,2,1,1,False,41065
IMG000623.jpeg,1,data\raw\images\IMG000623.jpeg,data\raw\Annotations\IMG000623.json,data\processed\masks\IMG000623.png,2211,2520,2,1,1,False,45213
IMG000624.jpeg,1,data\raw\images\IMG000624.jpeg,data\raw\Annotations\IMG000624.json,data\processed\masks\IMG000624.png,1925,2520,2,1,1,False,38973
IMG000625.jpeg,1,data\raw\images\IMG000625.jpeg,data\raw\Annotations\IMG000625.json,data\processed\masks\IMG000625.png,1407,2125,2,1,1,False,2553
IMG000626.jpeg,1,data\raw\images\IMG000626.jpeg,data\raw\Annotations\IMG000626.json,data\processed\masks\IMG000626.png,1826,2648,2,1,1,False,4865
IMG000627.jpeg,1,data\raw\images\IMG000627.jpeg,data\raw\Annotations\IMG000627.json,data\processed\masks\IMG000627.png,1860,2670,2,1,1,False,3718
IMG000628.jpeg,1,data\raw\images\IMG000628.jpeg,data\raw\Annotations\IMG000628.json,data\processed\masks\IMG000628.png,2228,3032,2,1,1,False,3210
IMG000629.jpeg,1,data\raw\images\IMG000629.jpeg,data\raw\Annotations\IMG000629.json,data\processed\masks\IMG000629.png,1648,1933,2,1,1,False,6920
IMG000630.jpeg,1,data\raw\images\IMG000630.jpeg,data\raw\Annotations\IMG000630.json,data\processed\masks\IMG000630.png,1961,1703,2,1,1,False,13458
IMG000631.jpeg,1,data\raw\images\IMG000631.jpeg,data\raw\Annotations\IMG000631.json,data\processed\masks\IMG000631.png,1300,1360,2,1,1,False,6966
IMG000632.jpeg,1,data\raw\images\IMG000632.jpeg,data\raw\Annotations\IMG000632.json,data\processed\masks\IMG000632.png,1353,1284,2,1,1,False,5260
IMG000633.jpeg,1,data\raw\images\IMG000633.jpeg,data\raw\Annotations\IMG000633.json,data\processed\masks\IMG000633.png,2284,2220,2,1,1,False,949
IMG000634.jpeg,1,data\raw\images\IMG000634.jpeg,data\raw\Annotations\IMG000634.json,data\processed\masks\IMG000634.png,2284,2216,2,1,1,False,1018
IMG000635.jpeg,1,data\raw\images\IMG000635.jpeg,data\raw\Annotations\IMG000635.json,data\processed\masks\IMG000635.png,1374,2018,2,1,1,False,1573
IMG000636.jpeg,1,data\raw\images\IMG000636.jpeg,data\raw\Annotations\IMG000636.json,data\processed\masks\IMG000636.png,3056,2544,2,1,1,False,5460
IMG000637.jpeg,1,data\raw\images\IMG000637.jpeg,data\raw\Annotations\IMG000637.json,data\processed\masks\IMG000637.png,1644,2064,2,1,1,False,3093
IMG000638.jpeg,1,data\raw\images\IMG000638.jpeg,data\raw\Annotations\IMG000638.json,data\processed\masks\IMG000638.png,1595,2330,2,1,1,False,8136
IMG000639.jpeg,1,data\raw\images\IMG000639.jpeg,data\raw\Annotations\IMG000639.json,data\processed\masks\IMG000639.png,661,1202,2,1,1,False,639
IMG000640.jpeg,1,data\raw\images\IMG000640.jpeg,data\raw\Annotations\IMG000640.json,data\processed\masks\IMG000640.png,2544,3056,2,1,1,False,22638
IMG000641.jpeg,1,data\raw\images\IMG000641.jpeg,data\raw\Annotations\IMG000641.json,data\processed\masks\IMG000641.png,1962,2287,2,1,1,False,2204
IMG000642.jpeg,1,data\raw\images\IMG000642.jpeg,data\raw\Annotations\IMG000642.json,data\processed\masks\IMG000642.png,2544,3056,2,1,1,False,7356
IMG000643.jpeg,1,data\raw\images\IMG000643.jpeg,data\raw\Annotations\IMG000643.json,data\processed\masks\IMG000643.png,2544,3056,2,1,1,False,9375
IMG000644.jpeg,1,data\raw\images\IMG000644.jpeg,data\raw\Annotations\IMG000644.json,data\processed\masks\IMG000644.png,1931,3032,2,1,1,False,46250
IMG000645.jpeg,1,data\raw\images\IMG000645.jpeg,data\raw\Annotations\IMG000645.json,data\processed\masks\IMG000645.png,2053,3032,2,1,1,False,41837
IMG000646.jpeg,1,data\raw\images\IMG000646.jpeg,data\raw\Annotations\IMG000646.json,data\processed\masks\IMG000646.png,1383,2008,2,1,1,False,5745
IMG000647.jpeg,1,data\raw\images\IMG000647.jpeg,data\raw\Annotations\IMG000647.json,data\processed\masks\IMG000647.png,1338,1751,2,1,1,False,1770
IMG000648.jpeg,1,data\raw\images\IMG000648.jpeg,data\raw\Annotations\IMG000648.json,data\processed\masks\IMG000648.png,2544,3056,2,1,1,False,5807
IMG000649.jpeg,1,data\raw\images\IMG000649.jpeg,data\raw\Annotations\IMG000649.json,data\processed\masks\IMG000649.png,2544,3056,2,1,1,False,1832
IMG000650.jpeg,1,data\raw\images\IMG000650.jpeg,data\raw\Annotations\IMG000650.json,data\processed\masks\IMG000650.png,2382,2280,2,1,1,False,425167
IMG000651.jpeg,1,data\raw\images\IMG000651.jpeg,data\raw\Annotations\IMG000651.json,data\processed\masks\IMG000651.png,2039,2259,2,1,1,False,309339
IMG000652.jpeg,1,data\raw\images\IMG000652.jpeg,data\raw\Annotations\IMG000652.json,data\processed\masks\IMG000652.png,2004,3032,2,1,1,False,10904
IMG000653.jpeg,1,data\raw\images\IMG000653.jpeg,data\raw\Annotations\IMG000653.json,data\processed\masks\IMG000653.png,2544,3056,2,1,1,False,33189
IMG000654.jpeg,1,data\raw\images\IMG000654.jpeg,data\raw\Annotations\IMG000654.json,data\processed\masks\IMG000654.png,2544,3056,2,1,1,False,27902
IMG000655.jpeg,1,data\raw\images\IMG000655.jpeg,data\raw\Annotations\IMG000655.json,data\processed\masks\IMG000655.png,2544,3056,2,1,1,False,189288
IMG000656.jpeg,1,data\raw\images\IMG000656.jpeg,data\raw\Annotations\IMG000656.json,data\processed\masks\IMG000656.png,2544,3056,2,1,1,False,211599
IMG000657.jpeg,1,data\raw\images\IMG000657.jpeg,data\raw\Annotations\IMG000657.json,data\processed\masks\IMG000657.png,2544,3056,2,1,1,False,174088
IMG000658.jpeg,1,data\raw\images\IMG000658.jpeg,data\raw\Annotations\IMG000658.json,data\processed\masks\IMG000658.png,2544,3056,2,1,1,False,4224
IMG000659.jpeg,1,data\raw\images\IMG000659.jpeg,data\raw\Annotations\IMG000659.json,data\processed\masks\IMG000659.png,2441,3408,8,4,4,False,1216061
IMG000660.jpeg,1,data\raw\images\IMG000660.jpeg,data\raw\Annotations\IMG000660.json,data\processed\masks\IMG000660.png,1647,3408,4,2,2,False,386679
IMG000661.jpeg,1,data\raw\images\IMG000661.jpeg,data\raw\Annotations\IMG000661.json,data\processed\masks\IMG000661.png,2314,3408,14,7,7,False,1411529
IMG000662.jpeg,1,data\raw\images\IMG000662.jpeg,data\raw\Annotations\IMG000662.json,data\processed\masks\IMG000662.png,2287,3408,12,6,6,False,716611
IMG000663.jpeg,1,data\raw\images\IMG000663.jpeg,data\raw\Annotations\IMG000663.json,data\processed\masks\IMG000663.png,2472,2883,6,3,3,False,607149
IMG000664.jpeg,1,data\raw\images\IMG000664.jpeg,data\raw\Annotations\IMG000664.json,data\processed\masks\IMG000664.png,2200,3312,6,3,3,False,709325
IMG000665.jpeg,1,data\raw\images\IMG000665.jpeg,data\raw\Annotations\IMG000665.json,data\processed\masks\IMG000665.png,1245,1876,2,1,1,False,35684
IMG000666.jpeg,1,data\raw\images\IMG000666.jpeg,data\raw\Annotations\IMG000666.json,data\processed\masks\IMG000666.png,1310,1860,2,1,1,False,30307
IMG000667.jpeg,1,data\raw\images\IMG000667.jpeg,data\raw\Annotations\IMG000667.json,data\processed\masks\IMG000667.png,1412,1978,2,1,1,False,25633
IMG000668.jpeg,1,data\raw\images\IMG000668.jpeg,data\raw\Annotations\IMG000668.json,data\processed\masks\IMG000668.png,1459,3408,6,3,3,False,405546
IMG000669.jpeg,1,data\raw\images\IMG000669.jpeg,data\raw\Annotations\IMG000669.json,data\processed\masks\IMG000669.png,1668,2117,6,3,3,False,64985
IMG000670.jpeg,1,data\raw\images\IMG000670.jpeg,data\raw\Annotations\IMG000670.json,data\processed\masks\IMG000670.png,1781,2055,4,2,2,False,142524
IMG000671.jpeg,1,data\raw\images\IMG000671.jpeg,data\raw\Annotations\IMG000671.json,data\processed\masks\IMG000671.png,1505,1459,2,1,1,False,75387
IMG000672.jpeg,1,data\raw\images\IMG000672.jpeg,data\raw\Annotations\IMG000672.json,data\processed\masks\IMG000672.png,1728,2796,2,1,1,False,1228
IMG000673.jpeg,1,data\raw\images\IMG000673.jpeg,data\raw\Annotations\IMG000673.json,data\processed\masks\IMG000673.png,3408,2800,2,1,1,False,2717
IMG000674.jpeg,1,data\raw\images\IMG000674.jpeg,data\raw\Annotations\IMG000674.json,data\processed\masks\IMG000674.png,1684,1852,2,1,1,False,54391
IMG000675.jpeg,1,data\raw\images\IMG000675.jpeg,data\raw\Annotations\IMG000675.json,data\processed\masks\IMG000675.png,1433,1893,2,1,1,False,44524
IMG000676.jpeg,1,data\raw\images\IMG000676.jpeg,data\raw\Annotations\IMG000676.json,data\processed\masks\IMG000676.png,1478,1250,2,1,1,False,46542
IMG000677.jpeg,1,data\raw\images\IMG000677.jpeg,data\raw\Annotations\IMG000677.json,data\processed\masks\IMG000677.png,1817,3408,2,1,1,False,108768
IMG000678.jpeg,1,data\raw\images\IMG000678.jpeg,data\raw\Annotations\IMG000678.json,data\processed\masks\IMG000678.png,1975,3408,2,1,1,False,114685
IMG000679.jpeg,1,data\raw\images\IMG000679.jpeg,data\raw\Annotations\IMG000679.json,data\processed\masks\IMG000679.png,1008,1120,4,2,2,False,1369
IMG000680.jpeg,1,data\raw\images\IMG000680.jpeg,data\raw\Annotations\IMG000680.json,data\processed\masks\IMG000680.png,1380,2028,2,1,1,False,1481
IMG000681.jpeg,1,data\raw\images\IMG000681.jpeg,data\raw\Annotations\IMG000681.json,data\processed\masks\IMG000681.png,679,1001,2,1,1,False,507
IMG000682.jpeg,1,data\raw\images\IMG000682.jpeg,data\raw\Annotations\IMG000682.json,data\processed\masks\IMG000682.png,646,1155,2,1,1,False,1008
IMG000683.jpeg,1,data\raw\images\IMG000683.jpeg,data\raw\Annotations\IMG000683.json,data\processed\masks\IMG000683.png,3189,2306,2,1,1,False,127602
IMG000684.jpeg,1,data\raw\images\IMG000684.jpeg,data\raw\Annotations\IMG000684.json,data\processed\masks\IMG000684.png,1724,2719,2,1,1,False,2041
IMG000685.jpeg,1,data\raw\images\IMG000685.jpeg,data\raw\Annotations\IMG000685.json,data\processed\masks\IMG000685.png,1978,2457,2,1,1,False,1839
IMG000686.jpeg,1,data\raw\images\IMG000686.jpeg,data\raw\Annotations\IMG000686.json,data\processed\masks\IMG000686.png,1859,3056,2,1,1,False,28884
IMG000687.jpeg,1,data\raw\images\IMG000687.jpeg,data\raw\Annotations\IMG000687.json,data\processed\masks\IMG000687.png,2396,3056,2,1,1,False,22082
IMG000688.jpeg,1,data\raw\images\IMG000688.jpeg,data\raw\Annotations\IMG000688.json,data\processed\masks\IMG000688.png,1747,3056,2,1,1,False,45480
IMG000689.jpeg,1,data\raw\images\IMG000689.jpeg,data\raw\Annotations\IMG000689.json,data\processed\masks\IMG000689.png,2163,3182,2,1,1,False,66898
IMG000690.jpeg,1,data\raw\images\IMG000690.jpeg,data\raw\Annotations\IMG000690.json,data\processed\masks\IMG000690.png,2628,2503,2,1,1,False,64091
IMG000691.jpeg,1,data\raw\images\IMG000691.jpeg,data\raw\Annotations\IMG000691.json,data\processed\masks\IMG000691.png,1110,3065,2,1,1,False,10528
IMG000692.jpeg,1,data\raw\images\IMG000692.jpeg,data\raw\Annotations\IMG000692.json,data\processed\masks\IMG000692.png,2129,2438,2,1,1,False,6625
IMG000693.jpeg,1,data\raw\images\IMG000693.jpeg,data\raw\Annotations\IMG000693.json,data\processed\masks\IMG000693.png,2520,2029,2,1,1,False,20604
IMG000694.jpeg,1,data\raw\images\IMG000694.jpeg,data\raw\Annotations\IMG000694.json,data\processed\masks\IMG000694.png,2176,3408,2,1,1,False,18960
IMG000695.jpeg,1,data\raw\images\IMG000695.jpeg,data\raw\Annotations\IMG000695.json,data\processed\masks\IMG000695.png,2176,3408,2,1,1,False,17657
IMG000696.jpeg,1,data\raw\images\IMG000696.jpeg,data\raw\Annotations\IMG000696.json,data\processed\masks\IMG000696.png,1882,3408,2,1,1,False,28553
IMG000697.jpeg,1,data\raw\images\IMG000697.jpeg,data\raw\Annotations\IMG000697.json,data\processed\masks\IMG000697.png,2760,3408,2,1,1,False,21630
IMG000698.jpeg,1,data\raw\images\IMG000698.jpeg,data\raw\Annotations\IMG000698.json,data\processed\masks\IMG000698.png,2488,3408,2,1,1,False,13923
IMG000699.jpeg,1,data\raw\images\IMG000699.jpeg,data\raw\Annotations\IMG000699.json,data\processed\masks\IMG000699.png,1508,2710,2,1,1,False,11219
IMG000700.jpeg,1,data\raw\images\IMG000700.jpeg,data\raw\Annotations\IMG000700.json,data\processed\masks\IMG000700.png,3408,2800,2,1,1,False,5500
IMG000701.jpeg,1,data\raw\images\IMG000701.jpeg,data\raw\Annotations\IMG000701.json,data\processed\masks\IMG000701.png,2312,2800,2,1,1,False,7153
IMG000702.jpeg,1,data\raw\images\IMG000702.jpeg,data\raw\Annotations\IMG000702.json,data\processed\masks\IMG000702.png,2552,2872,2,1,1,False,149
IMG000703.jpeg,1,data\raw\images\IMG000703.jpeg,data\raw\Annotations\IMG000703.json,data\processed\masks\IMG000703.png,1641,2163,2,1,1,False,5941
IMG000704.jpeg,1,data\raw\images\IMG000704.jpeg,data\raw\Annotations\IMG000704.json,data\processed\masks\IMG000704.png,1854,2648,2,1,1,False,6169
IMG000705.jpeg,1,data\raw\images\IMG000705.jpeg,data\raw\Annotations\IMG000705.json,data\processed\masks\IMG000705.png,2382,2336,2,1,1,False,10678
IMG000706.jpeg,1,data\raw\images\IMG000706.jpeg,data\raw\Annotations\IMG000706.json,data\processed\masks\IMG000706.png,1662,2568,2,1,1,False,6871
IMG000707.jpeg,1,data\raw\images\IMG000707.jpeg,data\raw\Annotations\IMG000707.json,data\processed\masks\IMG000707.png,1387,2374,2,1,1,False,20140
IMG000708.jpeg,1,data\raw\images\IMG000708.jpeg,data\raw\Annotations\IMG000708.json,data\processed\masks\IMG000708.png,2304,3032,2,1,1,False,4282
IMG000709.jpeg,1,data\raw\images\IMG000709.jpeg,data\raw\Annotations\IMG000709.json,data\processed\masks\IMG000709.png,1968,2728,2,1,1,False,7324
IMG000710.jpeg,1,data\raw\images\IMG000710.jpeg,data\raw\Annotations\IMG000710.json,data\processed\masks\IMG000710.png,1984,2704,2,1,1,False,5672
IMG000711.jpeg,1,data\raw\images\IMG000711.jpeg,data\raw\Annotations\IMG000711.json,data\processed\masks\IMG000711.png,1428,2472,2,1,1,False,1046
IMG000712.jpeg,1,data\raw\images\IMG000712.jpeg,data\raw\Annotations\IMG000712.json,data\processed\masks\IMG000712.png,1414,2051,2,1,1,False,574
IMG000713.jpeg,1,data\raw\images\IMG000713.jpeg,data\raw\Annotations\IMG000713.json,data\processed\masks\IMG000713.png,1264,2055,2,1,1,False,636
IMG000714.jpeg,1,data\raw\images\IMG000714.jpeg,data\raw\Annotations\IMG000714.json,data\processed\masks\IMG000714.png,2544,3056,2,1,1,False,9923
IMG000715.jpeg,1,data\raw\images\IMG000715.jpeg,data\raw\Annotations\IMG000715.json,data\processed\masks\IMG000715.png,2544,3056,2,1,1,False,8311
IMG000716.jpeg,1,data\raw\images\IMG000716.jpeg,data\raw\Annotations\IMG000716.json,data\processed\masks\IMG000716.png,1629,2416,4,2,2,False,452339
IMG000717.jpeg,1,data\raw\images\IMG000717.jpeg,data\raw\Annotations\IMG000717.json,data\processed\masks\IMG000717.png,1502,2364,4,2,2,False,523589
IMG000718.jpeg,1,data\raw\images\IMG000718.jpeg,data\raw\Annotations\IMG000718.json,data\processed\masks\IMG000718.png,1743,1975,4,2,2,False,333650
IMG000719.jpeg,1,data\raw\images\IMG000719.jpeg,data\raw\Annotations\IMG000719.json,data\processed\masks\IMG000719.png,1842,2089,4,2,2,False,347997
IMG000720.jpeg,1,data\raw\images\IMG000720.jpeg,data\raw\Annotations\IMG000720.json,data\processed\masks\IMG000720.png,1703,3032,2,1,1,False,26542
IMG000721.jpeg,1,data\raw\images\IMG000721.jpeg,data\raw\Annotations\IMG000721.json,data\processed\masks\IMG000721.png,1952,3032,2,1,1,False,28309
IMG000722.jpeg,1,data\raw\images\IMG000722.jpeg,data\raw\Annotations\IMG000722.json,data\processed\masks\IMG000722.png,2204,2584,2,1,1,False,74039
IMG000723.jpeg,1,data\raw\images\IMG000723.jpeg,data\raw\Annotations\IMG000723.json,data\processed\masks\IMG000723.png,1520,3408,2,1,1,False,5450
IMG000724.jpeg,1,data\raw\images\IMG000724.jpeg,data\raw\Annotations\IMG000724.json,data\processed\masks\IMG000724.png,1746,2370,2,1,1,False,12199
IMG000725.jpeg,1,data\raw\images\IMG000725.jpeg,data\raw\Annotations\IMG000725.json,data\processed\masks\IMG000725.png,1863,1975,2,1,1,False,9189
IMG000726.jpeg,1,data\raw\images\IMG000726.jpeg,data\raw\Annotations\IMG000726.json,data\processed\masks\IMG000726.png,1811,2314,2,1,1,False,3980
IMG000727.jpeg,1,data\raw\images\IMG000727.jpeg,data\raw\Annotations\IMG000727.json,data\processed\masks\IMG000727.png,2296,2454,2,1,1,False,7089
IMG000728.jpeg,1,data\raw\images\IMG000728.jpeg,data\raw\Annotations\IMG000728.json,data\processed\masks\IMG000728.png,1468,3408,2,1,1,False,1231
IMG000729.jpeg,1,data\raw\images\IMG000729.jpeg,data\raw\Annotations\IMG000729.json,data\processed\masks\IMG000729.png,1029,1488,2,1,1,False,10786
IMG000730.jpeg,1,data\raw\images\IMG000730.jpeg,data\raw\Annotations\IMG000730.json,data\processed\masks\IMG000730.png,898,1233,2,1,1,False,4919
IMG000731.jpeg,1,data\raw\images\IMG000731.jpeg,data\raw\Annotations\IMG000731.json,data\processed\masks\IMG000731.png,2312,3152,2,1,1,False,8057
IMG000732.jpeg,1,data\raw\images\IMG000732.jpeg,data\raw\Annotations\IMG000732.json,data\processed\masks\IMG000732.png,1418,2287,4,2,2,False,3878
IMG000733.jpeg,1,data\raw\images\IMG000733.jpeg,data\raw\Annotations\IMG000733.json,data\processed\masks\IMG000733.png,1483,2661,2,1,1,False,1578
IMG000734.jpeg,1,data\raw\images\IMG000734.jpeg,data\raw\Annotations\IMG000734.json,data\processed\masks\IMG000734.png,1483,2379,2,1,1,False,12477
IMG000735.jpeg,1,data\raw\images\IMG000735.jpeg,data\raw\Annotations\IMG000735.json,data\processed\masks\IMG000735.png,1579,2704,2,1,1,False,2684
IMG000736.jpeg,1,data\raw\images\IMG000736.jpeg,data\raw\Annotations\IMG000736.json,data\processed\masks\IMG000736.png,623,1102,2,1,1,False,692
IMG000737.jpeg,1,data\raw\images\IMG000737.jpeg,data\raw\Annotations\IMG000737.json,data\processed\masks\IMG000737.png,1675,2676,2,1,1,False,7457
IMG000738.jpeg,1,data\raw\images\IMG000738.jpeg,data\raw\Annotations\IMG000738.json,data\processed\masks\IMG000738.png,1805,2849,2,1,1,False,12822
IMG000739.jpeg,1,data\raw\images\IMG000739.jpeg,data\raw\Annotations\IMG000739.json,data\processed\masks\IMG000739.png,1858,2200,2,1,1,False,2480
IMG000740.jpeg,1,data\raw\images\IMG000740.jpeg,data\raw\Annotations\IMG000740.json,data\processed\masks\IMG000740.png,2072,2167,2,1,1,False,2647
IMG000741.jpeg,1,data\raw\images\IMG000741.jpeg,data\raw\Annotations\IMG000741.json,data\processed\masks\IMG000741.png,2446,3032,2,1,1,False,1199
IMG000742.jpeg,1,data\raw\images\IMG000742.jpeg,data\raw\Annotations\IMG000742.json,data\processed\masks\IMG000742.png,483,1097,2,1,1,False,7778
IMG000743.jpeg,1,data\raw\images\IMG000743.jpeg,data\raw\Annotations\IMG000743.json,data\processed\masks\IMG000743.png,1694,2255,2,1,1,False,2097
IMG000744.jpeg,1,data\raw\images\IMG000744.jpeg,data\raw\Annotations\IMG000744.json,data\processed\masks\IMG000744.png,1851,2348,2,1,1,False,6302
IMG000745.jpeg,1,data\raw\images\IMG000745.jpeg,data\raw\Annotations\IMG000745.json,data\processed\masks\IMG000745.png,1901,2279,2,1,1,False,25115
IMG000746.jpeg,1,data\raw\images\IMG000746.jpeg,data\raw\Annotations\IMG000746.json,data\processed\masks\IMG000746.png,1959,2377,2,1,1,False,36422
IMG000747.jpeg,1,data\raw\images\IMG000747.jpeg,data\raw\Annotations\IMG000747.json,data\processed\masks\IMG000747.png,937,722,2,1,1,False,2220
IMG000748.jpeg,1,data\raw\images\IMG000748.jpeg,data\raw\Annotations\IMG000748.json,data\processed\masks\IMG000748.png,2182,2608,2,1,1,False,5736
IMG000749.jpeg,1,data\raw\images\IMG000749.jpeg,data\raw\Annotations\IMG000749.json,data\processed\masks\IMG000749.png,493,1014,2,1,1,False,1030
IMG000750.jpeg,1,data\raw\images\IMG000750.jpeg,data\raw\Annotations\IMG000750.json,data\processed\masks\IMG000750.png,2340,2945,2,1,1,False,5283
IMG000751.jpeg,1,data\raw\images\IMG000751.jpeg,data\raw\Annotations\IMG000751.json,data\processed\masks\IMG000751.png,1872,3032,2,1,1,False,3237
IMG000752.jpeg,1,data\raw\images\IMG000752.jpeg,data\raw\Annotations\IMG000752.json,data\processed\masks\IMG000752.png,1625,2355,2,1,1,False,4038
IMG000753.jpeg,1,data\raw\images\IMG000753.jpeg,data\raw\Annotations\IMG000753.json,data\processed\masks\IMG000753.png,1927,3032,2,1,1,False,2395
IMG000754.jpeg,1,data\raw\images\IMG000754.jpeg,data\raw\Annotations\IMG000754.json,data\processed\masks\IMG000754.png,2016,2052,4,2,2,False,3121
IMG000755.jpeg,1,data\raw\images\IMG000755.jpeg,data\raw\Annotations\IMG000755.json,data\processed\masks\IMG000755.png,1801,1776,4,2,2,False,4465
IMG000756.jpeg,1,data\raw\images\IMG000756.jpeg,data\raw\Annotations\IMG000756.json,data\processed\masks\IMG000756.png,1761,3408,2,1,1,False,243506
IMG000757.jpeg,1,data\raw\images\IMG000757.jpeg,data\raw\Annotations\IMG000757.json,data\processed\masks\IMG000757.png,1746,3173,2,1,1,False,182886
IMG000758.jpeg,1,data\raw\images\IMG000758.jpeg,data\raw\Annotations\IMG000758.json,data\processed\masks\IMG000758.png,3056,2544,2,1,1,False,118636
IMG000759.jpeg,1,data\raw\images\IMG000759.jpeg,data\raw\Annotations\IMG000759.json,data\processed\masks\IMG000759.png,2544,3056,4,2,2,False,187339
IMG000760.jpeg,1,data\raw\images\IMG000760.jpeg,data\raw\Annotations\IMG000760.json,data\processed\masks\IMG000760.png,1122,999,2,1,1,False,1435
IMG000761.jpeg,1,data\raw\images\IMG000761.jpeg,data\raw\Annotations\IMG000761.json,data\processed\masks\IMG000761.png,712,1118,2,1,1,False,992
IMG000762.jpeg,1,data\raw\images\IMG000762.jpeg,data\raw\Annotations\IMG000762.json,data\processed\masks\IMG000762.png,609,950,2,1,1,False,280
IMG000763.jpeg,1,data\raw\images\IMG000763.jpeg,data\raw\Annotations\IMG000763.json,data\processed\masks\IMG000763.png,677,1228,2,1,1,False,1136
IMG000764.jpeg,1,data\raw\images\IMG000764.jpeg,data\raw\Annotations\IMG000764.json,data\processed\masks\IMG000764.png,1354,2021,2,1,1,False,1863
IMG000765.jpeg,1,data\raw\images\IMG000765.jpeg,data\raw\Annotations\IMG000765.json,data\processed\masks\IMG000765.png,2800,2988,4,2,2,False,17250
IMG000766.jpeg,1,data\raw\images\IMG000766.jpeg,data\raw\Annotations\IMG000766.json,data\processed\masks\IMG000766.png,2112,3008,2,1,1,False,5224
IMG000767.jpeg,1,data\raw\images\IMG000767.jpeg,data\raw\Annotations\IMG000767.json,data\processed\masks\IMG000767.png,2080,2992,2,1,1,False,17316
IMG000768.jpeg,1,data\raw\images\IMG000768.jpeg,data\raw\Annotations\IMG000768.json,data\processed\masks\IMG000768.png,1131,949,4,2,2,False,2393
IMG000769.jpeg,1,data\raw\images\IMG000769.jpeg,data\raw\Annotations\IMG000769.json,data\processed\masks\IMG000769.png,1854,2677,2,1,1,False,2289
IMG000770.jpeg,1,data\raw\images\IMG000770.jpeg,data\raw\Annotations\IMG000770.json,data\processed\masks\IMG000770.png,611,1036,2,1,1,False,639
IMG000771.jpeg,1,data\raw\images\IMG000771.jpeg,data\raw\Annotations\IMG000771.json,data\processed\masks\IMG000771.png,1221,1920,2,1,1,False,1962
IMG000772.jpeg,1,data\raw\images\IMG000772.jpeg,data\raw\Annotations\IMG000772.json,data\processed\masks\IMG000772.png,1376,1872,2,1,1,False,2065
IMG000773.jpeg,1,data\raw\images\IMG000773.jpeg,data\raw\Annotations\IMG000773.json,data\processed\masks\IMG000773.png,1594,1295,2,1,1,False,1172
IMG000774.jpeg,1,data\raw\images\IMG000774.jpeg,data\raw\Annotations\IMG000774.json,data\processed\masks\IMG000774.png,1174,2052,2,1,1,False,26577
IMG000775.jpeg,1,data\raw\images\IMG000775.jpeg,data\raw\Annotations\IMG000775.json,data\processed\masks\IMG000775.png,1480,1777,2,1,1,False,26553
IMG000776.jpeg,1,data\raw\images\IMG000776.jpeg,data\raw\Annotations\IMG000776.json,data\processed\masks\IMG000776.png,1326,3096,2,1,1,False,25947
IMG000777.jpeg,1,data\raw\images\IMG000777.jpeg,data\raw\Annotations\IMG000777.json,data\processed\masks\IMG000777.png,1224,3408,4,2,2,False,167895
IMG000778.jpeg,1,data\raw\images\IMG000778.jpeg,data\raw\Annotations\IMG000778.json,data\processed\masks\IMG000778.png,1644,3408,4,2,2,False,178682
IMG000779.jpeg,1,data\raw\images\IMG000779.jpeg,data\raw\Annotations\IMG000779.json,data\processed\masks\IMG000779.png,1301,3139,4,2,2,False,225994
IMG000780.jpeg,1,data\raw\images\IMG000780.jpeg,data\raw\Annotations\IMG000780.json,data\processed\masks\IMG000780.png,2800,2583,2,1,1,False,2935
IMG000781.jpeg,1,data\raw\images\IMG000781.jpeg,data\raw\Annotations\IMG000781.json,data\processed\masks\IMG000781.png,784,770,2,1,1,False,20218
IMG000782.jpeg,1,data\raw\images\IMG000782.jpeg,data\raw\Annotations\IMG000782.json,data\processed\masks\IMG000782.png,672,769,2,1,1,False,27890
IMG000783.jpeg,1,data\raw\images\IMG000783.jpeg,data\raw\Annotations\IMG000783.json,data\processed\masks\IMG000783.png,715,774,2,1,1,False,388
IMG000784.jpeg,1,data\raw\images\IMG000784.jpeg,data\raw\Annotations\IMG000784.json,data\processed\masks\IMG000784.png,525,773,2,1,1,False,611
IMG000785.jpeg,1,data\raw\images\IMG000785.jpeg,data\raw\Annotations\IMG000785.json,data\processed\masks\IMG000785.png,715,765,2,1,1,False,18445
IMG000786.jpeg,1,data\raw\images\IMG000786.jpeg,data\raw\Annotations\IMG000786.json,data\processed\masks\IMG000786.png,835,769,2,1,1,False,38189
IMG000787.jpeg,1,data\raw\images\IMG000787.jpeg,data\raw\Annotations\IMG000787.json,data\processed\masks\IMG000787.png,1058,780,2,1,1,False,13480
IMG000788.jpeg,1,data\raw\images\IMG000788.jpeg,data\raw\Annotations\IMG000788.json,data\processed\masks\IMG000788.png,829,769,2,1,1,False,13807
IMG000789.jpeg,1,data\raw\images\IMG000789.jpeg,data\raw\Annotations\IMG000789.json,data\processed\masks\IMG000789.png,899,768,2,1,1,False,19005
IMG000790.jpeg,1,data\raw\images\IMG000790.jpeg,data\raw\Annotations\IMG000790.json,data\processed\masks\IMG000790.png,490,767,2,1,1,False,1639
IMG000791.jpeg,1,data\raw\images\IMG000791.jpeg,data\raw\Annotations\IMG000791.json,data\processed\masks\IMG000791.png,656,768,2,1,1,False,5040
IMG000792.jpeg,1,data\raw\images\IMG000792.jpeg,data\raw\Annotations\IMG000792.json,data\processed\masks\IMG000792.png,676,769,2,1,1,False,7757
IMG000793.jpeg,1,data\raw\images\IMG000793.jpeg,data\raw\Annotations\IMG000793.json,data\processed\masks\IMG000793.png,567,770,2,1,1,False,11294
IMG000794.jpeg,1,data\raw\images\IMG000794.jpeg,data\raw\Annotations\IMG000794.json,data\processed\masks\IMG000794.png,608,767,2,1,1,False,5123
IMG000795.jpeg,1,data\raw\images\IMG000795.jpeg,data\raw\Annotations\IMG000795.json,data\processed\masks\IMG000795.png,1088,770,2,1,1,False,14984
IMG000796.jpeg,1,data\raw\images\IMG000796.jpeg,data\raw\Annotations\IMG000796.json,data\processed\masks\IMG000796.png,674,768,2,1,1,False,1193
IMG000797.jpeg,1,data\raw\images\IMG000797.jpeg,data\raw\Annotations\IMG000797.json,data\processed\masks\IMG000797.png,672,758,2,1,1,False,1305
IMG000798.jpeg,1,data\raw\images\IMG000798.jpeg,data\raw\Annotations\IMG000798.json,data\processed\masks\IMG000798.png,668,771,4,2,2,False,2295
IMG000799.jpeg,1,data\raw\images\IMG000799.jpeg,data\raw\Annotations\IMG000799.json,data\processed\masks\IMG000799.png,680,771,2,1,1,False,5066
IMG000800.jpeg,1,data\raw\images\IMG000800.jpeg,data\raw\Annotations\IMG000800.json,data\processed\masks\IMG000800.png,516,689,2,1,1,False,2196
IMG000801.jpeg,1,data\raw\images\IMG000801.jpeg,data\raw\Annotations\IMG000801.json,data\processed\masks\IMG000801.png,431,692,2,1,1,False,1144
IMG000802.jpeg,1,data\raw\images\IMG000802.jpeg,data\raw\Annotations\IMG000802.json,data\processed\masks\IMG000802.png,739,771,2,1,1,False,13493
IMG000803.jpeg,1,data\raw\images\IMG000803.jpeg,data\raw\Annotations\IMG000803.json,data\processed\masks\IMG000803.png,685,770,2,1,1,False,14785
IMG000804.jpeg,1,data\raw\images\IMG000804.jpeg,data\raw\Annotations\IMG000804.json,data\processed\masks\IMG000804.png,568,766,2,1,1,False,35402
IMG000805.jpeg,1,data\raw\images\IMG000805.jpeg,data\raw\Annotations\IMG000805.json,data\processed\masks\IMG000805.png,538,766,2,1,1,False,25006
IMG000806.jpeg,1,data\raw\images\IMG000806.jpeg,data\raw\Annotations\IMG000806.json,data\processed\masks\IMG000806.png,775,772,4,2,2,False,30464
IMG000807.jpeg,1,data\raw\images\IMG000807.jpeg,data\raw\Annotations\IMG000807.json,data\processed\masks\IMG000807.png,692,766,2,1,1,False,10929
IMG000808.jpeg,1,data\raw\images\IMG000808.jpeg,data\raw\Annotations\IMG000808.json,data\processed\masks\IMG000808.png,670,771,2,1,1,False,9648
IMG000809.jpeg,1,data\raw\images\IMG000809.jpeg,data\raw\Annotations\IMG000809.json,data\processed\masks\IMG000809.png,413,767,2,1,1,False,2873
IMG000810.jpeg,1,data\raw\images\IMG000810.jpeg,data\raw\Annotations\IMG000810.json,data\processed\masks\IMG000810.png,569,773,2,1,1,False,3626
IMG000811.jpeg,1,data\raw\images\IMG000811.jpeg,data\raw\Annotations\IMG000811.json,data\processed\masks\IMG000811.png,535,770,2,1,1,False,9413
IMG000812.jpeg,1,data\raw\images\IMG000812.jpeg,data\raw\Annotations\IMG000812.json,data\processed\masks\IMG000812.png,652,772,2,1,1,False,12128
IMG000813.jpeg,1,data\raw\images\IMG000813.jpeg,data\raw\Annotations\IMG000813.json,data\processed\masks\IMG000813.png,601,768,2,1,1,False,9194
IMG000814.jpeg,1,data\raw\images\IMG000814.jpeg,data\raw\Annotations\IMG000814.json,data\processed\masks\IMG000814.png,568,763,2,1,1,False,1323
IMG000815.jpeg,1,data\raw\images\IMG000815.jpeg,data\raw\Annotations\IMG000815.json,data\processed\masks\IMG000815.png,631,768,2,1,1,False,1956
IMG000816.jpeg,1,data\raw\images\IMG000816.jpeg,data\raw\Annotations\IMG000816.json,data\processed\masks\IMG000816.png,706,767,4,2,2,False,24770
IMG000817.jpeg,1,data\raw\images\IMG000817.jpeg,data\raw\Annotations\IMG000817.json,data\processed\masks\IMG000817.png,463,768,4,2,2,False,27648
IMG000818.jpeg,1,data\raw\images\IMG000818.jpeg,data\raw\Annotations\IMG000818.json,data\processed\masks\IMG000818.png,864,769,10,5,5,False,56039
IMG000819.jpeg,1,data\raw\images\IMG000819.jpeg,data\raw\Annotations\IMG000819.json,data\processed\masks\IMG000819.png,554,772,2,1,1,False,3166
IMG000820.jpeg,1,data\raw\images\IMG000820.jpeg,data\raw\Annotations\IMG000820.json,data\processed\masks\IMG000820.png,611,771,2,1,1,False,6956
IMG000821.jpeg,1,data\raw\images\IMG000821.jpeg,data\raw\Annotations\IMG000821.json,data\processed\masks\IMG000821.png,514,741,2,1,1,False,930
IMG000822.jpeg,1,data\raw\images\IMG000822.jpeg,data\raw\Annotations\IMG000822.json,data\processed\masks\IMG000822.png,540,774,2,1,1,False,4335
IMG000823.jpeg,1,data\raw\images\IMG000823.jpeg,data\raw\Annotations\IMG000823.json,data\processed\masks\IMG000823.png,650,767,2,1,1,False,3844
IMG000824.jpeg,1,data\raw\images\IMG000824.jpeg,data\raw\Annotations\IMG000824.json,data\processed\masks\IMG000824.png,677,769,2,1,1,False,444
IMG000825.jpeg,1,data\raw\images\IMG000825.jpeg,data\raw\Annotations\IMG000825.json,data\processed\masks\IMG000825.png,648,768,2,1,1,False,833
IMG000826.jpeg,1,data\raw\images\IMG000826.jpeg,data\raw\Annotations\IMG000826.json,data\processed\masks\IMG000826.png,703,757,2,1,1,False,1131
IMG000827.jpeg,1,data\raw\images\IMG000827.jpeg,data\raw\Annotations\IMG000827.json,data\processed\masks\IMG000827.png,724,769,2,1,1,False,1909
IMG000828.jpeg,1,data\raw\images\IMG000828.jpeg,data\raw\Annotations\IMG000828.json,data\processed\masks\IMG000828.png,903,773,2,1,1,False,5549
IMG000829.jpeg,1,data\raw\images\IMG000829.jpeg,data\raw\Annotations\IMG000829.json,data\processed\masks\IMG000829.png,669,770,2,1,1,False,4292
IMG000830.jpeg,1,data\raw\images\IMG000830.jpeg,data\raw\Annotations\IMG000830.json,data\processed\masks\IMG000830.png,688,771,2,1,1,False,5273
IMG000831.jpeg,1,data\raw\images\IMG000831.jpeg,data\raw\Annotations\IMG000831.json,data\processed\masks\IMG000831.png,702,769,2,1,1,False,6411
IMG000832.jpeg,1,data\raw\images\IMG000832.jpeg,data\raw\Annotations\IMG000832.json,data\processed\masks\IMG000832.png,576,768,2,1,1,False,3700
IMG000833.jpeg,1,data\raw\images\IMG000833.jpeg,data\raw\Annotations\IMG000833.json,data\processed\masks\IMG000833.png,608,767,2,1,1,False,10259
IMG000834.jpeg,1,data\raw\images\IMG000834.jpeg,data\raw\Annotations\IMG000834.json,data\processed\masks\IMG000834.png,583,768,2,1,1,False,11854
IMG000835.jpeg,1,data\raw\images\IMG000835.jpeg,data\raw\Annotations\IMG000835.json,data\processed\masks\IMG000835.png,758,690,2,1,1,False,8148
IMG000836.jpeg,1,data\raw\images\IMG000836.jpeg,data\raw\Annotations\IMG000836.json,data\processed\masks\IMG000836.png,976,2020,2,1,1,False,9538
IMG000837.jpeg,1,data\raw\images\IMG000837.jpeg,data\raw\Annotations\IMG000837.json,data\processed\masks\IMG000837.png,956,1929,2,1,1,False,11086
IMG000838.jpeg,1,data\raw\images\IMG000838.jpeg,data\raw\Annotations\IMG000838.json,data\processed\masks\IMG000838.png,2860,2305,2,1,1,False,8404
IMG000839.jpeg,1,data\raw\images\IMG000839.jpeg,data\raw\Annotations\IMG000839.json,data\processed\masks\IMG000839.png,1344,2706,2,1,1,False,83191
IMG000840.jpeg,1,data\raw\images\IMG000840.jpeg,data\raw\Annotations\IMG000840.json,data\processed\masks\IMG000840.png,2306,2941,2,1,1,False,108809
IMG000841.jpeg,1,data\raw\images\IMG000841.jpeg,data\raw\Annotations\IMG000841.json,data\processed\masks\IMG000841.png,958,1272,2,1,1,False,5013
IMG000842.jpeg,1,data\raw\images\IMG000842.jpeg,data\raw\Annotations\IMG000842.json,data\processed\masks\IMG000842.png,1129,1305,2,1,1,False,6667
IMG000843.jpeg,1,data\raw\images\IMG000843.jpeg,data\raw\Annotations\IMG000843.json,data\processed\masks\IMG000843.png,1533,1534,2,1,1,False,6594
IMG000844.jpeg,1,data\raw\images\IMG000844.jpeg,data\raw\Annotations\IMG000844.json,data\processed\masks\IMG000844.png,2850,1953,2,1,1,False,76340
IMG000845.jpeg,1,data\raw\images\IMG000845.jpeg,data\raw\Annotations\IMG000845.json,data\processed\masks\IMG000845.png,1632,2939,2,1,1,False,56166
IMG000846.jpeg,1,data\raw\images\IMG000846.jpeg,data\raw\Annotations\IMG000846.json,data\processed\masks\IMG000846.png,1610,2301,2,1,1,False,22481
IMG000847.jpeg,1,data\raw\images\IMG000847.jpeg,data\raw\Annotations\IMG000847.json,data\processed\masks\IMG000847.png,1610,2301,2,1,1,False,17342
IMG000848.jpeg,1,data\raw\images\IMG000848.jpeg,data\raw\Annotations\IMG000848.json,data\processed\masks\IMG000848.png,1610,2301,2,1,1,False,1732
IMG000849.jpeg,1,data\raw\images\IMG000849.jpeg,data\raw\Annotations\IMG000849.json,data\processed\masks\IMG000849.png,1223,1514,2,1,1,False,1439
IMG000850.jpeg,1,data\raw\images\IMG000850.jpeg,data\raw\Annotations\IMG000850.json,data\processed\masks\IMG000850.png,1222,1513,2,1,1,False,3008
IMG000851.jpeg,1,data\raw\images\IMG000851.jpeg,data\raw\Annotations\IMG000851.json,data\processed\masks\IMG000851.png,1017,1139,2,1,1,False,788
IMG000852.jpeg,1,data\raw\images\IMG000852.jpeg,data\raw\Annotations\IMG000852.json,data\processed\masks\IMG000852.png,1358,1683,2,1,1,False,140
IMG000853.jpeg,1,data\raw\images\IMG000853.jpeg,data\raw\Annotations\IMG000853.json,data\processed\masks\IMG000853.png,1608,2303,2,1,1,False,2539
IMG000854.jpeg,1,data\raw\images\IMG000854.jpeg,data\raw\Annotations\IMG000854.json,data\processed\masks\IMG000854.png,1608,2303,2,1,1,False,2627
IMG000855.jpeg,1,data\raw\images\IMG000855.jpeg,data\raw\Annotations\IMG000855.json,data\processed\masks\IMG000855.png,1608,2303,2,1,1,False,5631
IMG000856.jpeg,1,data\raw\images\IMG000856.jpeg,data\raw\Annotations\IMG000856.json,data\processed\masks\IMG000856.png,1848,1848,2,1,1,False,986
IMG000857.jpeg,1,data\raw\images\IMG000857.jpeg,data\raw\Annotations\IMG000857.json,data\processed\masks\IMG000857.png,1654,1654,2,1,1,False,14295
IMG000858.jpeg,1,data\raw\images\IMG000858.jpeg,data\raw\Annotations\IMG000858.json,data\processed\masks\IMG000858.png,1606,2301,2,1,1,False,4026
IMG000859.jpeg,1,data\raw\images\IMG000859.jpeg,data\raw\Annotations\IMG000859.json,data\processed\masks\IMG000859.png,1606,2301,2,1,1,False,5077
IMG000860.jpeg,1,data\raw\images\IMG000860.jpeg,data\raw\Annotations\IMG000860.json,data\processed\masks\IMG000860.png,1610,2859,2,1,1,False,3795
IMG000861.jpeg,1,data\raw\images\IMG000861.jpeg,data\raw\Annotations\IMG000861.json,data\processed\masks\IMG000861.png,2320,2461,6,3,3,False,18409
IMG000862.jpeg,1,data\raw\images\IMG000862.jpeg,data\raw\Annotations\IMG000862.json,data\processed\masks\IMG000862.png,2940,2303,2,1,1,False,121928
IMG000863.jpeg,1,data\raw\images\IMG000863.jpeg,data\raw\Annotations\IMG000863.json,data\processed\masks\IMG000863.png,1502,2941,2,1,1,False,1144
IMG000864.jpeg,1,data\raw\images\IMG000864.jpeg,data\raw\Annotations\IMG000864.json,data\processed\masks\IMG000864.png,2360,2360,2,1,1,False,6492
IMG000865.jpeg,1,data\raw\images\IMG000865.jpeg,data\raw\Annotations\IMG000865.json,data\processed\masks\IMG000865.png,2322,2322,2,1,1,False,4377
IMG000866.jpeg,1,data\raw\images\IMG000866.jpeg,data\raw\Annotations\IMG000866.json,data\processed\masks\IMG000866.png,2770,1976,2,1,1,False,6030
IMG000867.jpeg,1,data\raw\images\IMG000867.jpeg,data\raw\Annotations\IMG000867.json,data\processed\masks\IMG000867.png,1826,1797,2,1,1,False,1825
IMG000868.jpeg,1,data\raw\images\IMG000868.jpeg,data\raw\Annotations\IMG000868.json,data\processed\masks\IMG000868.png,1427,1396,4,2,2,False,2403
IMG000869.jpeg,1,data\raw\images\IMG000869.jpeg,data\raw\Annotations\IMG000869.json,data\processed\masks\IMG000869.png,1359,1399,2,1,1,False,4865
IMG000870.jpeg,1,data\raw\images\IMG000870.jpeg,data\raw\Annotations\IMG000870.json,data\processed\masks\IMG000870.png,1608,2301,2,1,1,False,1307
IMG000871.jpeg,1,data\raw\images\IMG000871.jpeg,data\raw\Annotations\IMG000871.json,data\processed\masks\IMG000871.png,1608,2301,2,1,1,False,1261
IMG000872.jpeg,1,data\raw\images\IMG000872.jpeg,data\raw\Annotations\IMG000872.json,data\processed\masks\IMG000872.png,2040,2939,2,1,1,False,16866
IMG000873.jpeg,1,data\raw\images\IMG000873.jpeg,data\raw\Annotations\IMG000873.json,data\processed\masks\IMG000873.png,2040,2939,2,1,1,False,18894
IMG000874.jpeg,1,data\raw\images\IMG000874.jpeg,data\raw\Annotations\IMG000874.json,data\processed\masks\IMG000874.png,2306,2939,2,1,1,False,17232
IMG000875.jpeg,1,data\raw\images\IMG000875.jpeg,data\raw\Annotations\IMG000875.json,data\processed\masks\IMG000875.png,1344,1376,2,1,1,False,694
IMG000876.jpeg,1,data\raw\images\IMG000876.jpeg,data\raw\Annotations\IMG000876.json,data\processed\masks\IMG000876.png,1398,2316,2,1,1,False,3134
IMG000877.jpeg,1,data\raw\images\IMG000877.jpeg,data\raw\Annotations\IMG000877.json,data\processed\masks\IMG000877.png,1616,1888,4,2,2,False,851
IMG000878.jpeg,1,data\raw\images\IMG000878.jpeg,data\raw\Annotations\IMG000878.json,data\processed\masks\IMG000878.png,1332,2859,2,1,1,False,15190
IMG000879.jpeg,1,data\raw\images\IMG000879.jpeg,data\raw\Annotations\IMG000879.json,data\processed\masks\IMG000879.png,1332,2859,2,1,1,False,25578
IMG000880.jpeg,1,data\raw\images\IMG000880.jpeg,data\raw\Annotations\IMG000880.json,data\processed\masks\IMG000880.png,1472,1887,2,1,1,False,455692
IMG000881.jpeg,1,data\raw\images\IMG000881.jpeg,data\raw\Annotations\IMG000881.json,data\processed\masks\IMG000881.png,1608,2301,2,1,1,False,6450
IMG000882.jpeg,1,data\raw\images\IMG000882.jpeg,data\raw\Annotations\IMG000882.json,data\processed\masks\IMG000882.png,1250,2061,2,1,1,False,12791
IMG000883.jpeg,1,data\raw\images\IMG000883.jpeg,data\raw\Annotations\IMG000883.json,data\processed\masks\IMG000883.png,1890,1947,2,1,1,False,18714
IMG000884.jpeg,1,data\raw\images\IMG000884.jpeg,data\raw\Annotations\IMG000884.json,data\processed\masks\IMG000884.png,2186,2941,2,1,1,False,18089
IMG000885.jpeg,1,data\raw\images\IMG000885.jpeg,data\raw\Annotations\IMG000885.json,data\processed\masks\IMG000885.png,1790,2941,2,1,1,False,18264
IMG000886.jpeg,1,data\raw\images\IMG000886.jpeg,data\raw\Annotations\IMG000886.json,data\processed\masks\IMG000886.png,1614,2309,2,1,1,False,5861
IMG000887.jpeg,1,data\raw\images\IMG000887.jpeg,data\raw\Annotations\IMG000887.json,data\processed\masks\IMG000887.png,1614,2309,2,1,1,False,4204
IMG000888.jpeg,1,data\raw\images\IMG000888.jpeg,data\raw\Annotations\IMG000888.json,data\processed\masks\IMG000888.png,2898,2898,2,1,1,False,1690
IMG000889.jpeg,1,data\raw\images\IMG000889.jpeg,data\raw\Annotations\IMG000889.json,data\processed\masks\IMG000889.png,2161,1514,2,1,1,False,11965
IMG000890.jpeg,1,data\raw\images\IMG000890.jpeg,data\raw\Annotations\IMG000890.json,data\processed\masks\IMG000890.png,1610,2303,2,1,1,False,2736
IMG000891.jpeg,1,data\raw\images\IMG000891.jpeg,data\raw\Annotations\IMG000891.json,data\processed\masks\IMG000891.png,1402,1685,2,1,1,False,7442
IMG000892.jpeg,1,data\raw\images\IMG000892.jpeg,data\raw\Annotations\IMG000892.json,data\processed\masks\IMG000892.png,1728,1816,2,1,1,False,2913
IMG000893.jpeg,1,data\raw\images\IMG000893.jpeg,data\raw\Annotations\IMG000893.json,data\processed\masks\IMG000893.png,2002,2002,2,1,1,False,1625
IMG000894.jpeg,1,data\raw\images\IMG000894.jpeg,data\raw\Annotations\IMG000894.json,data\processed\masks\IMG000894.png,2020,2020,2,1,1,False,2562
IMG000895.jpeg,1,data\raw\images\IMG000895.jpeg,data\raw\Annotations\IMG000895.json,data\processed\masks\IMG000895.png,1960,1518,4,2,2,False,1462
IMG000896.jpeg,1,data\raw\images\IMG000896.jpeg,data\raw\Annotations\IMG000896.json,data\processed\masks\IMG000896.png,1360,1284,2,1,1,False,10350
IMG000897.jpeg,1,data\raw\images\IMG000897.jpeg,data\raw\Annotations\IMG000897.json,data\processed\masks\IMG000897.png,1601,1629,2,1,1,False,5607
IMG000898.jpeg,1,data\raw\images\IMG000898.jpeg,data\raw\Annotations\IMG000898.json,data\processed\masks\IMG000898.png,2169,1503,2,1,1,False,5038
IMG000899.jpeg,1,data\raw\images\IMG000899.jpeg,data\raw\Annotations\IMG000899.json,data\processed\masks\IMG000899.png,767,825,2,1,1,False,4593
IMG000900.jpeg,1,data\raw\images\IMG000900.jpeg,data\raw\Annotations\IMG000900.json,data\processed\masks\IMG000900.png,1504,2944,2,1,1,False,20543
IMG000901.jpeg,1,data\raw\images\IMG000901.jpeg,data\raw\Annotations\IMG000901.json,data\processed\masks\IMG000901.png,1376,2046,2,1,1,False,830
IMG000902.jpeg,1,data\raw\images\IMG000902.jpeg,data\raw\Annotations\IMG000902.json,data\processed\masks\IMG000902.png,1310,1733,2,1,1,False,1488
IMG000903.jpeg,1,data\raw\images\IMG000903.jpeg,data\raw\Annotations\IMG000903.json,data\processed\masks\IMG000903.png,1608,2305,2,1,1,False,2458
IMG000904.jpeg,1,data\raw\images\IMG000904.jpeg,data\raw\Annotations\IMG000904.json,data\processed\masks\IMG000904.png,1608,2305,2,1,1,False,1564
IMG000905.jpeg,1,data\raw\images\IMG000905.jpeg,data\raw\Annotations\IMG000905.json,data\processed\masks\IMG000905.png,1302,2321,2,1,1,False,6081
IMG000906.jpeg,1,data\raw\images\IMG000906.jpeg,data\raw\Annotations\IMG000906.json,data\processed\masks\IMG000906.png,1330,2943,2,1,1,False,5252
IMG000907.jpeg,1,data\raw\images\IMG000907.jpeg,data\raw\Annotations\IMG000907.json,data\processed\masks\IMG000907.png,1330,2943,2,1,1,False,3964
IMG000908.jpeg,1,data\raw\images\IMG000908.jpeg,data\raw\Annotations\IMG000908.json,data\processed\masks\IMG000908.png,1330,2857,2,1,1,False,10032
IMG000909.jpeg,1,data\raw\images\IMG000909.jpeg,data\raw\Annotations\IMG000909.json,data\processed\masks\IMG000909.png,1419,2054,2,1,1,False,406
IMG000910.jpeg,1,data\raw\images\IMG000910.jpeg,data\raw\Annotations\IMG000910.json,data\processed\masks\IMG000910.png,1608,2303,2,1,1,False,1261
IMG000911.jpeg,1,data\raw\images\IMG000911.jpeg,data\raw\Annotations\IMG000911.json,data\processed\masks\IMG000911.png,1608,2303,2,1,1,False,2710
IMG000912.jpeg,1,data\raw\images\IMG000912.jpeg,data\raw\Annotations\IMG000912.json,data\processed\masks\IMG000912.png,1744,2303,2,1,1,False,4249
IMG000913.jpeg,1,data\raw\images\IMG000913.jpeg,data\raw\Annotations\IMG000913.json,data\processed\masks\IMG000913.png,1608,2305,8,4,4,False,147515
IMG000914.jpeg,1,data\raw\images\IMG000914.jpeg,data\raw\Annotations\IMG000914.json,data\processed\masks\IMG000914.png,1608,2305,6,3,3,False,165492
IMG000915.jpeg,1,data\raw\images\IMG000915.jpeg,data\raw\Annotations\IMG000915.json,data\processed\masks\IMG000915.png,1608,2305,6,3,3,False,186275
IMG000916.jpeg,1,data\raw\images\IMG000916.jpeg,data\raw\Annotations\IMG000916.json,data\processed\masks\IMG000916.png,1608,2305,6,3,3,False,143681
IMG000917.jpeg,1,data\raw\images\IMG000917.jpeg,data\raw\Annotations\IMG000917.json,data\processed\masks\IMG000917.png,1472,2023,2,1,1,False,611
IMG000918.jpeg,1,data\raw\images\IMG000918.jpeg,data\raw\Annotations\IMG000918.json,data\processed\masks\IMG000918.png,2552,2552,4,2,2,False,3346
IMG000919.jpeg,1,data\raw\images\IMG000919.jpeg,data\raw\Annotations\IMG000919.json,data\processed\masks\IMG000919.png,2318,1709,2,1,1,False,791
IMG000920.jpeg,1,data\raw\images\IMG000920.jpeg,data\raw\Annotations\IMG000920.json,data\processed\masks\IMG000920.png,1328,2943,2,1,1,False,1033
IMG000921.jpeg,1,data\raw\images\IMG000921.jpeg,data\raw\Annotations\IMG000921.json,data\processed\masks\IMG000921.png,1328,2943,2,1,1,False,1323
IMG000922.jpeg,1,data\raw\images\IMG000922.jpeg,data\raw\Annotations\IMG000922.json,data\processed\masks\IMG000922.png,1792,1482,2,1,1,False,401
IMG000923.jpeg,1,data\raw\images\IMG000923.jpeg,data\raw\Annotations\IMG000923.json,data\processed\masks\IMG000923.png,1608,2303,2,1,1,False,827
IMG000924.jpeg,1,data\raw\images\IMG000924.jpeg,data\raw\Annotations\IMG000924.json,data\processed\masks\IMG000924.png,2940,2303,2,1,1,False,1154
IMG000925.jpeg,1,data\raw\images\IMG000925.jpeg,data\raw\Annotations\IMG000925.json,data\processed\masks\IMG000925.png,2021,2021,2,1,1,False,37702
IMG000926.jpeg,1,data\raw\images\IMG000926.jpeg,data\raw\Annotations\IMG000926.json,data\processed\masks\IMG000926.png,1175,2021,2,1,1,False,3257
IMG000927.jpeg,1,data\raw\images\IMG000927.jpeg,data\raw\Annotations\IMG000927.json,data\processed\masks\IMG000927.png,1343,2021,2,1,1,False,10020
IMG000928.jpeg,1,data\raw\images\IMG000928.jpeg,data\raw\Annotations\IMG000928.json,data\processed\masks\IMG000928.png,1586,2171,2,1,1,False,2959
IMG000929.jpeg,1,data\raw\images\IMG000929.jpeg,data\raw\Annotations\IMG000929.json,data\processed\masks\IMG000929.png,1600,2303,2,1,1,False,540
IMG000930.jpeg,1,data\raw\images\IMG000930.jpeg,data\raw\Annotations\IMG000930.json,data\processed\masks\IMG000930.png,2300,2300,2,1,1,False,8955
IMG000931.jpeg,1,data\raw\images\IMG000931.jpeg,data\raw\Annotations\IMG000931.json,data\processed\masks\IMG000931.png,2846,2846,2,1,1,False,1514
IMG000932.jpeg,1,data\raw\images\IMG000932.jpeg,data\raw\Annotations\IMG000932.json,data\processed\masks\IMG000932.png,1610,2301,2,1,1,False,839
IMG000933.jpeg,1,data\raw\images\IMG000933.jpeg,data\raw\Annotations\IMG000933.json,data\processed\masks\IMG000933.png,2021,1263,2,1,1,False,2186
IMG000934.jpeg,1,data\raw\images\IMG000934.jpeg,data\raw\Annotations\IMG000934.json,data\processed\masks\IMG000934.png,1874,1961,2,1,1,False,5857
IMG000935.jpeg,1,data\raw\images\IMG000935.jpeg,data\raw\Annotations\IMG000935.json,data\processed\masks\IMG000935.png,2946,2946,2,1,1,False,5874
IMG000936.jpeg,1,data\raw\images\IMG000936.jpeg,data\raw\Annotations\IMG000936.json,data\processed\masks\IMG000936.png,2940,2301,18,9,9,False,131214
IMG000937.jpeg,1,data\raw\images\IMG000937.jpeg,data\raw\Annotations\IMG000937.json,data\processed\masks\IMG000937.png,1548,1981,4,2,2,False,75040
IMG000938.jpeg,1,data\raw\images\IMG000938.jpeg,data\raw\Annotations\IMG000938.json,data\processed\masks\IMG000938.png,1548,1981,4,2,2,False,107571
IMG000939.jpeg,1,data\raw\images\IMG000939.jpeg,data\raw\Annotations\IMG000939.json,data\processed\masks\IMG000939.png,1584,1855,2,1,1,False,15607
IMG000940.jpeg,1,data\raw\images\IMG000940.jpeg,data\raw\Annotations\IMG000940.json,data\processed\masks\IMG000940.png,1584,1855,2,1,1,False,9142
IMG000941.jpeg,1,data\raw\images\IMG000941.jpeg,data\raw\Annotations\IMG000941.json,data\processed\masks\IMG000941.png,896,1604,2,1,1,False,31034
IMG000942.jpeg,1,data\raw\images\IMG000942.jpeg,data\raw\Annotations\IMG000942.json,data\processed\masks\IMG000942.png,864,1515,4,2,2,False,25350
IMG000943.jpeg,1,data\raw\images\IMG000943.jpeg,data\raw\Annotations\IMG000943.json,data\processed\masks\IMG000943.png,1824,1824,6,3,3,False,32269
IMG000944.jpeg,1,data\raw\images\IMG000944.jpeg,data\raw\Annotations\IMG000944.json,data\processed\masks\IMG000944.png,2122,2122,8,4,4,False,21122
IMG000945.jpeg,1,data\raw\images\IMG000945.jpeg,data\raw\Annotations\IMG000945.json,data\processed\masks\IMG000945.png,1612,1612,6,3,3,False,22738
IMG000946.jpeg,1,data\raw\images\IMG000946.jpeg,data\raw\Annotations\IMG000946.json,data\processed\masks\IMG000946.png,1808,1808,4,2,2,False,69252
IMG000947.jpeg,1,data\raw\images\IMG000947.jpeg,data\raw\Annotations\IMG000947.json,data\processed\masks\IMG000947.png,1332,2859,2,1,1,False,7870
IMG000948.jpeg,1,data\raw\images\IMG000948.jpeg,data\raw\Annotations\IMG000948.json,data\processed\masks\IMG000948.png,2306,2943,2,1,1,False,9159
IMG000949.jpeg,1,data\raw\images\IMG000949.jpeg,data\raw\Annotations\IMG000949.json,data\processed\masks\IMG000949.png,1671,1117,2,1,1,False,999
IMG000950.jpeg,1,data\raw\images\IMG000950.jpeg,data\raw\Annotations\IMG000950.json,data\processed\masks\IMG000950.png,2860,2303,2,1,1,False,42322
IMG000951.jpeg,1,data\raw\images\IMG000951.jpeg,data\raw\Annotations\IMG000951.json,data\processed\masks\IMG000951.png,2148,2410,2,1,1,False,11396
IMG000952.jpeg,1,data\raw\images\IMG000952.jpeg,data\raw\Annotations\IMG000952.json,data\processed\masks\IMG000952.png,1610,2301,2,1,1,False,2752
IMG000953.jpeg,1,data\raw\images\IMG000953.jpeg,data\raw\Annotations\IMG000953.json,data\processed\masks\IMG000953.png,2512,2512,2,1,1,False,3254
IMG000954.jpeg,1,data\raw\images\IMG000954.jpeg,data\raw\Annotations\IMG000954.json,data\processed\masks\IMG000954.png,2300,2300,2,1,1,False,2801
IMG000955.jpeg,1,data\raw\images\IMG000955.jpeg,data\raw\Annotations\IMG000955.json,data\processed\masks\IMG000955.png,2292,2292,2,1,1,False,5556
IMG000956.jpeg,1,data\raw\images\IMG000956.jpeg,data\raw\Annotations\IMG000956.json,data\processed\masks\IMG000956.png,2056,2056,2,1,1,False,16289
IMG000957.jpeg,1,data\raw\images\IMG000957.jpeg,data\raw\Annotations\IMG000957.json,data\processed\masks\IMG000957.png,2356,2356,2,1,1,False,18760
IMG000958.jpeg,1,data\raw\images\IMG000958.jpeg,data\raw\Annotations\IMG000958.json,data\processed\masks\IMG000958.png,2982,2982,2,1,1,False,6534
IMG000959.jpeg,1,data\raw\images\IMG000959.jpeg,data\raw\Annotations\IMG000959.json,data\processed\masks\IMG000959.png,2990,2990,2,1,1,False,2602
IMG000960.jpeg,1,data\raw\images\IMG000960.jpeg,data\raw\Annotations\IMG000960.json,data\processed\masks\IMG000960.png,1046,2010,2,1,1,False,6603
IMG000961.jpeg,1,data\raw\images\IMG000961.jpeg,data\raw\Annotations\IMG000961.json,data\processed\masks\IMG000961.png,1006,1981,2,1,1,False,9752
IMG000962.jpeg,1,data\raw\images\IMG000962.jpeg,data\raw\Annotations\IMG000962.json,data\processed\masks\IMG000962.png,1979,4881,12,6,6,False,451616
IMG000963.jpeg,1,data\raw\images\IMG000963.jpeg,data\raw\Annotations\IMG000963.json,data\processed\masks\IMG000963.png,1016,2857,2,1,1,False,128692
IMG000964.jpeg,1,data\raw\images\IMG000964.jpeg,data\raw\Annotations\IMG000964.json,data\processed\masks\IMG000964.png,1062,2863,2,1,1,False,69582
IMG000965.jpeg,1,data\raw\images\IMG000965.jpeg,data\raw\Annotations\IMG000965.json,data\processed\masks\IMG000965.png,1472,2553,2,1,1,False,12170
IMG000966.jpeg,1,data\raw\images\IMG000966.jpeg,data\raw\Annotations\IMG000966.json,data\processed\masks\IMG000966.png,1168,2345,2,1,1,False,79587
IMG000967.jpeg,1,data\raw\images\IMG000967.jpeg,data\raw\Annotations\IMG000967.json,data\processed\masks\IMG000967.png,2021,1179,4,2,2,False,123874
IMG000968.jpeg,1,data\raw\images\IMG000968.jpeg,data\raw\Annotations\IMG000968.json,data\processed\masks\IMG000968.png,2021,1173,4,2,2,False,153105
IMG000969.jpeg,1,data\raw\images\IMG000969.jpeg,data\raw\Annotations\IMG000969.json,data\processed\masks\IMG000969.png,2021,1168,10,5,5,False,334548
IMG000970.jpeg,1,data\raw\images\IMG000970.jpeg,data\raw\Annotations\IMG000970.json,data\processed\masks\IMG000970.png,2021,1167,8,4,4,False,101329
IMG000971.jpeg,1,data\raw\images\IMG000971.jpeg,data\raw\Annotations\IMG000971.json,data\processed\masks\IMG000971.png,2021,1159,2,1,1,False,7122
IMG000972.jpeg,1,data\raw\images\IMG000972.jpeg,data\raw\Annotations\IMG000972.json,data\processed\masks\IMG000972.png,1472,2857,4,2,2,False,120879
IMG000973.jpeg,1,data\raw\images\IMG000973.jpeg,data\raw\Annotations\IMG000973.json,data\processed\masks\IMG000973.png,1220,2943,2,1,1,False,3549
IMG000974.jpeg,1,data\raw\images\IMG000974.jpeg,data\raw\Annotations\IMG000974.json,data\processed\masks\IMG000974.png,2970,2970,2,1,1,False,3840
IMG000975.jpeg,1,data\raw\images\IMG000975.jpeg,data\raw\Annotations\IMG000975.json,data\processed\masks\IMG000975.png,1268,1307,2,1,1,False,210
IMG000976.jpeg,1,data\raw\images\IMG000976.jpeg,data\raw\Annotations\IMG000976.json,data\processed\masks\IMG000976.png,1273,1307,2,1,1,False,199
IMG000977.jpeg,1,data\raw\images\IMG000977.jpeg,data\raw\Annotations\IMG000977.json,data\processed\masks\IMG000977.png,2026,2023,2,1,1,False,70365
IMG000978.jpeg,1,data\raw\images\IMG000978.jpeg,data\raw\Annotations\IMG000978.json,data\processed\masks\IMG000978.png,2026,2023,2,1,1,False,60108
IMG000979.jpeg,1,data\raw\images\IMG000979.jpeg,data\raw\Annotations\IMG000979.json,data\processed\masks\IMG000979.png,2304,2649,2,1,1,False,824
IMG000980.jpeg,1,data\raw\images\IMG000980.jpeg,data\raw\Annotations\IMG000980.json,data\processed\masks\IMG000980.png,1218,2513,2,1,1,False,5206
IMG000981.jpeg,1,data\raw\images\IMG000981.jpeg,data\raw\Annotations\IMG000981.json,data\processed\masks\IMG000981.png,1472,2025,2,1,1,False,614
IMG000982.jpeg,1,data\raw\images\IMG000982.jpeg,data\raw\Annotations\IMG000982.json,data\processed\masks\IMG000982.png,2966,2966,2,1,1,False,12876
IMG000983.jpeg,1,data\raw\images\IMG000983.jpeg,data\raw\Annotations\IMG000983.json,data\processed\masks\IMG000983.png,2946,2946,2,1,1,False,11279
IMG000984.jpeg,1,data\raw\images\IMG000984.jpeg,data\raw\Annotations\IMG000984.json,data\processed\masks\IMG000984.png,2946,2946,2,1,1,False,28169
IMG000985.jpeg,1,data\raw\images\IMG000985.jpeg,data\raw\Annotations\IMG000985.json,data\processed\masks\IMG000985.png,928,1434,2,1,1,False,4735
IMG000986.jpeg,1,data\raw\images\IMG000986.jpeg,data\raw\Annotations\IMG000986.json,data\processed\masks\IMG000986.png,1608,2303,2,1,1,False,11099
IMG000987.jpeg,1,data\raw\images\IMG000987.jpeg,data\raw\Annotations\IMG000987.json,data\processed\masks\IMG000987.png,1484,2131,2,1,1,False,10041
IMG000988.jpeg,1,data\raw\images\IMG000988.jpeg,data\raw\Annotations\IMG000988.json,data\processed\masks\IMG000988.png,2302,2302,2,1,1,False,3508
IMG000989.jpeg,1,data\raw\images\IMG000989.jpeg,data\raw\Annotations\IMG000989.json,data\processed\masks\IMG000989.png,2302,2302,2,1,1,False,5394
IMG000990.jpeg,1,data\raw\images\IMG000990.jpeg,data\raw\Annotations\IMG000990.json,data\processed\masks\IMG000990.png,2324,2324,2,1,1,False,2098
IMG000991.jpeg,1,data\raw\images\IMG000991.jpeg,data\raw\Annotations\IMG000991.json,data\processed\masks\IMG000991.png,1598,2303,2,1,1,False,11782
IMG000992.jpeg,1,data\raw\images\IMG000992.jpeg,data\raw\Annotations\IMG000992.json,data\processed\masks\IMG000992.png,1598,2303,2,1,1,False,12335
IMG000993.jpeg,1,data\raw\images\IMG000993.jpeg,data\raw\Annotations\IMG000993.json,data\processed\masks\IMG000993.png,1608,2305,2,1,1,False,3633
IMG000994.jpeg,1,data\raw\images\IMG000994.jpeg,data\raw\Annotations\IMG000994.json,data\processed\masks\IMG000994.png,1608,2303,10,5,5,False,52727
IMG000995.jpeg,1,data\raw\images\IMG000995.jpeg,data\raw\Annotations\IMG000995.json,data\processed\masks\IMG000995.png,1608,2303,4,2,2,False,160502
IMG000996.jpeg,1,data\raw\images\IMG000996.jpeg,data\raw\Annotations\IMG000996.json,data\processed\masks\IMG000996.png,2304,2773,2,1,1,False,1079
IMG000997.jpeg,1,data\raw\images\IMG000997.jpeg,data\raw\Annotations\IMG000997.json,data\processed\masks\IMG000997.png,1800,2021,8,4,4,False,102593
IMG000998.jpeg,1,data\raw\images\IMG000998.jpeg,data\raw\Annotations\IMG000998.json,data\processed\masks\IMG000998.png,2021,2021,8,4,4,False,374581
IMG000999.jpeg,1,data\raw\images\IMG000999.jpeg,data\raw\Annotations\IMG000999.json,data\processed\masks\IMG000999.png,1370,2409,2,1,1,False,55626
IMG001000.jpeg,1,data\raw\images\IMG001000.jpeg,data\raw\Annotations\IMG001000.json,data\processed\masks\IMG001000.png,1508,2409,2,1,1,False,119588
IMG001001.jpeg,1,data\raw\images\IMG001001.jpeg,data\raw\Annotations\IMG001001.json,data\processed\masks\IMG001001.png,1602,2409,2,1,1,False,95764
IMG001002.jpeg,1,data\raw\images\IMG001002.jpeg,data\raw\Annotations\IMG001002.json,data\processed\masks\IMG001002.png,1053,2021,6,3,3,False,53673
IMG001003.jpeg,1,data\raw\images\IMG001003.jpeg,data\raw\Annotations\IMG001003.json,data\processed\masks\IMG001003.png,1222,1913,2,1,1,False,3767
IMG001004.jpeg,1,data\raw\images\IMG001004.jpeg,data\raw\Annotations\IMG001004.json,data\processed\masks\IMG001004.png,1222,1913,2,1,1,False,6603
IMG001005.jpeg,1,data\raw\images\IMG001005.jpeg,data\raw\Annotations\IMG001005.json,data\processed\masks\IMG001005.png,1432,2211,2,1,1,False,4605
IMG001006.jpeg,1,data\raw\images\IMG001006.jpeg,data\raw\Annotations\IMG001006.json,data\processed\masks\IMG001006.png,1432,2211,2,1,1,False,3855
IMG001007.jpeg,1,data\raw\images\IMG001007.jpeg,data\raw\Annotations\IMG001007.json,data\processed\masks\IMG001007.png,1053,2021,2,1,1,False,39549
IMG001008.jpeg,1,data\raw\images\IMG001008.jpeg,data\raw\Annotations\IMG001008.json,data\processed\masks\IMG001008.png,1785,2021,6,3,3,False,64394
IMG001009.jpeg,1,data\raw\images\IMG001009.jpeg,data\raw\Annotations\IMG001009.json,data\processed\masks\IMG001009.png,1768,2021,6,3,3,False,268303
IMG001010.jpeg,1,data\raw\images\IMG001010.jpeg,data\raw\Annotations\IMG001010.json,data\processed\masks\IMG001010.png,1776,2021,4,2,2,False,110212
IMG001011.jpeg,1,data\raw\images\IMG001011.jpeg,data\raw\Annotations\IMG001011.json,data\processed\masks\IMG001011.png,1616,1886,2,1,1,False,2850
IMG001012.jpeg,1,data\raw\images\IMG001012.jpeg,data\raw\Annotations\IMG001012.json,data\processed\masks\IMG001012.png,1616,1886,2,1,1,False,2633
IMG001013.jpeg,1,data\raw\images\IMG001013.jpeg,data\raw\Annotations\IMG001013.json,data\processed\masks\IMG001013.png,1612,2043,2,1,1,False,73454
IMG001014.jpeg,1,data\raw\images\IMG001014.jpeg,data\raw\Annotations\IMG001014.json,data\processed\masks\IMG001014.png,1634,2005,2,1,1,False,46051
IMG001015.jpeg,1,data\raw\images\IMG001015.jpeg,data\raw\Annotations\IMG001015.json,data\processed\masks\IMG001015.png,1612,2049,2,1,1,False,54008
IMG001016.jpeg,1,data\raw\images\IMG001016.jpeg,data\raw\Annotations\IMG001016.json,data\processed\masks\IMG001016.png,1608,2305,2,1,1,False,73758
IMG001017.jpeg,1,data\raw\images\IMG001017.jpeg,data\raw\Annotations\IMG001017.json,data\processed\masks\IMG001017.png,1296,1897,4,2,2,False,17058
IMG001018.jpeg,1,data\raw\images\IMG001018.jpeg,data\raw\Annotations\IMG001018.json,data\processed\masks\IMG001018.png,1244,1900,2,1,1,False,2476
IMG001019.jpeg,1,data\raw\images\IMG001019.jpeg,data\raw\Annotations\IMG001019.json,data\processed\masks\IMG001019.png,1610,2303,2,1,1,False,1270
IMG001020.jpeg,1,data\raw\images\IMG001020.jpeg,data\raw\Annotations\IMG001020.json,data\processed\masks\IMG001020.png,1344,2286,2,1,1,False,703
IMG001021.jpeg,1,data\raw\images\IMG001021.jpeg,data\raw\Annotations\IMG001021.json,data\processed\masks\IMG001021.png,1700,2647,2,1,1,False,626
IMG001022.jpeg,1,data\raw\images\IMG001022.jpeg,data\raw\Annotations\IMG001022.json,data\processed\masks\IMG001022.png,1610,2303,2,1,1,False,954
IMG001023.jpeg,1,data\raw\images\IMG001023.jpeg,data\raw\Annotations\IMG001023.json,data\processed\masks\IMG001023.png,1610,2303,2,1,1,False,3475
IMG001024.jpeg,1,data\raw\images\IMG001024.jpeg,data\raw\Annotations\IMG001024.json,data\processed\masks\IMG001024.png,2944,3425,2,1,1,False,4643
IMG001025.jpeg,1,data\raw\images\IMG001025.jpeg,data\raw\Annotations\IMG001025.json,data\processed\masks\IMG001025.png,3584,3731,2,1,1,False,6752
IMG001026.jpeg,1,data\raw\images\IMG001026.jpeg,data\raw\Annotations\IMG001026.json,data\processed\masks\IMG001026.png,1540,2259,2,1,1,False,1042
IMG001027.jpeg,1,data\raw\images\IMG001027.jpeg,data\raw\Annotations\IMG001027.json,data\processed\masks\IMG001027.png,1446,2095,2,1,1,False,11489
IMG001028.jpeg,1,data\raw\images\IMG001028.jpeg,data\raw\Annotations\IMG001028.json,data\processed\masks\IMG001028.png,1448,1826,2,1,1,False,1834
IMG001029.jpeg,1,data\raw\images\IMG001029.jpeg,data\raw\Annotations\IMG001029.json,data\processed\masks\IMG001029.png,1608,2303,2,1,1,False,848
IMG001030.jpeg,1,data\raw\images\IMG001030.jpeg,data\raw\Annotations\IMG001030.json,data\processed\masks\IMG001030.png,2021,1182,2,1,1,False,58556
IMG001031.jpeg,1,data\raw\images\IMG001031.jpeg,data\raw\Annotations\IMG001031.json,data\processed\masks\IMG001031.png,1608,2301,2,1,1,False,6891
IMG001032.jpeg,1,data\raw\images\IMG001032.jpeg,data\raw\Annotations\IMG001032.json,data\processed\masks\IMG001032.png,1608,2301,2,1,1,False,5280
IMG001033.jpeg,1,data\raw\images\IMG001033.jpeg,data\raw\Annotations\IMG001033.json,data\processed\masks\IMG001033.png,1608,2301,2,1,1,False,4409
IMG001034.jpeg,1,data\raw\images\IMG001034.jpeg,data\raw\Annotations\IMG001034.json,data\processed\masks\IMG001034.png,1714,2371,2,1,1,False,5317
IMG001035.jpeg,1,data\raw\images\IMG001035.jpeg,data\raw\Annotations\IMG001035.json,data\processed\masks\IMG001035.png,1606,2305,2,1,1,False,1493
IMG001036.jpeg,1,data\raw\images\IMG001036.jpeg,data\raw\Annotations\IMG001036.json,data\processed\masks\IMG001036.png,1606,2305,2,1,1,False,5620
IMG001037.jpeg,1,data\raw\images\IMG001037.jpeg,data\raw\Annotations\IMG001037.json,data\processed\masks\IMG001037.png,1610,2303,2,1,1,False,3754
IMG001038.jpeg,1,data\raw\images\IMG001038.jpeg,data\raw\Annotations\IMG001038.json,data\processed\masks\IMG001038.png,1610,2303,2,1,1,False,7551
IMG001039.jpeg,1,data\raw\images\IMG001039.jpeg,data\raw\Annotations\IMG001039.json,data\processed\masks\IMG001039.png,1824,2271,2,1,1,False,1150
IMG001040.jpeg,1,data\raw\images\IMG001040.jpeg,data\raw\Annotations\IMG001040.json,data\processed\masks\IMG001040.png,1610,2163,2,1,1,False,46234
IMG001041.jpeg,1,data\raw\images\IMG001041.jpeg,data\raw\Annotations\IMG001041.json,data\processed\masks\IMG001041.png,2144,1955,2,1,1,False,46002
IMG001042.jpeg,1,data\raw\images\IMG001042.jpeg,data\raw\Annotations\IMG001042.json,data\processed\masks\IMG001042.png,1264,1864,2,1,1,False,1497
IMG001043.jpeg,1,data\raw\images\IMG001043.jpeg,data\raw\Annotations\IMG001043.json,data\processed\masks\IMG001043.png,1394,1633,2,1,1,False,1405
IMG001044.jpeg,1,data\raw\images\IMG001044.jpeg,data\raw\Annotations\IMG001044.json,data\processed\masks\IMG001044.png,1332,2943,2,1,1,False,11412
IMG001045.jpeg,1,data\raw\images\IMG001045.jpeg,data\raw\Annotations\IMG001045.json,data\processed\masks\IMG001045.png,1332,2943,2,1,1,False,14060
IMG001046.jpeg,1,data\raw\images\IMG001046.jpeg,data\raw\Annotations\IMG001046.json,data\processed\masks\IMG001046.png,1904,1785,2,1,1,False,13874
IMG001047.jpeg,1,data\raw\images\IMG001047.jpeg,data\raw\Annotations\IMG001047.json,data\processed\masks\IMG001047.png,1610,2303,2,1,1,False,3157
IMG001048.jpeg,1,data\raw\images\IMG001048.jpeg,data\raw\Annotations\IMG001048.json,data\processed\masks\IMG001048.png,1700,2303,2,1,1,False,3151
IMG001049.jpeg,1,data\raw\images\IMG001049.jpeg,data\raw\Annotations\IMG001049.json,data\processed\masks\IMG001049.png,2304,1662,2,1,1,False,6432
IMG001050.jpeg,1,data\raw\images\IMG001050.jpeg,data\raw\Annotations\IMG001050.json,data\processed\masks\IMG001050.png,1610,2941,2,1,1,False,70205
IMG001051.jpeg,1,data\raw\images\IMG001051.jpeg,data\raw\Annotations\IMG001051.json,data\processed\masks\IMG001051.png,1504,2146,2,1,1,False,56326
IMG001052.jpeg,1,data\raw\images\IMG001052.jpeg,data\raw\Annotations\IMG001052.json,data\processed\masks\IMG001052.png,2453,2453,2,1,1,False,24782
IMG001053.jpeg,1,data\raw\images\IMG001053.jpeg,data\raw\Annotations\IMG001053.json,data\processed\masks\IMG001053.png,2054,2054,2,1,1,False,27374
IMG001054.jpeg,1,data\raw\images\IMG001054.jpeg,data\raw\Annotations\IMG001054.json,data\processed\masks\IMG001054.png,1694,2751,2,1,1,False,17563
IMG001055.jpeg,1,data\raw\images\IMG001055.jpeg,data\raw\Annotations\IMG001055.json,data\processed\masks\IMG001055.png,1828,2941,2,1,1,False,13438
IMG001056.jpeg,1,data\raw\images\IMG001056.jpeg,data\raw\Annotations\IMG001056.json,data\processed\masks\IMG001056.png,2021,2021,2,1,1,False,16967
IMG001057.jpeg,1,data\raw\images\IMG001057.jpeg,data\raw\Annotations\IMG001057.json,data\processed\masks\IMG001057.png,1404,2351,2,1,1,False,4845
IMG001058.jpeg,1,data\raw\images\IMG001058.jpeg,data\raw\Annotations\IMG001058.json,data\processed\masks\IMG001058.png,1610,2301,2,1,1,False,5543
IMG001059.jpeg,1,data\raw\images\IMG001059.jpeg,data\raw\Annotations\IMG001059.json,data\processed\masks\IMG001059.png,2942,2305,2,1,1,False,4677
IMG001060.jpeg,1,data\raw\images\IMG001060.jpeg,data\raw\Annotations\IMG001060.json,data\processed\masks\IMG001060.png,1330,2859,2,1,1,False,2137
IMG001061.jpeg,1,data\raw\images\IMG001061.jpeg,data\raw\Annotations\IMG001061.json,data\processed\masks\IMG001061.png,1360,1789,2,1,1,False,24786
IMG001062.jpeg,1,data\raw\images\IMG001062.jpeg,data\raw\Annotations\IMG001062.json,data\processed\masks\IMG001062.png,2016,2024,2,1,1,False,23153
IMG001063.jpeg,1,data\raw\images\IMG001063.jpeg,data\raw\Annotations\IMG001063.json,data\processed\masks\IMG001063.png,1610,2301,2,1,1,False,2487
IMG001064.jpeg,1,data\raw\images\IMG001064.jpeg,data\raw\Annotations\IMG001064.json,data\processed\masks\IMG001064.png,1610,2301,2,1,1,False,3382
IMG001065.jpeg,1,data\raw\images\IMG001065.jpeg,data\raw\Annotations\IMG001065.json,data\processed\masks\IMG001065.png,1874,1874,2,1,1,False,8521
IMG001066.jpeg,1,data\raw\images\IMG001066.jpeg,data\raw\Annotations\IMG001066.json,data\processed\masks\IMG001066.png,1736,1736,2,1,1,False,11423
IMG001067.jpeg,1,data\raw\images\IMG001067.jpeg,data\raw\Annotations\IMG001067.json,data\processed\masks\IMG001067.png,1300,1560,2,1,1,False,2000
IMG001068.jpeg,1,data\raw\images\IMG001068.jpeg,data\raw\Annotations\IMG001068.json,data\processed\masks\IMG001068.png,1378,1824,2,1,1,False,2428
IMG001069.jpeg,1,data\raw\images\IMG001069.jpeg,data\raw\Annotations\IMG001069.json,data\processed\masks\IMG001069.png,1944,2734,2,1,1,False,1125
IMG001070.jpeg,1,data\raw\images\IMG001070.jpeg,data\raw\Annotations\IMG001070.json,data\processed\masks\IMG001070.png,1330,2767,2,1,1,False,19279
IMG001071.jpeg,1,data\raw\images\IMG001071.jpeg,data\raw\Annotations\IMG001071.json,data\processed\masks\IMG001071.png,1330,2767,2,1,1,False,16649
IMG001072.jpeg,1,data\raw\images\IMG001072.jpeg,data\raw\Annotations\IMG001072.json,data\processed\masks\IMG001072.png,1610,2307,2,1,1,False,11765
IMG001073.jpeg,1,data\raw\images\IMG001073.jpeg,data\raw\Annotations\IMG001073.json,data\processed\masks\IMG001073.png,1368,1665,2,1,1,False,7947
IMG001074.jpeg,1,data\raw\images\IMG001074.jpeg,data\raw\Annotations\IMG001074.json,data\processed\masks\IMG001074.png,1632,1902,2,1,1,False,19734
IMG001075.jpeg,1,data\raw\images\IMG001075.jpeg,data\raw\Annotations\IMG001075.json,data\processed\masks\IMG001075.png,1596,1431,2,1,1,False,18621
IMG001076.jpeg,1,data\raw\images\IMG001076.jpeg,data\raw\Annotations\IMG001076.json,data\processed\masks\IMG001076.png,1186,1966,4,2,2,False,28651
IMG001077.jpeg,1,data\raw\images\IMG001077.jpeg,data\raw\Annotations\IMG001077.json,data\processed\masks\IMG001077.png,2021,1239,4,2,2,False,21871
IMG001078.jpeg,1,data\raw\images\IMG001078.jpeg,data\raw\Annotations\IMG001078.json,data\processed\masks\IMG001078.png,2021,1235,4,2,2,False,27395
IMG001079.jpeg,1,data\raw\images\IMG001079.jpeg,data\raw\Annotations\IMG001079.json,data\processed\masks\IMG001079.png,1330,2941,4,2,2,False,40116
IMG001080.jpeg,1,data\raw\images\IMG001080.jpeg,data\raw\Annotations\IMG001080.json,data\processed\masks\IMG001080.png,1306,2941,4,2,2,False,48020
IMG001081.jpeg,1,data\raw\images\IMG001081.jpeg,data\raw\Annotations\IMG001081.json,data\processed\masks\IMG001081.png,1208,2860,6,3,3,False,46872
IMG001082.jpeg,1,data\raw\images\IMG001082.jpeg,data\raw\Annotations\IMG001082.json,data\processed\masks\IMG001082.png,1136,2793,4,2,2,False,50623
IMG001083.jpeg,1,data\raw\images\IMG001083.jpeg,data\raw\Annotations\IMG001083.json,data\processed\masks\IMG001083.png,1250,2611,4,2,2,False,157040
IMG001084.jpeg,1,data\raw\images\IMG001084.jpeg,data\raw\Annotations\IMG001084.json,data\processed\masks\IMG001084.png,1238,2872,2,1,1,False,25908
IMG001085.jpeg,1,data\raw\images\IMG001085.jpeg,data\raw\Annotations\IMG001085.json,data\processed\masks\IMG001085.png,1384,2506,2,1,1,False,28281
IMG001086.jpeg,1,data\raw\images\IMG001086.jpeg,data\raw\Annotations\IMG001086.json,data\processed\masks\IMG001086.png,1630,2641,2,1,1,False,9318
IMG001087.jpeg,1,data\raw\images\IMG001087.jpeg,data\raw\Annotations\IMG001087.json,data\processed\masks\IMG001087.png,1330,2859,4,2,2,False,72435
IMG001088.jpeg,1,data\raw\images\IMG001088.jpeg,data\raw\Annotations\IMG001088.json,data\processed\masks\IMG001088.png,1552,2919,2,1,1,False,44622
IMG001089.jpeg,1,data\raw\images\IMG001089.jpeg,data\raw\Annotations\IMG001089.json,data\processed\masks\IMG001089.png,1362,2880,2,1,1,False,94086
IMG001090.jpeg,1,data\raw\images\IMG001090.jpeg,data\raw\Annotations\IMG001090.json,data\processed\masks\IMG001090.png,1232,2359,2,1,1,False,10602
IMG001091.jpeg,1,data\raw\images\IMG001091.jpeg,data\raw\Annotations\IMG001091.json,data\processed\masks\IMG001091.png,1132,2260,2,1,1,False,14458
IMG001092.jpeg,1,data\raw\images\IMG001092.jpeg,data\raw\Annotations\IMG001092.json,data\processed\masks\IMG001092.png,1000,2290,8,4,4,False,144257
IMG001093.jpeg,1,data\raw\images\IMG001093.jpeg,data\raw\Annotations\IMG001093.json,data\processed\masks\IMG001093.png,1390,2896,4,2,2,False,118741
IMG001094.jpeg,1,data\raw\images\IMG001094.jpeg,data\raw\Annotations\IMG001094.json,data\processed\masks\IMG001094.png,1420,2784,6,3,3,False,79513
IMG001095.jpeg,1,data\raw\images\IMG001095.jpeg,data\raw\Annotations\IMG001095.json,data\processed\masks\IMG001095.png,1376,2943,2,1,1,False,7595
IMG001096.jpeg,1,data\raw\images\IMG001096.jpeg,data\raw\Annotations\IMG001096.json,data\processed\masks\IMG001096.png,2100,2943,2,1,1,False,9192
IMG001097.jpeg,1,data\raw\images\IMG001097.jpeg,data\raw\Annotations\IMG001097.json,data\processed\masks\IMG001097.png,1514,1600,2,1,1,False,9988
IMG001098.jpeg,1,data\raw\images\IMG001098.jpeg,data\raw\Annotations\IMG001098.json,data\processed\masks\IMG001098.png,1986,1986,2,1,1,False,37510
IMG001099.jpeg,1,data\raw\images\IMG001099.jpeg,data\raw\Annotations\IMG001099.json,data\processed\masks\IMG001099.png,809,617,4,2,2,False,25551
IMG001100.jpeg,1,data\raw\images\IMG001100.jpeg,data\raw\Annotations\IMG001100.json,data\processed\masks\IMG001100.png,1712,2987,6,3,3,False,285861
IMG001101.jpeg,1,data\raw\images\IMG001101.jpeg,data\raw\Annotations\IMG001101.json,data\processed\masks\IMG001101.png,1430,2941,6,3,3,False,138424
IMG001102.jpeg,1,data\raw\images\IMG001102.jpeg,data\raw\Annotations\IMG001102.json,data\processed\masks\IMG001102.png,2992,2991,4,2,2,False,294423
IMG001103.jpeg,1,data\raw\images\IMG001103.jpeg,data\raw\Annotations\IMG001103.json,data\processed\masks\IMG001103.png,2458,2991,4,2,2,False,291720
IMG001104.jpeg,1,data\raw\images\IMG001104.jpeg,data\raw\Annotations\IMG001104.json,data\processed\masks\IMG001104.png,2882,2882,4,2,2,False,216327
IMG001105.jpeg,1,data\raw\images\IMG001105.jpeg,data\raw\Annotations\IMG001105.json,data\processed\masks\IMG001105.png,2950,2950,2,1,1,False,38244
IMG001106.jpeg,1,data\raw\images\IMG001106.jpeg,data\raw\Annotations\IMG001106.json,data\processed\masks\IMG001106.png,2942,2942,4,2,2,False,90574
IMG001107.jpeg,1,data\raw\images\IMG001107.jpeg,data\raw\Annotations\IMG001107.json,data\processed\masks\IMG001107.png,2840,2840,2,1,1,False,150424
IMG001108.jpeg,1,data\raw\images\IMG001108.jpeg,data\raw\Annotations\IMG001108.json,data\processed\masks\IMG001108.png,2046,2991,2,1,1,False,16296
IMG001109.jpeg,1,data\raw\images\IMG001109.jpeg,data\raw\Annotations\IMG001109.json,data\processed\masks\IMG001109.png,2170,2929,2,1,1,False,19410
IMG001110.jpeg,1,data\raw\images\IMG001110.jpeg,data\raw\Annotations\IMG001110.json,data\processed\masks\IMG001110.png,1384,2682,2,1,1,False,32887
IMG001111.jpeg,1,data\raw\images\IMG001111.jpeg,data\raw\Annotations\IMG001111.json,data\processed\masks\IMG001111.png,1608,2727,2,1,1,False,1659
IMG001112.jpeg,1,data\raw\images\IMG001112.jpeg,data\raw\Annotations\IMG001112.json,data\processed\masks\IMG001112.png,1172,1812,2,1,1,False,16511
IMG001113.jpeg,1,data\raw\images\IMG001113.jpeg,data\raw\Annotations\IMG001113.json,data\processed\masks\IMG001113.png,1546,1924,2,1,1,False,15690
IMG001114.jpeg,1,data\raw\images\IMG001114.jpeg,data\raw\Annotations\IMG001114.json,data\processed\masks\IMG001114.png,1744,1744,2,1,1,False,4038
IMG001115.jpeg,1,data\raw\images\IMG001115.jpeg,data\raw\Annotations\IMG001115.json,data\processed\masks\IMG001115.png,2064,2064,2,1,1,False,2582
IMG001116.jpeg,1,data\raw\images\IMG001116.jpeg,data\raw\Annotations\IMG001116.json,data\processed\masks\IMG001116.png,2306,2773,2,1,1,False,40609
IMG001117.jpeg,1,data\raw\images\IMG001117.jpeg,data\raw\Annotations\IMG001117.json,data\processed\masks\IMG001117.png,1610,2791,2,1,1,False,10928
IMG001118.jpeg,1,data\raw\images\IMG001118.jpeg,data\raw\Annotations\IMG001118.json,data\processed\masks\IMG001118.png,1620,1653,2,1,1,False,10320
IMG001119.jpeg,1,data\raw\images\IMG001119.jpeg,data\raw\Annotations\IMG001119.json,data\processed\masks\IMG001119.png,2946,2946,2,1,1,False,242155
IMG001120.jpeg,1,data\raw\images\IMG001120.jpeg,data\raw\Annotations\IMG001120.json,data\processed\masks\IMG001120.png,2946,2946,8,4,4,False,64713
IMG001121.jpeg,1,data\raw\images\IMG001121.jpeg,data\raw\Annotations\IMG001121.json,data\processed\masks\IMG001121.png,1330,2859,2,1,1,False,8433
IMG001122.jpeg,1,data\raw\images\IMG001122.jpeg,data\raw\Annotations\IMG001122.json,data\processed\masks\IMG001122.png,2592,3338,2,1,1,False,13451
IMG001123.jpeg,1,data\raw\images\IMG001123.jpeg,data\raw\Annotations\IMG001123.json,data\processed\masks\IMG001123.png,2942,2303,2,1,1,False,60541
IMG001124.jpeg,1,data\raw\images\IMG001124.jpeg,data\raw\Annotations\IMG001124.json,data\processed\masks\IMG001124.png,918,1137,2,1,1,False,1320
IMG001125.jpeg,1,data\raw\images\IMG001125.jpeg,data\raw\Annotations\IMG001125.json,data\processed\masks\IMG001125.png,968,1126,2,1,1,False,616
IMG001126.jpeg,1,data\raw\images\IMG001126.jpeg,data\raw\Annotations\IMG001126.json,data\processed\masks\IMG001126.png,1552,1537,2,1,1,False,7819
IMG001127.jpeg,1,data\raw\images\IMG001127.jpeg,data\raw\Annotations\IMG001127.json,data\processed\masks\IMG001127.png,1550,1536,2,1,1,False,6576
IMG001128.jpeg,1,data\raw\images\IMG001128.jpeg,data\raw\Annotations\IMG001128.json,data\processed\masks\IMG001128.png,2889,2889,2,1,1,False,53051
IMG001129.jpeg,1,data\raw\images\IMG001129.jpeg,data\raw\Annotations\IMG001129.json,data\processed\masks\IMG001129.png,2879,2879,2,1,1,False,63596
IMG001130.jpeg,1,data\raw\images\IMG001130.jpeg,data\raw\Annotations\IMG001130.json,data\processed\masks\IMG001130.png,1610,2301,2,1,1,False,2573
IMG001131.jpeg,1,data\raw\images\IMG001131.jpeg,data\raw\Annotations\IMG001131.json,data\processed\masks\IMG001131.png,1372,2278,2,1,1,False,320668
IMG001132.jpeg,1,data\raw\images\IMG001132.jpeg,data\raw\Annotations\IMG001132.json,data\processed\masks\IMG001132.png,1672,1733,2,1,1,False,185748
IMG001133.jpeg,1,data\raw\images\IMG001133.jpeg,data\raw\Annotations\IMG001133.json,data\processed\masks\IMG001133.png,2802,2802,4,2,2,False,10321
IMG001134.jpeg,1,data\raw\images\IMG001134.jpeg,data\raw\Annotations\IMG001134.json,data\processed\masks\IMG001134.png,1966,1588,2,1,1,False,33326
IMG001135.jpeg,1,data\raw\images\IMG001135.jpeg,data\raw\Annotations\IMG001135.json,data\processed\masks\IMG001135.png,1600,1631,2,1,1,False,33367
IMG001136.jpeg,1,data\raw\images\IMG001136.jpeg,data\raw\Annotations\IMG001136.json,data\processed\masks\IMG001136.png,2032,2024,2,1,1,False,3153
IMG001137.jpeg,1,data\raw\images\IMG001137.jpeg,data\raw\Annotations\IMG001137.json,data\processed\masks\IMG001137.png,1118,1094,2,1,1,False,5385
IMG001138.jpeg,1,data\raw\images\IMG001138.jpeg,data\raw\Annotations\IMG001138.json,data\processed\masks\IMG001138.png,1132,1123,2,1,1,False,12049
IMG001139.jpeg,1,data\raw\images\IMG001139.jpeg,data\raw\Annotations\IMG001139.json,data\processed\masks\IMG001139.png,2264,2264,2,1,1,False,5039
IMG001140.jpeg,1,data\raw\images\IMG001140.jpeg,data\raw\Annotations\IMG001140.json,data\processed\masks\IMG001140.png,1330,2859,2,1,1,False,4684
IMG001141.jpeg,1,data\raw\images\IMG001141.jpeg,data\raw\Annotations\IMG001141.json,data\processed\masks\IMG001141.png,1578,1990,2,1,1,False,278
IMG001142.jpeg,1,data\raw\images\IMG001142.jpeg,data\raw\Annotations\IMG001142.json,data\processed\masks\IMG001142.png,1162,1694,8,4,4,False,119973
IMG001143.jpeg,1,data\raw\images\IMG001143.jpeg,data\raw\Annotations\IMG001143.json,data\processed\masks\IMG001143.png,1588,2301,4,2,2,False,270889
IMG001144.jpeg,1,data\raw\images\IMG001144.jpeg,data\raw\Annotations\IMG001144.json,data\processed\masks\IMG001144.png,2052,2052,2,1,1,False,454
IMG001145.jpeg,1,data\raw\images\IMG001145.jpeg,data\raw\Annotations\IMG001145.json,data\processed\masks\IMG001145.png,2334,2883,2,1,1,False,13133
IMG001146.jpeg,1,data\raw\images\IMG001146.jpeg,data\raw\Annotations\IMG001146.json,data\processed\masks\IMG001146.png,2888,2888,2,1,1,False,19587
IMG001147.jpeg,1,data\raw\images\IMG001147.jpeg,data\raw\Annotations\IMG001147.json,data\processed\masks\IMG001147.png,1616,2305,2,1,1,False,7684
IMG001148.jpeg,1,data\raw\images\IMG001148.jpeg,data\raw\Annotations\IMG001148.json,data\processed\masks\IMG001148.png,1014,1762,2,1,1,False,677
IMG001149.jpeg,1,data\raw\images\IMG001149.jpeg,data\raw\Annotations\IMG001149.json,data\processed\masks\IMG001149.png,1562,1562,2,1,1,False,17193
IMG001150.jpeg,1,data\raw\images\IMG001150.jpeg,data\raw\Annotations\IMG001150.json,data\processed\masks\IMG001150.png,1462,1462,2,1,1,False,18703
IMG001151.jpeg,1,data\raw\images\IMG001151.jpeg,data\raw\Annotations\IMG001151.json,data\processed\masks\IMG001151.png,2944,2303,2,1,1,False,3541
IMG001152.jpeg,1,data\raw\images\IMG001152.jpeg,data\raw\Annotations\IMG001152.json,data\processed\masks\IMG001152.png,1842,2303,2,1,1,False,7037
IMG001153.jpeg,1,data\raw\images\IMG001153.jpeg,data\raw\Annotations\IMG001153.json,data\processed\masks\IMG001153.png,1610,2303,2,1,1,False,6727
IMG001154.jpeg,1,data\raw\images\IMG001154.jpeg,data\raw\Annotations\IMG001154.json,data\processed\masks\IMG001154.png,1430,1888,2,1,1,False,2864
IMG001155.jpeg,1,data\raw\images\IMG001155.jpeg,data\raw\Annotations\IMG001155.json,data\processed\masks\IMG001155.png,2864,2864,2,1,1,False,64033
IMG001156.jpeg,1,data\raw\images\IMG001156.jpeg,data\raw\Annotations\IMG001156.json,data\processed\masks\IMG001156.png,2902,2902,2,1,1,False,56241
IMG001157.jpeg,1,data\raw\images\IMG001157.jpeg,data\raw\Annotations\IMG001157.json,data\processed\masks\IMG001157.png,1608,2857,2,1,1,False,19131
IMG001158.jpeg,1,data\raw\images\IMG001158.jpeg,data\raw\Annotations\IMG001158.json,data\processed\masks\IMG001158.png,1608,2857,2,1,1,False,23834
IMG001159.jpeg,1,data\raw\images\IMG001159.jpeg,data\raw\Annotations\IMG001159.json,data\processed\masks\IMG001159.png,2570,2570,2,1,1,False,88655
IMG001160.jpeg,1,data\raw\images\IMG001160.jpeg,data\raw\Annotations\IMG001160.json,data\processed\masks\IMG001160.png,1144,2099,2,1,1,False,26883
IMG001161.jpeg,1,data\raw\images\IMG001161.jpeg,data\raw\Annotations\IMG001161.json,data\processed\masks\IMG001161.png,2021,1214,2,1,1,False,27386
IMG001162.jpeg,1,data\raw\images\IMG001162.jpeg,data\raw\Annotations\IMG001162.json,data\processed\masks\IMG001162.png,2021,1204,2,1,1,False,26990
IMG001163.jpeg,1,data\raw\images\IMG001163.jpeg,data\raw\Annotations\IMG001163.json,data\processed\masks\IMG001163.png,1608,2941,2,1,1,False,11160
IMG001164.jpeg,1,data\raw\images\IMG001164.jpeg,data\raw\Annotations\IMG001164.json,data\processed\masks\IMG001164.png,1608,2941,2,1,1,False,16748
IMG001165.jpeg,1,data\raw\images\IMG001165.jpeg,data\raw\Annotations\IMG001165.json,data\processed\masks\IMG001165.png,2021,1192,2,1,1,False,19497
IMG001166.jpeg,1,data\raw\images\IMG001166.jpeg,data\raw\Annotations\IMG001166.json,data\processed\masks\IMG001166.png,2048,2651,2,1,1,False,32348
IMG001167.jpeg,1,data\raw\images\IMG001167.jpeg,data\raw\Annotations\IMG001167.json,data\processed\masks\IMG001167.png,2084,2397,2,1,1,False,40442
IMG001168.jpeg,1,data\raw\images\IMG001168.jpeg,data\raw\Annotations\IMG001168.json,data\processed\masks\IMG001168.png,485,759,2,1,1,False,3860
IMG001169.jpeg,1,data\raw\images\IMG001169.jpeg,data\raw\Annotations\IMG001169.json,data\processed\masks\IMG001169.png,1612,2299,2,1,1,False,2017
IMG001170.jpeg,1,data\raw\images\IMG001170.jpeg,data\raw\Annotations\IMG001170.json,data\processed\masks\IMG001170.png,1616,2246,2,1,1,False,2987
IMG001171.jpeg,1,data\raw\images\IMG001171.jpeg,data\raw\Annotations\IMG001171.json,data\processed\masks\IMG001171.png,1616,2246,2,1,1,False,2864
IMG001172.jpeg,1,data\raw\images\IMG001172.jpeg,data\raw\Annotations\IMG001172.json,data\processed\masks\IMG001172.png,1535,1529,4,2,2,False,177147
IMG001173.jpeg,1,data\raw\images\IMG001173.jpeg,data\raw\Annotations\IMG001173.json,data\processed\masks\IMG001173.png,1537,1531,4,2,2,False,189933
IMG001174.jpeg,1,data\raw\images\IMG001174.jpeg,data\raw\Annotations\IMG001174.json,data\processed\masks\IMG001174.png,2940,2307,2,1,1,False,170331
IMG001175.jpeg,1,data\raw\images\IMG001175.jpeg,data\raw\Annotations\IMG001175.json,data\processed\masks\IMG001175.png,1118,1472,2,1,1,False,3224
IMG001176.jpeg,1,data\raw\images\IMG001176.jpeg,data\raw\Annotations\IMG001176.json,data\processed\masks\IMG001176.png,1608,2303,2,1,1,False,4557
IMG001177.jpeg,1,data\raw\images\IMG001177.jpeg,data\raw\Annotations\IMG001177.json,data\processed\masks\IMG001177.png,1608,2301,2,1,1,False,902
IMG001178.jpeg,1,data\raw\images\IMG001178.jpeg,data\raw\Annotations\IMG001178.json,data\processed\masks\IMG001178.png,2016,2018,2,1,1,False,3954
IMG001179.jpeg,1,data\raw\images\IMG001179.jpeg,data\raw\Annotations\IMG001179.json,data\processed\masks\IMG001179.png,2016,2018,2,1,1,False,1516
IMG001180.jpeg,1,data\raw\images\IMG001180.jpeg,data\raw\Annotations\IMG001180.json,data\processed\masks\IMG001180.png,1610,2939,2,1,1,False,17378
IMG001181.jpeg,1,data\raw\images\IMG001181.jpeg,data\raw\Annotations\IMG001181.json,data\processed\masks\IMG001181.png,1610,2939,2,1,1,False,13552
IMG001182.jpeg,1,data\raw\images\IMG001182.jpeg,data\raw\Annotations\IMG001182.json,data\processed\masks\IMG001182.png,2242,2242,2,1,1,False,472816
IMG001183.jpeg,1,data\raw\images\IMG001183.jpeg,data\raw\Annotations\IMG001183.json,data\processed\masks\IMG001183.png,2650,2650,2,1,1,False,439698
IMG001184.jpeg,1,data\raw\images\IMG001184.jpeg,data\raw\Annotations\IMG001184.json,data\processed\masks\IMG001184.png,1610,2303,2,1,1,False,3928
IMG001185.jpeg,1,data\raw\images\IMG001185.jpeg,data\raw\Annotations\IMG001185.json,data\processed\masks\IMG001185.png,2016,2655,2,1,1,False,2697
IMG001186.jpeg,1,data\raw\images\IMG001186.jpeg,data\raw\Annotations\IMG001186.json,data\processed\masks\IMG001186.png,1478,1680,2,1,1,False,319326
IMG001187.jpeg,1,data\raw\images\IMG001187.jpeg,data\raw\Annotations\IMG001187.json,data\processed\masks\IMG001187.png,1432,1788,2,1,1,False,378318
IMG001188.jpeg,1,data\raw\images\IMG001188.jpeg,data\raw\Annotations\IMG001188.json,data\processed\masks\IMG001188.png,1344,1746,4,2,2,False,3952
IMG001189.jpeg,1,data\raw\images\IMG001189.jpeg,data\raw\Annotations\IMG001189.json,data\processed\masks\IMG001189.png,1344,1746,2,1,1,False,3858
IMG001190.jpeg,1,data\raw\images\IMG001190.jpeg,data\raw\Annotations\IMG001190.json,data\processed\masks\IMG001190.png,2282,2282,2,1,1,False,266460
IMG001191.jpeg,1,data\raw\images\IMG001191.jpeg,data\raw\Annotations\IMG001191.json,data\processed\masks\IMG001191.png,2292,2292,2,1,1,False,133901
IMG001192.jpeg,1,data\raw\images\IMG001192.jpeg,data\raw\Annotations\IMG001192.json,data\processed\masks\IMG001192.png,1322,2939,2,1,1,False,55272
IMG001193.jpeg,1,data\raw\images\IMG001193.jpeg,data\raw\Annotations\IMG001193.json,data\processed\masks\IMG001193.png,1322,2939,2,1,1,False,39337
IMG001194.jpeg,1,data\raw\images\IMG001194.jpeg,data\raw\Annotations\IMG001194.json,data\processed\masks\IMG001194.png,1344,1748,2,1,1,False,63992
IMG001195.jpeg,1,data\raw\images\IMG001195.jpeg,data\raw\Annotations\IMG001195.json,data\processed\masks\IMG001195.png,1344,1748,2,1,1,False,42797
IMG001196.jpeg,1,data\raw\images\IMG001196.jpeg,data\raw\Annotations\IMG001196.json,data\processed\masks\IMG001196.png,1608,2301,2,1,1,False,535086
IMG001197.jpeg,1,data\raw\images\IMG001197.jpeg,data\raw\Annotations\IMG001197.json,data\processed\masks\IMG001197.png,1608,2301,2,1,1,False,504454
IMG001198.jpeg,1,data\raw\images\IMG001198.jpeg,data\raw\Annotations\IMG001198.json,data\processed\masks\IMG001198.png,1608,2301,2,1,1,False,385845
IMG001199.jpeg,1,data\raw\images\IMG001199.jpeg,data\raw\Annotations\IMG001199.json,data\processed\masks\IMG001199.png,1608,2301,2,1,1,False,324157
IMG001200.jpeg,1,data\raw\images\IMG001200.jpeg,data\raw\Annotations\IMG001200.json,data\processed\masks\IMG001200.png,1472,2405,4,2,2,False,1804
IMG001201.jpeg,1,data\raw\images\IMG001201.jpeg,data\raw\Annotations\IMG001201.json,data\processed\masks\IMG001201.png,2958,2958,4,2,2,False,538326
IMG001202.jpeg,1,data\raw\images\IMG001202.jpeg,data\raw\Annotations\IMG001202.json,data\processed\masks\IMG001202.png,1344,1748,2,1,1,False,2068
IMG001203.jpeg,1,data\raw\images\IMG001203.jpeg,data\raw\Annotations\IMG001203.json,data\processed\masks\IMG001203.png,2032,2024,2,1,1,False,49450
IMG001204.jpeg,1,data\raw\images\IMG001204.jpeg,data\raw\Annotations\IMG001204.json,data\processed\masks\IMG001204.png,1610,2303,2,1,1,False,256967
IMG001205.jpeg,1,data\raw\images\IMG001205.jpeg,data\raw\Annotations\IMG001205.json,data\processed\masks\IMG001205.png,1610,2303,2,1,1,False,192160
IMG001206.jpeg,1,data\raw\images\IMG001206.jpeg,data\raw\Annotations\IMG001206.json,data\processed\masks\IMG001206.png,2021,1266,4,2,2,False,2333
IMG001207.jpeg,1,data\raw\images\IMG001207.jpeg,data\raw\Annotations\IMG001207.json,data\processed\masks\IMG001207.png,1536,1560,2,1,1,False,186646
IMG001208.jpeg,1,data\raw\images\IMG001208.jpeg,data\raw\Annotations\IMG001208.json,data\processed\masks\IMG001208.png,1488,1419,2,1,1,False,143444
IMG001209.jpeg,1,data\raw\images\IMG001209.jpeg,data\raw\Annotations\IMG001209.json,data\processed\masks\IMG001209.png,1392,1262,2,1,1,False,123633
IMG001210.jpeg,1,data\raw\images\IMG001210.jpeg,data\raw\Annotations\IMG001210.json,data\processed\masks\IMG001210.png,1360,1308,2,1,1,False,110281
IMG001211.jpeg,1,data\raw\images\IMG001211.jpeg,data\raw\Annotations\IMG001211.json,data\processed\masks\IMG001211.png,923,1216,2,1,1,False,29152
IMG001212.jpeg,1,data\raw\images\IMG001212.jpeg,data\raw\Annotations\IMG001212.json,data\processed\masks\IMG001212.png,943,1281,2,1,1,False,34637
IMG001213.jpeg,1,data\raw\images\IMG001213.jpeg,data\raw\Annotations\IMG001213.json,data\processed\masks\IMG001213.png,1330,2859,2,1,1,False,7963
IMG001214.jpeg,1,data\raw\images\IMG001214.jpeg,data\raw\Annotations\IMG001214.json,data\processed\masks\IMG001214.png,1210,2103,2,1,1,False,20013
IMG001215.jpeg,1,data\raw\images\IMG001215.jpeg,data\raw\Annotations\IMG001215.json,data\processed\masks\IMG001215.png,2336,2872,2,1,1,False,347268
IMG001216.jpeg,1,data\raw\images\IMG001216.jpeg,data\raw\Annotations\IMG001216.json,data\processed\masks\IMG001216.png,1630,2867,2,1,1,False,372503
IMG001217.jpeg,1,data\raw\images\IMG001217.jpeg,data\raw\Annotations\IMG001217.json,data\processed\masks\IMG001217.png,1768,2305,2,1,1,False,1937
IMG001218.jpeg,1,data\raw\images\IMG001218.jpeg,data\raw\Annotations\IMG001218.json,data\processed\masks\IMG001218.png,1768,2305,2,1,1,False,4689
IMG001219.jpeg,1,data\raw\images\IMG001219.jpeg,data\raw\Annotations\IMG001219.json,data\processed\masks\IMG001219.png,1906,2081,2,1,1,False,4434
IMG001220.jpeg,1,data\raw\images\IMG001220.jpeg,data\raw\Annotations\IMG001220.json,data\processed\masks\IMG001220.png,2858,2307,4,2,2,False,697233
IMG001221.jpeg,1,data\raw\images\IMG001221.jpeg,data\raw\Annotations\IMG001221.json,data\processed\masks\IMG001221.png,1608,2307,2,1,1,False,231864
IMG001222.jpeg,1,data\raw\images\IMG001222.jpeg,data\raw\Annotations\IMG001222.json,data\processed\masks\IMG001222.png,1608,2307,2,1,1,False,247377
IMG001223.jpeg,1,data\raw\images\IMG001223.jpeg,data\raw\Annotations\IMG001223.json,data\processed\masks\IMG001223.png,1416,2311,2,1,1,False,2111
IMG001224.jpeg,1,data\raw\images\IMG001224.jpeg,data\raw\Annotations\IMG001224.json,data\processed\masks\IMG001224.png,1472,2739,2,1,1,False,2284
IMG001225.jpeg,1,data\raw\images\IMG001225.jpeg,data\raw\Annotations\IMG001225.json,data\processed\masks\IMG001225.png,2990,2990,2,1,1,False,20450
IMG001226.jpeg,1,data\raw\images\IMG001226.jpeg,data\raw\Annotations\IMG001226.json,data\processed\masks\IMG001226.png,1748,2134,2,1,1,False,3344
IMG001227.jpeg,1,data\raw\images\IMG001227.jpeg,data\raw\Annotations\IMG001227.json,data\processed\masks\IMG001227.png,1472,2303,2,1,1,False,792
IMG001228.jpeg,1,data\raw\images\IMG001228.jpeg,data\raw\Annotations\IMG001228.json,data\processed\masks\IMG001228.png,2913,2913,4,2,2,False,346881
IMG001229.jpeg,1,data\raw\images\IMG001229.jpeg,data\raw\Annotations\IMG001229.json,data\processed\masks\IMG001229.png,2532,2532,2,1,1,False,262112
IMG001230.jpeg,1,data\raw\images\IMG001230.jpeg,data\raw\Annotations\IMG001230.json,data\processed\masks\IMG001230.png,2422,2422,2,1,1,False,312926
IMG001231.jpeg,1,data\raw\images\IMG001231.jpeg,data\raw\Annotations\IMG001231.json,data\processed\masks\IMG001231.png,1954,1870,2,1,1,False,3482
IMG001232.jpeg,1,data\raw\images\IMG001232.jpeg,data\raw\Annotations\IMG001232.json,data\processed\masks\IMG001232.png,1063,1494,2,1,1,False,1098
IMG001233.jpeg,1,data\raw\images\IMG001233.jpeg,data\raw\Annotations\IMG001233.json,data\processed\masks\IMG001233.png,1810,2301,2,1,1,False,5970
IMG001234.jpeg,1,data\raw\images\IMG001234.jpeg,data\raw\Annotations\IMG001234.json,data\processed\masks\IMG001234.png,1810,2301,2,1,1,False,117899
IMG001235.jpeg,1,data\raw\images\IMG001235.jpeg,data\raw\Annotations\IMG001235.json,data\processed\masks\IMG001235.png,1330,2943,2,1,1,False,54671
IMG001236.jpeg,1,data\raw\images\IMG001236.jpeg,data\raw\Annotations\IMG001236.json,data\processed\masks\IMG001236.png,1610,2305,2,1,1,False,87560
IMG001237.jpeg,1,data\raw\images\IMG001237.jpeg,data\raw\Annotations\IMG001237.json,data\processed\masks\IMG001237.png,1610,2305,2,1,1,False,145569
IMG001238.jpeg,1,data\raw\images\IMG001238.jpeg,data\raw\Annotations\IMG001238.json,data\processed\masks\IMG001238.png,1610,2305,2,1,1,False,88788
IMG001239.jpeg,1,data\raw\images\IMG001239.jpeg,data\raw\Annotations\IMG001239.json,data\processed\masks\IMG001239.png,1610,2305,2,1,1,False,188840
IMG001240.jpeg,1,data\raw\images\IMG001240.jpeg,data\raw\Annotations\IMG001240.json,data\processed\masks\IMG001240.png,1076,2992,2,1,1,False,4644
IMG001241.jpeg,1,data\raw\images\IMG001241.jpeg,data\raw\Annotations\IMG001241.json,data\processed\masks\IMG001241.png,1608,2303,2,1,1,False,155813
IMG001242.jpeg,1,data\raw\images\IMG001242.jpeg,data\raw\Annotations\IMG001242.json,data\processed\masks\IMG001242.png,1608,2191,2,1,1,False,15382
IMG001243.jpeg,1,data\raw\images\IMG001243.jpeg,data\raw\Annotations\IMG001243.json,data\processed\masks\IMG001243.png,736,1454,2,1,1,False,40496
IMG001244.jpeg,1,data\raw\images\IMG001244.jpeg,data\raw\Annotations\IMG001244.json,data\processed\masks\IMG001244.png,690,1469,4,2,2,False,50494
IMG001245.jpeg,1,data\raw\images\IMG001245.jpeg,data\raw\Annotations\IMG001245.json,data\processed\masks\IMG001245.png,1270,2277,5,2,3,False,89846
IMG001246.jpeg,1,data\raw\images\IMG001246.jpeg,data\raw\Annotations\IMG001246.json,data\processed\masks\IMG001246.png,1268,2861,6,3,3,False,221167
IMG001247.jpeg,1,data\raw\images\IMG001247.jpeg,data\raw\Annotations\IMG001247.json,data\processed\masks\IMG001247.png,1704,2969,2,1,1,False,10470
IMG001248.jpeg,1,data\raw\images\IMG001248.jpeg,data\raw\Annotations\IMG001248.json,data\processed\masks\IMG001248.png,2304,2344,2,1,1,False,1234
IMG001249.jpeg,1,data\raw\images\IMG001249.jpeg,data\raw\Annotations\IMG001249.json,data\processed\masks\IMG001249.png,1696,2026,2,1,1,False,6006
IMG001250.jpeg,1,data\raw\images\IMG001250.jpeg,data\raw\Annotations\IMG001250.json,data\processed\masks\IMG001250.png,2308,2308,2,1,1,False,87873
IMG001251.jpeg,1,data\raw\images\IMG001251.jpeg,data\raw\Annotations\IMG001251.json,data\processed\masks\IMG001251.png,858,1231,2,1,1,False,3549
IMG001252.jpeg,1,data\raw\images\IMG001252.jpeg,data\raw\Annotations\IMG001252.json,data\processed\masks\IMG001252.png,1608,2301,2,1,1,False,24733
IMG001253.jpeg,1,data\raw\images\IMG001253.jpeg,data\raw\Annotations\IMG001253.json,data\processed\masks\IMG001253.png,2021,1521,2,1,1,False,616
IMG001254.jpeg,1,data\raw\images\IMG001254.jpeg,data\raw\Annotations\IMG001254.json,data\processed\masks\IMG001254.png,1844,2309,2,1,1,False,1285
IMG001255.jpeg,1,data\raw\images\IMG001255.jpeg,data\raw\Annotations\IMG001255.json,data\processed\masks\IMG001255.png,1438,2843,2,1,1,False,4659
IMG001256.jpeg,1,data\raw\images\IMG001256.jpeg,data\raw\Annotations\IMG001256.json,data\processed\masks\IMG001256.png,1402,2960,2,1,1,False,3576
IMG001257.jpeg,1,data\raw\images\IMG001257.jpeg,data\raw\Annotations\IMG001257.json,data\processed\masks\IMG001257.png,1327,1568,2,1,1,False,2428
IMG001258.jpeg,1,data\raw\images\IMG001258.jpeg,data\raw\Annotations\IMG001258.json,data\processed\masks\IMG001258.png,1328,2857,2,1,1,False,5506
IMG001259.jpeg,1,data\raw\images\IMG001259.jpeg,data\raw\Annotations\IMG001259.json,data\processed\masks\IMG001259.png,1610,2461,2,1,1,False,894
IMG001260.jpeg,1,data\raw\images\IMG001260.jpeg,data\raw\Annotations\IMG001260.json,data\processed\masks\IMG001260.png,1608,1871,2,1,1,False,4238
IMG001261.jpeg,1,data\raw\images\IMG001261.jpeg,data\raw\Annotations\IMG001261.json,data\processed\masks\IMG001261.png,1626,1871,2,1,1,False,3161
IMG001262.jpeg,1,data\raw\images\IMG001262.jpeg,data\raw\Annotations\IMG001262.json,data\processed\masks\IMG001262.png,1428,1574,2,1,1,False,13722
IMG001263.jpeg,1,data\raw\images\IMG001263.jpeg,data\raw\Annotations\IMG001263.json,data\processed\masks\IMG001263.png,2516,1745,2,1,1,False,31020
IMG001264.jpeg,1,data\raw\images\IMG001264.jpeg,data\raw\Annotations\IMG001264.json,data\processed\masks\IMG001264.png,2026,2301,2,1,1,False,26406
IMG001265.jpeg,1,data\raw\images\IMG001265.jpeg,data\raw\Annotations\IMG001265.json,data\processed\masks\IMG001265.png,1464,2966,2,1,1,False,10203
IMG001266.jpeg,1,data\raw\images\IMG001266.jpeg,data\raw\Annotations\IMG001266.json,data\processed\masks\IMG001266.png,1464,2968,2,1,1,False,11989
IMG001267.jpeg,1,data\raw\images\IMG001267.jpeg,data\raw\Annotations\IMG001267.json,data\processed\masks\IMG001267.png,1589,1373,2,1,1,False,9984
IMG001268.jpeg,1,data\raw\images\IMG001268.jpeg,data\raw\Annotations\IMG001268.json,data\processed\masks\IMG001268.png,1007,1353,2,1,1,False,9803
IMG001269.jpeg,1,data\raw\images\IMG001269.jpeg,data\raw\Annotations\IMG001269.json,data\processed\masks\IMG001269.png,1608,2301,2,1,1,False,1958
IMG001270.jpeg,1,data\raw\images\IMG001270.jpeg,data\raw\Annotations\IMG001270.json,data\processed\masks\IMG001270.png,2390,2309,2,1,1,False,2151
IMG001271.jpeg,1,data\raw\images\IMG001271.jpeg,data\raw\Annotations\IMG001271.json,data\processed\masks\IMG001271.png,1604,2305,2,1,1,False,1822
IMG001272.jpeg,1,data\raw\images\IMG001272.jpeg,data\raw\Annotations\IMG001272.json,data\processed\masks\IMG001272.png,1344,1748,2,1,1,False,1535
IMG001273.jpeg,1,data\raw\images\IMG001273.jpeg,data\raw\Annotations\IMG001273.json,data\processed\masks\IMG001273.png,1608,2303,2,1,1,False,2736
IMG001274.jpeg,1,data\raw\images\IMG001274.jpeg,data\raw\Annotations\IMG001274.json,data\processed\masks\IMG001274.png,1608,2303,2,1,1,False,11081
IMG001275.jpeg,1,data\raw\images\IMG001275.jpeg,data\raw\Annotations\IMG001275.json,data\processed\masks\IMG001275.png,2942,2305,4,2,2,False,4892
IMG001276.jpeg,1,data\raw\images\IMG001276.jpeg,data\raw\Annotations\IMG001276.json,data\processed\masks\IMG001276.png,2146,2363,2,1,1,False,194711
IMG001277.jpeg,1,data\raw\images\IMG001277.jpeg,data\raw\Annotations\IMG001277.json,data\processed\masks\IMG001277.png,1328,2857,2,1,1,False,27755
IMG001278.jpeg,1,data\raw\images\IMG001278.jpeg,data\raw\Annotations\IMG001278.json,data\processed\masks\IMG001278.png,1340,2893,2,1,1,False,21922
IMG001279.jpeg,1,data\raw\images\IMG001279.jpeg,data\raw\Annotations\IMG001279.json,data\processed\masks\IMG001279.png,1608,2303,2,1,1,False,3492
IMG001280.jpeg,1,data\raw\images\IMG001280.jpeg,data\raw\Annotations\IMG001280.json,data\processed\masks\IMG001280.png,1470,2941,2,1,1,False,186532
IMG001281.jpeg,1,data\raw\images\IMG001281.jpeg,data\raw\Annotations\IMG001281.json,data\processed\masks\IMG001281.png,2308,2941,2,1,1,False,33491
IMG001282.jpeg,1,data\raw\images\IMG001282.jpeg,data\raw\Annotations\IMG001282.json,data\processed\masks\IMG001282.png,2288,2941,2,1,1,False,269689
IMG001283.jpeg,1,data\raw\images\IMG001283.jpeg,data\raw\Annotations\IMG001283.json,data\processed\masks\IMG001283.png,1773,2021,6,3,3,False,2310
IMG001284.jpeg,1,data\raw\images\IMG001284.jpeg,data\raw\Annotations\IMG001284.json,data\processed\masks\IMG001284.png,1530,2927,2,1,1,False,21143
IMG001285.jpeg,1,data\raw\images\IMG001285.jpeg,data\raw\Annotations\IMG001285.json,data\processed\masks\IMG001285.png,2304,2941,2,1,1,False,19273
IMG001286.jpeg,1,data\raw\images\IMG001286.jpeg,data\raw\Annotations\IMG001286.json,data\processed\masks\IMG001286.png,2304,2941,14,7,7,False,71276
IMG001287.jpeg,1,data\raw\images\IMG001287.jpeg,data\raw\Annotations\IMG001287.json,data\processed\masks\IMG001287.png,2304,2941,6,3,3,False,66523
IMG001288.jpeg,1,data\raw\images\IMG001288.jpeg,data\raw\Annotations\IMG001288.json,data\processed\masks\IMG001288.png,2326,2951,6,3,3,False,77617
IMG001289.jpeg,1,data\raw\images\IMG001289.jpeg,data\raw\Annotations\IMG001289.json,data\processed\masks\IMG001289.png,2028,2439,4,2,2,False,43351
IMG001290.jpeg,1,data\raw\images\IMG001290.jpeg,data\raw\Annotations\IMG001290.json,data\processed\masks\IMG001290.png,2860,2303,2,1,1,False,55193
IMG001291.jpeg,1,data\raw\images\IMG001291.jpeg,data\raw\Annotations\IMG001291.json,data\processed\masks\IMG001291.png,1936,2306,2,1,1,False,1342
IMG001292.jpeg,1,data\raw\images\IMG001292.jpeg,data\raw\Annotations\IMG001292.json,data\processed\masks\IMG001292.png,1936,2306,2,1,1,False,2156
IMG001293.jpeg,1,data\raw\images\IMG001293.jpeg,data\raw\Annotations\IMG001293.json,data\processed\masks\IMG001293.png,1454,1941,2,1,1,False,1238
IMG001294.jpeg,1,data\raw\images\IMG001294.jpeg,data\raw\Annotations\IMG001294.json,data\processed\masks\IMG001294.png,1610,2303,2,1,1,False,3000
IMG001295.jpeg,1,data\raw\images\IMG001295.jpeg,data\raw\Annotations\IMG001295.json,data\processed\masks\IMG001295.png,2172,2136,2,1,1,False,2798
IMG001296.jpeg,1,data\raw\images\IMG001296.jpeg,data\raw\Annotations\IMG001296.json,data\processed\masks\IMG001296.png,1870,2033,2,1,1,False,2212
IMG001297.jpeg,1,data\raw\images\IMG001297.jpeg,data\raw\Annotations\IMG001297.json,data\processed\masks\IMG001297.png,1330,2941,2,1,1,False,9165
IMG001298.jpeg,1,data\raw\images\IMG001298.jpeg,data\raw\Annotations\IMG001298.json,data\processed\masks\IMG001298.png,1330,2941,2,1,1,False,7150
IMG001299.jpeg,1,data\raw\images\IMG001299.jpeg,data\raw\Annotations\IMG001299.json,data\processed\masks\IMG001299.png,2021,1177,2,1,1,False,1164
IMG001300.jpeg,1,data\raw\images\IMG001300.jpeg,data\raw\Annotations\IMG001300.json,data\processed\masks\IMG001300.png,1608,2303,2,1,1,False,2069
IMG001301.jpeg,1,data\raw\images\IMG001301.jpeg,data\raw\Annotations\IMG001301.json,data\processed\masks\IMG001301.png,1616,2305,10,5,5,False,245400
IMG001302.jpeg,1,data\raw\images\IMG001302.jpeg,data\raw\Annotations\IMG001302.json,data\processed\masks\IMG001302.png,1616,2305,6,3,3,False,302614
IMG001303.jpeg,1,data\raw\images\IMG001303.jpeg,data\raw\Annotations\IMG001303.json,data\processed\masks\IMG001303.png,1472,1885,2,1,1,False,115476
IMG001304.jpeg,1,data\raw\images\IMG001304.jpeg,data\raw\Annotations\IMG001304.json,data\processed\masks\IMG001304.png,1472,1885,2,1,1,False,6619
IMG001305.jpeg,1,data\raw\images\IMG001305.jpeg,data\raw\Annotations\IMG001305.json,data\processed\masks\IMG001305.png,1472,1885,2,1,1,False,69451
IMG001306.jpeg,1,data\raw\images\IMG001306.jpeg,data\raw\Annotations\IMG001306.json,data\processed\masks\IMG001306.png,1568,2318,6,3,3,False,354068
IMG001307.jpeg,1,data\raw\images\IMG001307.jpeg,data\raw\Annotations\IMG001307.json,data\processed\masks\IMG001307.png,1472,1885,2,1,1,False,24013
IMG001308.jpeg,1,data\raw\images\IMG001308.jpeg,data\raw\Annotations\IMG001308.json,data\processed\masks\IMG001308.png,2542,2205,4,2,2,False,12521
IMG001309.jpeg,1,data\raw\images\IMG001309.jpeg,data\raw\Annotations\IMG001309.json,data\processed\masks\IMG001309.png,2304,2941,4,2,2,False,12821
IMG001310.jpeg,1,data\raw\images\IMG001310.jpeg,data\raw\Annotations\IMG001310.json,data\processed\masks\IMG001310.png,1572,2941,2,1,1,False,2464
IMG001311.jpeg,1,data\raw\images\IMG001311.jpeg,data\raw\Annotations\IMG001311.json,data\processed\masks\IMG001311.png,2942,2305,2,1,1,False,4641
IMG001312.jpeg,1,data\raw\images\IMG001312.jpeg,data\raw\Annotations\IMG001312.json,data\processed\masks\IMG001312.png,1964,2305,2,1,1,False,987
IMG001313.jpeg,1,data\raw\images\IMG001313.jpeg,data\raw\Annotations\IMG001313.json,data\processed\masks\IMG001313.png,1470,2857,2,1,1,False,18674
IMG001314.jpeg,1,data\raw\images\IMG001314.jpeg,data\raw\Annotations\IMG001314.json,data\processed\masks\IMG001314.png,2134,2857,2,1,1,False,17869
IMG001315.jpeg,1,data\raw\images\IMG001315.jpeg,data\raw\Annotations\IMG001315.json,data\processed\masks\IMG001315.png,1360,1873,2,1,1,False,35072
IMG001316.jpeg,1,data\raw\images\IMG001316.jpeg,data\raw\Annotations\IMG001316.json,data\processed\masks\IMG001316.png,1472,1794,2,1,1,False,2485
IMG001317.jpeg,1,data\raw\images\IMG001317.jpeg,data\raw\Annotations\IMG001317.json,data\processed\masks\IMG001317.png,1258,2035,2,1,1,False,2280
IMG001318.jpeg,1,data\raw\images\IMG001318.jpeg,data\raw\Annotations\IMG001318.json,data\processed\masks\IMG001318.png,1608,2303,2,1,1,False,4970
IMG001319.jpeg,1,data\raw\images\IMG001319.jpeg,data\raw\Annotations\IMG001319.json,data\processed\masks\IMG001319.png,1608,2303,2,1,1,False,5390
IMG001320.jpeg,1,data\raw\images\IMG001320.jpeg,data\raw\Annotations\IMG001320.json,data\processed\masks\IMG001320.png,1472,2025,2,1,1,False,3247
IMG001321.jpeg,1,data\raw\images\IMG001321.jpeg,data\raw\Annotations\IMG001321.json,data\processed\masks\IMG001321.png,1472,2025,2,1,1,False,2489
IMG001322.jpeg,1,data\raw\images\IMG001322.jpeg,data\raw\Annotations\IMG001322.json,data\processed\masks\IMG001322.png,2942,2301,2,1,1,False,414
IMG001323.jpeg,1,data\raw\images\IMG001323.jpeg,data\raw\Annotations\IMG001323.json,data\processed\masks\IMG001323.png,1606,2941,2,1,1,False,16680
IMG001324.jpeg,1,data\raw\images\IMG001324.jpeg,data\raw\Annotations\IMG001324.json,data\processed\masks\IMG001324.png,1610,2301,2,1,1,False,3457
IMG001325.jpeg,1,data\raw\images\IMG001325.jpeg,data\raw\Annotations\IMG001325.json,data\processed\masks\IMG001325.png,1330,2941,2,1,1,False,5325
IMG001326.jpeg,1,data\raw\images\IMG001326.jpeg,data\raw\Annotations\IMG001326.json,data\processed\masks\IMG001326.png,1330,2941,2,1,1,False,4788
IMG001327.jpeg,1,data\raw\images\IMG001327.jpeg,data\raw\Annotations\IMG001327.json,data\processed\masks\IMG001327.png,1554,2353,2,1,1,False,3258
IMG001328.jpeg,1,data\raw\images\IMG001328.jpeg,data\raw\Annotations\IMG001328.json,data\processed\masks\IMG001328.png,1470,1973,2,1,1,False,6906
IMG001329.jpeg,1,data\raw\images\IMG001329.jpeg,data\raw\Annotations\IMG001329.json,data\processed\masks\IMG001329.png,1470,1887,2,1,1,False,9543
IMG001330.jpeg,1,data\raw\images\IMG001330.jpeg,data\raw\Annotations\IMG001330.json,data\processed\masks\IMG001330.png,1947,3062,4,2,2,False,5271
IMG001331.jpeg,1,data\raw\images\IMG001331.jpeg,data\raw\Annotations\IMG001331.json,data\processed\masks\IMG001331.png,2021,1116,2,1,1,False,4613
IMG001332.jpeg,1,data\raw\images\IMG001332.jpeg,data\raw\Annotations\IMG001332.json,data\processed\masks\IMG001332.png,2021,1027,4,2,2,False,6895
IMG001333.jpeg,1,data\raw\images\IMG001333.jpeg,data\raw\Annotations\IMG001333.json,data\processed\masks\IMG001333.png,2580,2090,2,1,1,False,6032
IMG001334.jpeg,1,data\raw\images\IMG001334.jpeg,data\raw\Annotations\IMG001334.json,data\processed\masks\IMG001334.png,2384,2248,2,1,1,False,9533
IMG001335.jpeg,1,data\raw\images\IMG001335.jpeg,data\raw\Annotations\IMG001335.json,data\processed\masks\IMG001335.png,2660,2303,2,1,1,False,6971
IMG001336.jpeg,1,data\raw\images\IMG001336.jpeg,data\raw\Annotations\IMG001336.json,data\processed\masks\IMG001336.png,2942,2305,2,1,1,False,5471
IMG001337.jpeg,1,data\raw\images\IMG001337.jpeg,data\raw\Annotations\IMG001337.json,data\processed\masks\IMG001337.png,2021,1147,2,1,1,False,1567
IMG001338.jpeg,1,data\raw\images\IMG001338.jpeg,data\raw\Annotations\IMG001338.json,data\processed\masks\IMG001338.png,1472,2023,2,1,1,False,657
IMG001339.jpeg,1,data\raw\images\IMG001339.jpeg,data\raw\Annotations\IMG001339.json,data\processed\masks\IMG001339.png,1328,2859,2,1,1,False,4969
IMG001340.jpeg,1,data\raw\images\IMG001340.jpeg,data\raw\Annotations\IMG001340.json,data\processed\masks\IMG001340.png,1328,2859,2,1,1,False,4149
IMG001341.jpeg,1,data\raw\images\IMG001341.jpeg,data\raw\Annotations\IMG001341.json,data\processed\masks\IMG001341.png,1608,2303,2,1,1,False,1930
IMG001342.jpeg,1,data\raw\images\IMG001342.jpeg,data\raw\Annotations\IMG001342.json,data\processed\masks\IMG001342.png,1608,2303,4,2,2,False,8992
IMG001343.jpeg,1,data\raw\images\IMG001343.jpeg,data\raw\Annotations\IMG001343.json,data\processed\masks\IMG001343.png,2942,2305,2,1,1,False,1572
IMG001344.jpeg,1,data\raw\images\IMG001344.jpeg,data\raw\Annotations\IMG001344.json,data\processed\masks\IMG001344.png,1610,2303,4,2,2,False,5679
IMG001345.jpeg,1,data\raw\images\IMG001345.jpeg,data\raw\Annotations\IMG001345.json,data\processed\masks\IMG001345.png,1610,2305,2,1,1,False,804
IMG001346.jpeg,1,data\raw\images\IMG001346.jpeg,data\raw\Annotations\IMG001346.json,data\processed\masks\IMG001346.png,1256,2120,4,2,2,False,295437
IMG001347.jpeg,1,data\raw\images\IMG001347.jpeg,data\raw\Annotations\IMG001347.json,data\processed\masks\IMG001347.png,1416,2333,4,2,2,False,366661
IMG001348.jpeg,1,data\raw\images\IMG001348.jpeg,data\raw\Annotations\IMG001348.json,data\processed\masks\IMG001348.png,2152,2205,8,4,4,False,734401
IMG001349.jpeg,1,data\raw\images\IMG001349.jpeg,data\raw\Annotations\IMG001349.json,data\processed\masks\IMG001349.png,1024,1024,2,1,1,False,4347
IMG001350.jpeg,1,data\raw\images\IMG001350.jpeg,data\raw\Annotations\IMG001350.json,data\processed\masks\IMG001350.png,996,1744,2,1,1,False,77363
IMG001351.jpeg,1,data\raw\images\IMG001351.jpeg,data\raw\Annotations\IMG001351.json,data\processed\masks\IMG001351.png,817,1574,2,1,1,False,98791
IMG001352.jpeg,1,data\raw\images\IMG001352.jpeg,data\raw\Annotations\IMG001352.json,data\processed\masks\IMG001352.png,1024,762,2,1,1,False,14592
IMG001353.jpeg,1,data\raw\images\IMG001353.jpeg,data\raw\Annotations\IMG001353.json,data\processed\masks\IMG001353.png,585,594,2,1,1,False,7375
IMG001354.jpeg,1,data\raw\images\IMG001354.jpeg,data\raw\Annotations\IMG001354.json,data\processed\masks\IMG001354.png,693,1606,2,1,1,False,90449
IMG001355.jpeg,1,data\raw\images\IMG001355.jpeg,data\raw\Annotations\IMG001355.json,data\processed\masks\IMG001355.png,916,1658,2,1,1,False,65127
IMG001356.jpeg,1,data\raw\images\IMG001356.jpeg,data\raw\Annotations\IMG001356.json,data\processed\masks\IMG001356.png,2920,2320,6,3,3,False,14641
IMG001357.jpeg,1,data\raw\images\IMG001357.jpeg,data\raw\Annotations\IMG001357.json,data\processed\masks\IMG001357.png,1951,2307,2,1,1,False,280964
IMG001358.jpeg,1,data\raw\images\IMG001358.jpeg,data\raw\Annotations\IMG001358.json,data\processed\masks\IMG001358.png,2320,2920,2,1,1,False,63980
IMG001359.jpeg,1,data\raw\images\IMG001359.jpeg,data\raw\Annotations\IMG001359.json,data\processed\masks\IMG001359.png,2920,2320,8,4,4,False,56242
IMG001360.jpeg,1,data\raw\images\IMG001360.jpeg,data\raw\Annotations\IMG001360.json,data\processed\masks\IMG001360.png,3186,3480,8,4,4,False,990766
IMG001361.jpeg,1,data\raw\images\IMG001361.jpeg,data\raw\Annotations\IMG001361.json,data\processed\masks\IMG001361.png,2068,2169,2,1,1,False,45606
IMG001362.jpeg,1,data\raw\images\IMG001362.jpeg,data\raw\Annotations\IMG001362.json,data\processed\masks\IMG001362.png,2293,2456,2,1,1,False,62213
IMG001363.jpeg,1,data\raw\images\IMG001363.jpeg,data\raw\Annotations\IMG001363.json,data\processed\masks\IMG001363.png,2336,2836,2,1,1,False,88915
IMG001364.jpeg,1,data\raw\images\IMG001364.jpeg,data\raw\Annotations\IMG001364.json,data\processed\masks\IMG001364.png,2336,2836,2,1,1,False,97047
IMG001365.jpeg,1,data\raw\images\IMG001365.jpeg,data\raw\Annotations\IMG001365.json,data\processed\masks\IMG001365.png,1000,1127,2,1,1,False,21132
IMG001366.jpeg,1,data\raw\images\IMG001366.jpeg,data\raw\Annotations\IMG001366.json,data\processed\masks\IMG001366.png,2504,3610,2,1,1,False,126845
IMG001367.jpeg,1,data\raw\images\IMG001367.jpeg,data\raw\Annotations\IMG001367.json,data\processed\masks\IMG001367.png,2070,2840,2,1,1,False,104606
IMG001368.jpeg,1,data\raw\images\IMG001368.jpeg,data\raw\Annotations\IMG001368.json,data\processed\masks\IMG001368.png,754,1995,2,1,1,False,5031
IMG001369.jpeg,1,data\raw\images\IMG001369.jpeg,data\raw\Annotations\IMG001369.json,data\processed\masks\IMG001369.png,753,1261,2,1,1,False,25728
IMG001370.jpeg,1,data\raw\images\IMG001370.jpeg,data\raw\Annotations\IMG001370.json,data\processed\masks\IMG001370.png,1058,1320,2,1,1,False,17799
IMG001371.jpeg,1,data\raw\images\IMG001371.jpeg,data\raw\Annotations\IMG001371.json,data\processed\masks\IMG001371.png,1184,3040,2,1,1,False,58315
IMG001372.jpeg,1,data\raw\images\IMG001372.jpeg,data\raw\Annotations\IMG001372.json,data\processed\masks\IMG001372.png,745,746,2,1,1,False,4678
IMG001373.jpeg,1,data\raw\images\IMG001373.jpeg,data\raw\Annotations\IMG001373.json,data\processed\masks\IMG001373.png,649,1024,2,1,1,False,52484
IMG001374.jpeg,1,data\raw\images\IMG001374.jpeg,data\raw\Annotations\IMG001374.json,data\processed\masks\IMG001374.png,330,711,4,2,2,False,1062
IMG001375.jpeg,1,data\raw\images\IMG001375.jpeg,data\raw\Annotations\IMG001375.json,data\processed\masks\IMG001375.png,1744,2419,2,1,1,False,242904
IMG001376.jpeg,1,data\raw\images\IMG001376.jpeg,data\raw\Annotations\IMG001376.json,data\processed\masks\IMG001376.png,1354,1374,2,1,1,False,323898
IMG001377.jpeg,1,data\raw\images\IMG001377.jpeg,data\raw\Annotations\IMG001377.json,data\processed\masks\IMG001377.png,1516,1454,2,1,1,False,229635
IMG001378.jpeg,1,data\raw\images\IMG001378.jpeg,data\raw\Annotations\IMG001378.json,data\processed\masks\IMG001378.png,1572,2626,2,1,1,False,237905
IMG001379.jpeg,1,data\raw\images\IMG001379.jpeg,data\raw\Annotations\IMG001379.json,data\processed\masks\IMG001379.png,2766,1099,2,1,1,False,40227
IMG001380.jpeg,1,data\raw\images\IMG001380.jpeg,data\raw\Annotations\IMG001380.json,data\processed\masks\IMG001380.png,1800,1428,2,1,1,False,138120
IMG001381.jpeg,1,data\raw\images\IMG001381.jpeg,data\raw\Annotations\IMG001381.json,data\processed\masks\IMG001381.png,1988,2192,4,2,2,False,170239
IMG001382.jpeg,1,data\raw\images\IMG001382.jpeg,data\raw\Annotations\IMG001382.json,data\processed\masks\IMG001382.png,874,860,4,2,2,False,28754
IMG001383.jpeg,1,data\raw\images\IMG001383.jpeg,data\raw\Annotations\IMG001383.json,data\processed\masks\IMG001383.png,887,762,8,4,4,False,29664
IMG001384.jpeg,1,data\raw\images\IMG001384.jpeg,data\raw\Annotations\IMG001384.json,data\processed\masks\IMG001384.png,1311,1593,2,1,1,False,62572
IMG001385.jpeg,1,data\raw\images\IMG001385.jpeg,data\raw\Annotations\IMG001385.json,data\processed\masks\IMG001385.png,1321,1601,2,1,1,False,113161
IMG001386.jpeg,1,data\raw\images\IMG001386.jpeg,data\raw\Annotations\IMG001386.json,data\processed\masks\IMG001386.png,871,1523,2,1,1,False,57605
IMG001387.jpeg,1,data\raw\images\IMG001387.jpeg,data\raw\Annotations\IMG001387.json,data\processed\masks\IMG001387.png,458,973,2,1,1,False,22773
IMG001388.jpeg,1,data\raw\images\IMG001388.jpeg,data\raw\Annotations\IMG001388.json,data\processed\masks\IMG001388.png,416,630,2,1,1,False,6450
IMG001389.jpeg,1,data\raw\images\IMG001389.jpeg,data\raw\Annotations\IMG001389.json,data\processed\masks\IMG001389.png,324,630,2,1,1,False,8968
IMG001390.jpeg,1,data\raw\images\IMG001390.jpeg,data\raw\Annotations\IMG001390.json,data\processed\masks\IMG001390.png,474,1017,2,1,1,False,21331
IMG001391.jpeg,1,data\raw\images\IMG001391.jpeg,data\raw\Annotations\IMG001391.json,data\processed\masks\IMG001391.png,1274,1292,14,7,7,False,249135
IMG001392.jpeg,1,data\raw\images\IMG001392.jpeg,data\raw\Annotations\IMG001392.json,data\processed\masks\IMG001392.png,2560,2483,2,1,1,False,79839
IMG001393.jpeg,1,data\raw\images\IMG001393.jpeg,data\raw\Annotations\IMG001393.json,data\processed\masks\IMG001393.png,1660,1471,2,1,1,False,4609
IMG001394.jpeg,1,data\raw\images\IMG001394.jpeg,data\raw\Annotations\IMG001394.json,data\processed\masks\IMG001394.png,2255,3266,2,1,1,False,37012
IMG001395.jpeg,1,data\raw\images\IMG001395.jpeg,data\raw\Annotations\IMG001395.json,data\processed\masks\IMG001395.png,302,664,2,1,1,False,18603
IMG001396.jpeg,1,data\raw\images\IMG001396.jpeg,data\raw\Annotations\IMG001396.json,data\processed\masks\IMG001396.png,366,755,2,1,1,False,16963
IMG001397.jpeg,1,data\raw\images\IMG001397.jpeg,data\raw\Annotations\IMG001397.json,data\processed\masks\IMG001397.png,1148,1832,2,1,1,False,95233
IMG001398.jpeg,1,data\raw\images\IMG001398.jpeg,data\raw\Annotations\IMG001398.json,data\processed\masks\IMG001398.png,555,673,2,1,1,False,23004
IMG001399.jpeg,1,data\raw\images\IMG001399.jpeg,data\raw\Annotations\IMG001399.json,data\processed\masks\IMG001399.png,652,716,2,1,1,False,38201
IMG001400.jpeg,1,data\raw\images\IMG001400.jpeg,data\raw\Annotations\IMG001400.json,data\processed\masks\IMG001400.png,535,963,2,1,1,False,2075
IMG001401.jpeg,1,data\raw\images\IMG001401.jpeg,data\raw\Annotations\IMG001401.json,data\processed\masks\IMG001401.png,585,991,2,1,1,False,9171
IMG001402.jpeg,1,data\raw\images\IMG001402.jpeg,data\raw\Annotations\IMG001402.json,data\processed\masks\IMG001402.png,2364,2964,2,1,1,False,146163
IMG001403.jpeg,1,data\raw\images\IMG001403.jpeg,data\raw\Annotations\IMG001403.json,data\processed\masks\IMG001403.png,979,1693,2,1,1,False,22125
IMG001404.jpeg,1,data\raw\images\IMG001404.jpeg,data\raw\Annotations\IMG001404.json,data\processed\masks\IMG001404.png,1277,1765,2,1,1,False,22370
IMG001405.jpeg,1,data\raw\images\IMG001405.jpeg,data\raw\Annotations\IMG001405.json,data\processed\masks\IMG001405.png,1066,2345,2,1,1,False,95553
IMG001406.jpeg,1,data\raw\images\IMG001406.jpeg,data\raw\Annotations\IMG001406.json,data\processed\masks\IMG001406.png,2979,2362,2,1,1,False,118751
IMG001407.jpeg,1,data\raw\images\IMG001407.jpeg,data\raw\Annotations\IMG001407.json,data\processed\masks\IMG001407.png,370,570,2,1,1,False,4668
IMG001408.jpeg,1,data\raw\images\IMG001408.jpeg,data\raw\Annotations\IMG001408.json,data\processed\masks\IMG001408.png,600,713,2,1,1,False,46392
IMG001409.jpeg,1,data\raw\images\IMG001409.jpeg,data\raw\Annotations\IMG001409.json,data\processed\masks\IMG001409.png,458,676,2,1,1,False,52494
IMG001410.jpeg,1,data\raw\images\IMG001410.jpeg,data\raw\Annotations\IMG001410.json,data\processed\masks\IMG001410.png,1600,1600,2,1,1,False,115109
IMG001411.jpeg,1,data\raw\images\IMG001411.jpeg,data\raw\Annotations\IMG001411.json,data\processed\masks\IMG001411.png,1600,1600,2,1,1,False,63976
IMG001412.jpeg,1,data\raw\images\IMG001412.jpeg,data\raw\Annotations\IMG001412.json,data\processed\masks\IMG001412.png,1600,1600,2,1,1,False,61590
IMG001413.jpeg,1,data\raw\images\IMG001413.jpeg,data\raw\Annotations\IMG001413.json,data\processed\masks\IMG001413.png,1484,1628,2,1,1,False,4401
IMG001414.jpeg,1,data\raw\images\IMG001414.jpeg,data\raw\Annotations\IMG001414.json,data\processed\masks\IMG001414.png,2048,2500,2,1,1,False,55467
IMG001415.jpeg,1,data\raw\images\IMG001415.jpeg,data\raw\Annotations\IMG001415.json,data\processed\masks\IMG001415.png,2048,2500,2,1,1,False,164152
IMG001416.jpeg,1,data\raw\images\IMG001416.jpeg,data\raw\Annotations\IMG001416.json,data\processed\masks\IMG001416.png,1380,1687,17,9,8,False,200379
IMG001417.jpeg,1,data\raw\images\IMG001417.jpeg,data\raw\Annotations\IMG001417.json,data\processed\masks\IMG001417.png,334,775,2,1,1,False,8639
IMG001418.jpeg,1,data\raw\images\IMG001418.jpeg,data\raw\Annotations\IMG001418.json,data\processed\masks\IMG001418.png,426,775,2,1,1,False,8975
IMG001419.jpeg,1,data\raw\images\IMG001419.jpeg,data\raw\Annotations\IMG001419.json,data\processed\masks\IMG001419.png,1600,1600,2,1,1,False,54429
IMG001420.jpeg,1,data\raw\images\IMG001420.jpeg,data\raw\Annotations\IMG001420.json,data\processed\masks\IMG001420.png,1600,1600,2,1,1,False,63024
IMG001421.jpeg,1,data\raw\images\IMG001421.jpeg,data\raw\Annotations\IMG001421.json,data\processed\masks\IMG001421.png,564,1030,2,1,1,False,7429
IMG001422.jpeg,1,data\raw\images\IMG001422.jpeg,data\raw\Annotations\IMG001422.json,data\processed\masks\IMG001422.png,2048,2048,2,1,1,False,19041
IMG001423.jpeg,1,data\raw\images\IMG001423.jpeg,data\raw\Annotations\IMG001423.json,data\processed\masks\IMG001423.png,2048,2048,2,1,1,False,50512
IMG001424.jpeg,1,data\raw\images\IMG001424.jpeg,data\raw\Annotations\IMG001424.json,data\processed\masks\IMG001424.png,586,835,8,4,4,False,42974
IMG001425.jpeg,1,data\raw\images\IMG001425.jpeg,data\raw\Annotations\IMG001425.json,data\processed\masks\IMG001425.png,1600,2145,2,1,1,False,41493
IMG001426.jpeg,1,data\raw\images\IMG001426.jpeg,data\raw\Annotations\IMG001426.json,data\processed\masks\IMG001426.png,1460,1688,2,1,1,False,9429
IMG001427.jpeg,1,data\raw\images\IMG001427.jpeg,data\raw\Annotations\IMG001427.json,data\processed\masks\IMG001427.png,1209,1517,2,1,1,False,8859
IMG001428.jpeg,1,data\raw\images\IMG001428.jpeg,data\raw\Annotations\IMG001428.json,data\processed\masks\IMG001428.png,2350,2897,2,1,1,False,32630
IMG001429.jpeg,1,data\raw\images\IMG001429.jpeg,data\raw\Annotations\IMG001429.json,data\processed\masks\IMG001429.png,2854,3314,2,1,1,False,48707
IMG001430.jpeg,1,data\raw\images\IMG001430.jpeg,data\raw\Annotations\IMG001430.json,data\processed\masks\IMG001430.png,1863,1884,2,1,1,False,173026
IMG001431.jpeg,1,data\raw\images\IMG001431.jpeg,data\raw\Annotations\IMG001431.json,data\processed\masks\IMG001431.png,1244,2539,2,1,1,False,166114
IMG001432.jpeg,1,data\raw\images\IMG001432.jpeg,data\raw\Annotations\IMG001432.json,data\processed\masks\IMG001432.png,1600,1600,2,1,1,False,20106
IMG001433.jpeg,1,data\raw\images\IMG001433.jpeg,data\raw\Annotations\IMG001433.json,data\processed\masks\IMG001433.png,1140,1430,2,1,1,False,41045
IMG001434.jpeg,1,data\raw\images\IMG001434.jpeg,data\raw\Annotations\IMG001434.json,data\processed\masks\IMG001434.png,1140,1430,2,1,1,False,34035
IMG001435.jpeg,1,data\raw\images\IMG001435.jpeg,data\raw\Annotations\IMG001435.json,data\processed\masks\IMG001435.png,1751,1388,2,1,1,False,134823
IMG001436.jpeg,1,data\raw\images\IMG001436.jpeg,data\raw\Annotations\IMG001436.json,data\processed\masks\IMG001436.png,1813,1162,2,1,1,False,129912
IMG001437.jpeg,1,data\raw\images\IMG001437.jpeg,data\raw\Annotations\IMG001437.json,data\processed\masks\IMG001437.png,1994,2430,6,3,3,False,618320
IMG001438.jpeg,1,data\raw\images\IMG001438.jpeg,data\raw\Annotations\IMG001438.json,data\processed\masks\IMG001438.png,1994,2430,8,4,4,False,879329
IMG001439.jpeg,1,data\raw\images\IMG001439.jpeg,data\raw\Annotations\IMG001439.json,data\processed\masks\IMG001439.png,1150,1068,2,1,1,False,68073
IMG001440.jpeg,1,data\raw\images\IMG001440.jpeg,data\raw\Annotations\IMG001440.json,data\processed\masks\IMG001440.png,533,817,2,1,1,False,30900
IMG001441.jpeg,1,data\raw\images\IMG001441.jpeg,data\raw\Annotations\IMG001441.json,data\processed\masks\IMG001441.png,421,851,4,2,2,False,20259
IMG001442.jpeg,1,data\raw\images\IMG001442.jpeg,data\raw\Annotations\IMG001442.json,data\processed\masks\IMG001442.png,767,852,2,1,1,False,29975
IMG001443.jpeg,1,data\raw\images\IMG001443.jpeg,data\raw\Annotations\IMG001443.json,data\processed\masks\IMG001443.png,826,846,2,1,1,False,27416
IMG001444.jpeg,1,data\raw\images\IMG001444.jpeg,data\raw\Annotations\IMG001444.json,data\processed\masks\IMG001444.png,926,570,4,2,2,False,45683
IMG001445.jpeg,1,data\raw\images\IMG001445.jpeg,data\raw\Annotations\IMG001445.json,data\processed\masks\IMG001445.png,1073,846,10,5,5,False,15563
IMG001446.jpeg,1,data\raw\images\IMG001446.jpeg,data\raw\Annotations\IMG001446.json,data\processed\masks\IMG001446.png,3480,4248,2,1,1,False,234780
IMG001447.jpeg,1,data\raw\images\IMG001447.jpeg,data\raw\Annotations\IMG001447.json,data\processed\masks\IMG001447.png,3480,4248,2,1,1,False,179725
IMG001448.jpeg,1,data\raw\images\IMG001448.jpeg,data\raw\Annotations\IMG001448.json,data\processed\masks\IMG001448.png,639,842,2,1,1,False,3969
IMG001449.jpeg,1,data\raw\images\IMG001449.jpeg,data\raw\Annotations\IMG001449.json,data\processed\masks\IMG001449.png,2602,4235,2,1,1,False,92505
IMG001450.jpeg,1,data\raw\images\IMG001450.jpeg,data\raw\Annotations\IMG001450.json,data\processed\masks\IMG001450.png,3232,4300,2,1,1,False,253014
IMG001451.jpeg,1,data\raw\images\IMG001451.jpeg,data\raw\Annotations\IMG001451.json,data\processed\masks\IMG001451.png,3188,3974,2,1,1,False,239053
IMG001452.jpeg,1,data\raw\images\IMG001452.jpeg,data\raw\Annotations\IMG001452.json,data\processed\masks\IMG001452.png,2768,4250,2,1,1,False,270852
IMG001453.jpeg,1,data\raw\images\IMG001453.jpeg,data\raw\Annotations\IMG001453.json,data\processed\masks\IMG001453.png,874,2133,2,1,1,False,33465
IMG001454.jpeg,1,data\raw\images\IMG001454.jpeg,data\raw\Annotations\IMG001454.json,data\processed\masks\IMG001454.png,1351,3844,2,1,1,False,63019
IMG001455.jpeg,1,data\raw\images\IMG001455.jpeg,data\raw\Annotations\IMG001455.json,data\processed\masks\IMG001455.png,2683,3663,2,1,1,False,161462
IMG001456.jpeg,1,data\raw\images\IMG001456.jpeg,data\raw\Annotations\IMG001456.json,data\processed\masks\IMG001456.png,2370,3072,2,1,1,False,57569
IMG001457.jpeg,1,data\raw\images\IMG001457.jpeg,data\raw\Annotations\IMG001457.json,data\processed\masks\IMG001457.png,2263,3072,2,1,1,False,36741
IMG001458.jpeg,1,data\raw\images\IMG001458.jpeg,data\raw\Annotations\IMG001458.json,data\processed\masks\IMG001458.png,1386,1947,2,1,1,False,195673
IMG001459.jpeg,1,data\raw\images\IMG001459.jpeg,data\raw\Annotations\IMG001459.json,data\processed\masks\IMG001459.png,1499,2361,2,1,1,False,270443
IMG001460.jpeg,1,data\raw\images\IMG001460.jpeg,data\raw\Annotations\IMG001460.json,data\processed\masks\IMG001460.png,1272,3449,2,1,1,False,109680
IMG001461.jpeg,1,data\raw\images\IMG001461.jpeg,data\raw\Annotations\IMG001461.json,data\processed\masks\IMG001461.png,3594,1544,2,1,1,False,77611
IMG001462.jpeg,1,data\raw\images\IMG001462.jpeg,data\raw\Annotations\IMG001462.json,data\processed\masks\IMG001462.png,1964,827,2,1,1,False,117243
IMG001463.jpeg,1,data\raw\images\IMG001463.jpeg,data\raw\Annotations\IMG001463.json,data\processed\masks\IMG001463.png,1311,1862,2,1,1,False,117843
IMG001464.jpeg,1,data\raw\images\IMG001464.jpeg,data\raw\Annotations\IMG001464.json,data\processed\masks\IMG001464.png,1660,3056,4,2,2,False,184243
IMG001465.jpeg,1,data\raw\images\IMG001465.jpeg,data\raw\Annotations\IMG001465.json,data\processed\masks\IMG001465.png,1766,2996,4,2,2,False,359168
IMG001466.jpeg,1,data\raw\images\IMG001466.jpeg,data\raw\Annotations\IMG001466.json,data\processed\masks\IMG001466.png,1677,3615,2,1,1,False,66088
IMG001467.jpeg,1,data\raw\images\IMG001467.jpeg,data\raw\Annotations\IMG001467.json,data\processed\masks\IMG001467.png,580,1031,2,1,1,False,1827
IMG001468.jpeg,1,data\raw\images\IMG001468.jpeg,data\raw\Annotations\IMG001468.json,data\processed\masks\IMG001468.png,1067,1949,2,1,1,False,26756
IMG001469.jpeg,1,data\raw\images\IMG001469.jpeg,data\raw\Annotations\IMG001469.json,data\processed\masks\IMG001469.png,1926,3408,2,1,1,False,32412
IMG001470.jpeg,1,data\raw\images\IMG001470.jpeg,data\raw\Annotations\IMG001470.json,data\processed\masks\IMG001470.png,1926,3408,2,1,1,False,42246
IMG001471.jpeg,1,data\raw\images\IMG001471.jpeg,data\raw\Annotations\IMG001471.json,data\processed\masks\IMG001471.png,1680,2708,2,1,1,False,213739
IMG001472.jpeg,1,data\raw\images\IMG001472.jpeg,data\raw\Annotations\IMG001472.json,data\processed\masks\IMG001472.png,1706,2810,2,1,1,False,322510
IMG001473.jpeg,1,data\raw\images\IMG001473.jpeg,data\raw\Annotations\IMG001473.json,data\processed\masks\IMG001473.png,2856,2580,2,1,1,False,91177
IMG001474.jpeg,1,data\raw\images\IMG001474.jpeg,data\raw\Annotations\IMG001474.json,data\processed\masks\IMG001474.png,1600,1600,2,1,1,False,119890
IMG001475.jpeg,1,data\raw\images\IMG001475.jpeg,data\raw\Annotations\IMG001475.json,data\processed\masks\IMG001475.png,1600,1600,2,1,1,False,133806
IMG001476.jpeg,1,data\raw\images\IMG001476.jpeg,data\raw\Annotations\IMG001476.json,data\processed\masks\IMG001476.png,1348,2212,2,1,1,False,22063
IMG001477.jpeg,1,data\raw\images\IMG001477.jpeg,data\raw\Annotations\IMG001477.json,data\processed\masks\IMG001477.png,1190,2245,4,2,2,False,357428
IMG001478.jpeg,1,data\raw\images\IMG001478.jpeg,data\raw\Annotations\IMG001478.json,data\processed\masks\IMG001478.png,1042,2586,6,3,3,False,382588
IMG001479.jpeg,1,data\raw\images\IMG001479.jpeg,data\raw\Annotations\IMG001479.json,data\processed\masks\IMG001479.png,722,970,2,1,1,False,11319
IMG001480.jpeg,1,data\raw\images\IMG001480.jpeg,data\raw\Annotations\IMG001480.json,data\processed\masks\IMG001480.png,517,855,2,1,1,False,19669
IMG001481.jpeg,1,data\raw\images\IMG001481.jpeg,data\raw\Annotations\IMG001481.json,data\processed\masks\IMG001481.png,515,855,2,1,1,False,25222
IMG001482.jpeg,1,data\raw\images\IMG001482.jpeg,data\raw\Annotations\IMG001482.json,data\processed\masks\IMG001482.png,636,768,2,1,1,False,86958
IMG001483.jpeg,1,data\raw\images\IMG001483.jpeg,data\raw\Annotations\IMG001483.json,data\processed\masks\IMG001483.png,1190,2685,2,1,1,False,44186
IMG001484.jpeg,1,data\raw\images\IMG001484.jpeg,data\raw\Annotations\IMG001484.json,data\processed\masks\IMG001484.png,636,819,2,1,1,False,14505
IMG001485.jpeg,1,data\raw\images\IMG001485.jpeg,data\raw\Annotations\IMG001485.json,data\processed\masks\IMG001485.png,277,821,2,1,1,False,10789
IMG001486.jpeg,1,data\raw\images\IMG001486.jpeg,data\raw\Annotations\IMG001486.json,data\processed\masks\IMG001486.png,542,821,2,1,1,False,53144
IMG001487.jpeg,1,data\raw\images\IMG001487.jpeg,data\raw\Annotations\IMG001487.json,data\processed\masks\IMG001487.png,360,819,2,1,1,False,44022
IMG001488.jpeg,1,data\raw\images\IMG001488.jpeg,data\raw\Annotations\IMG001488.json,data\processed\masks\IMG001488.png,1461,1540,2,1,1,False,20832
IMG001489.jpeg,1,data\raw\images\IMG001489.jpeg,data\raw\Annotations\IMG001489.json,data\processed\masks\IMG001489.png,933,1583,2,1,1,False,38897
IMG001490.jpeg,1,data\raw\images\IMG001490.jpeg,data\raw\Annotations\IMG001490.json,data\processed\masks\IMG001490.png,1025,1398,2,1,1,False,30350
IMG001491.jpeg,1,data\raw\images\IMG001491.jpeg,data\raw\Annotations\IMG001491.json,data\processed\masks\IMG001491.png,1208,1195,2,1,1,False,26414
IMG001492.jpeg,1,data\raw\images\IMG001492.jpeg,data\raw\Annotations\IMG001492.json,data\processed\masks\IMG001492.png,1448,2132,2,1,1,False,12935
IMG001493.jpeg,1,data\raw\images\IMG001493.jpeg,data\raw\Annotations\IMG001493.json,data\processed\masks\IMG001493.png,684,1161,2,1,1,False,25754
IMG001494.jpeg,1,data\raw\images\IMG001494.jpeg,data\raw\Annotations\IMG001494.json,data\processed\masks\IMG001494.png,788,1115,2,1,1,False,22476
IMG001495.jpeg,1,data\raw\images\IMG001495.jpeg,data\raw\Annotations\IMG001495.json,data\processed\masks\IMG001495.png,1795,4295,2,1,1,False,44552
IMG001496.jpeg,1,data\raw\images\IMG001496.jpeg,data\raw\Annotations\IMG001496.json,data\processed\masks\IMG001496.png,1899,3470,2,1,1,False,103751
IMG001497.jpeg,1,data\raw\images\IMG001497.jpeg,data\raw\Annotations\IMG001497.json,data\processed\masks\IMG001497.png,1806,3182,2,1,1,False,105135
IMG001498.jpeg,1,data\raw\images\IMG001498.jpeg,data\raw\Annotations\IMG001498.json,data\processed\masks\IMG001498.png,1269,2049,2,1,1,False,113524
IMG001499.jpeg,1,data\raw\images\IMG001499.jpeg,data\raw\Annotations\IMG001499.json,data\processed\masks\IMG001499.png,1488,1261,2,1,1,False,37331
IMG001500.jpeg,1,data\raw\images\IMG001500.jpeg,data\raw\Annotations\IMG001500.json,data\processed\masks\IMG001500.png,1496,1539,2,1,1,False,44307
IMG001501.jpeg,1,data\raw\images\IMG001501.jpeg,data\raw\Annotations\IMG001501.json,data\processed\masks\IMG001501.png,1482,1126,2,1,1,False,31609
IMG001502.jpeg,1,data\raw\images\IMG001502.jpeg,data\raw\Annotations\IMG001502.json,data\processed\masks\IMG001502.png,420,815,2,1,1,False,2751
IMG001503.jpeg,1,data\raw\images\IMG001503.jpeg,data\raw\Annotations\IMG001503.json,data\processed\masks\IMG001503.png,1994,2430,2,1,1,False,43642
IMG001504.jpeg,1,data\raw\images\IMG001504.jpeg,data\raw\Annotations\IMG001504.json,data\processed\masks\IMG001504.png,471,1081,2,1,1,False,93953
IMG001505.jpeg,1,data\raw\images\IMG001505.jpeg,data\raw\Annotations\IMG001505.json,data\processed\masks\IMG001505.png,331,823,2,1,1,False,31191
IMG001506.jpeg,1,data\raw\images\IMG001506.jpeg,data\raw\Annotations\IMG001506.json,data\processed\masks\IMG001506.png,332,480,2,1,1,False,3068
IMG001507.jpeg,1,data\raw\images\IMG001507.jpeg,data\raw\Annotations\IMG001507.json,data\processed\masks\IMG001507.png,250,477,2,1,1,False,1909
IMG001508.jpeg,1,data\raw\images\IMG001508.jpeg,data\raw\Annotations\IMG001508.json,data\processed\masks\IMG001508.png,1805,2994,2,1,1,False,111385
IMG001509.jpeg,1,data\raw\images\IMG001509.jpeg,data\raw\Annotations\IMG001509.json,data\processed\masks\IMG001509.png,1918,2994,2,1,1,False,218006
IMG001510.jpeg,1,data\raw\images\IMG001510.jpeg,data\raw\Annotations\IMG001510.json,data\processed\masks\IMG001510.png,830,1184,2,1,1,False,37744
IMG001511.jpeg,1,data\raw\images\IMG001511.jpeg,data\raw\Annotations\IMG001511.json,data\processed\masks\IMG001511.png,825,1213,2,1,1,False,64208
IMG001512.jpeg,1,data\raw\images\IMG001512.jpeg,data\raw\Annotations\IMG001512.json,data\processed\masks\IMG001512.png,923,1645,2,1,1,False,83144
IMG001513.jpeg,1,data\raw\images\IMG001513.jpeg,data\raw\Annotations\IMG001513.json,data\processed\masks\IMG001513.png,1597,931,2,1,1,False,40001
IMG001514.jpeg,1,data\raw\images\IMG001514.jpeg,data\raw\Annotations\IMG001514.json,data\processed\masks\IMG001514.png,1556,2780,4,2,2,False,479630
IMG001515.jpeg,1,data\raw\images\IMG001515.jpeg,data\raw\Annotations\IMG001515.json,data\processed\masks\IMG001515.png,736,1852,4,2,2,False,96184
IMG001516.jpeg,1,data\raw\images\IMG001516.jpeg,data\raw\Annotations\IMG001516.json,data\processed\masks\IMG001516.png,1062,3105,2,1,1,False,408639
IMG001517.jpeg,1,data\raw\images\IMG001517.jpeg,data\raw\Annotations\IMG001517.json,data\processed\masks\IMG001517.png,768,937,8,4,4,False,117653
IMG001518.jpeg,1,data\raw\images\IMG001518.jpeg,data\raw\Annotations\IMG001518.json,data\processed\masks\IMG001518.png,1755,2946,2,1,1,False,27702
IMG001519.jpeg,1,data\raw\images\IMG001519.jpeg,data\raw\Annotations\IMG001519.json,data\processed\masks\IMG001519.png,3007,3027,2,1,1,False,14983
IMG001520.jpeg,1,data\raw\images\IMG001520.jpeg,data\raw\Annotations\IMG001520.json,data\processed\masks\IMG001520.png,499,817,2,1,1,False,2358
IMG001521.jpeg,1,data\raw\images\IMG001521.jpeg,data\raw\Annotations\IMG001521.json,data\processed\masks\IMG001521.png,1124,1688,2,1,1,False,70300
IMG001522.jpeg,1,data\raw\images\IMG001522.jpeg,data\raw\Annotations\IMG001522.json,data\processed\masks\IMG001522.png,937,1017,2,1,1,False,8761
IMG001523.jpeg,1,data\raw\images\IMG001523.jpeg,data\raw\Annotations\IMG001523.json,data\processed\masks\IMG001523.png,1092,1824,2,1,1,False,10626
IMG001524.jpeg,1,data\raw\images\IMG001524.jpeg,data\raw\Annotations\IMG001524.json,data\processed\masks\IMG001524.png,931,923,2,1,1,False,20582
IMG001525.jpeg,1,data\raw\images\IMG001525.jpeg,data\raw\Annotations\IMG001525.json,data\processed\masks\IMG001525.png,631,1059,2,1,1,False,35194
IMG001526.jpeg,1,data\raw\images\IMG001526.jpeg,data\raw\Annotations\IMG001526.json,data\processed\masks\IMG001526.png,469,1059,2,1,1,False,32980
IMG001527.jpeg,1,data\raw\images\IMG001527.jpeg,data\raw\Annotations\IMG001527.json,data\processed\masks\IMG001527.png,2173,3353,4,2,2,False,1076298
IMG001528.jpeg,1,data\raw\images\IMG001528.jpeg,data\raw\Annotations\IMG001528.json,data\processed\masks\IMG001528.png,3040,3609,10,5,5,False,734898
IMG001529.jpeg,1,data\raw\images\IMG001529.jpeg,data\raw\Annotations\IMG001529.json,data\processed\masks\IMG001529.png,1231,2017,8,4,4,False,540135
IMG001530.jpeg,1,data\raw\images\IMG001530.jpeg,data\raw\Annotations\IMG001530.json,data\processed\masks\IMG001530.png,1238,2017,4,2,2,False,432912
IMG001531.jpeg,1,data\raw\images\IMG001531.jpeg,data\raw\Annotations\IMG001531.json,data\processed\masks\IMG001531.png,631,836,2,1,1,False,12257
IMG001532.jpeg,1,data\raw\images\IMG001532.jpeg,data\raw\Annotations\IMG001532.json,data\processed\masks\IMG001532.png,750,983,2,1,1,False,162946
IMG001533.jpeg,1,data\raw\images\IMG001533.jpeg,data\raw\Annotations\IMG001533.json,data\processed\masks\IMG001533.png,727,983,2,1,1,False,117847
IMG001534.jpeg,1,data\raw\images\IMG001534.jpeg,data\raw\Annotations\IMG001534.json,data\processed\masks\IMG001534.png,936,1988,2,1,1,False,45809
IMG001535.jpeg,1,data\raw\images\IMG001535.jpeg,data\raw\Annotations\IMG001535.json,data\processed\masks\IMG001535.png,836,2088,2,1,1,False,33222
IMG001536.jpeg,1,data\raw\images\IMG001536.jpeg,data\raw\Annotations\IMG001536.json,data\processed\masks\IMG001536.png,1019,2014,2,1,1,False,51832
IMG001537.jpeg,1,data\raw\images\IMG001537.jpeg,data\raw\Annotations\IMG001537.json,data\processed\masks\IMG001537.png,802,1990,2,1,1,False,51060
IMG001538.jpeg,1,data\raw\images\IMG001538.jpeg,data\raw\Annotations\IMG001538.json,data\processed\masks\IMG001538.png,1192,1380,2,1,1,False,55862
IMG001539.jpeg,1,data\raw\images\IMG001539.jpeg,data\raw\Annotations\IMG001539.json,data\processed\masks\IMG001539.png,1192,1380,2,1,1,False,31320
IMG001540.jpeg,1,data\raw\images\IMG001540.jpeg,data\raw\Annotations\IMG001540.json,data\processed\masks\IMG001540.png,1335,1642,2,1,1,False,38502
IMG001541.jpeg,1,data\raw\images\IMG001541.jpeg,data\raw\Annotations\IMG001541.json,data\processed\masks\IMG001541.png,1335,1642,2,1,1,False,32991
IMG001542.jpeg,1,data\raw\images\IMG001542.jpeg,data\raw\Annotations\IMG001542.json,data\processed\masks\IMG001542.png,1129,1164,2,1,1,False,24377
IMG001543.jpeg,1,data\raw\images\IMG001543.jpeg,data\raw\Annotations\IMG001543.json,data\processed\masks\IMG001543.png,520,776,2,1,1,False,2573
IMG001544.jpeg,1,data\raw\images\IMG001544.jpeg,data\raw\Annotations\IMG001544.json,data\processed\masks\IMG001544.png,517,806,2,1,1,False,3958
IMG001545.jpeg,1,data\raw\images\IMG001545.jpeg,data\raw\Annotations\IMG001545.json,data\processed\masks\IMG001545.png,1319,1362,2,1,1,False,114985
IMG001546.jpeg,1,data\raw\images\IMG001546.jpeg,data\raw\Annotations\IMG001546.json,data\processed\masks\IMG001546.png,926,1576,2,1,1,False,72395
IMG001547.jpeg,1,data\raw\images\IMG001547.jpeg,data\raw\Annotations\IMG001547.json,data\processed\masks\IMG001547.png,1312,1971,2,1,1,False,188746
IMG001548.jpeg,1,data\raw\images\IMG001548.jpeg,data\raw\Annotations\IMG001548.json,data\processed\masks\IMG001548.png,1706,2130,2,1,1,False,76535
IMG001549.jpeg,1,data\raw\images\IMG001549.jpeg,data\raw\Annotations\IMG001549.json,data\processed\masks\IMG001549.png,1189,1642,4,2,2,False,35780
IMG001550.jpeg,1,data\raw\images\IMG001550.jpeg,data\raw\Annotations\IMG001550.json,data\processed\masks\IMG001550.png,1021,1517,4,2,2,False,40361
IMG001551.jpeg,1,data\raw\images\IMG001551.jpeg,data\raw\Annotations\IMG001551.json,data\processed\masks\IMG001551.png,541,1024,2,1,1,False,86132
IMG001552.jpeg,1,data\raw\images\IMG001552.jpeg,data\raw\Annotations\IMG001552.json,data\processed\masks\IMG001552.png,1956,2580,2,1,1,False,135587
IMG001553.jpeg,1,data\raw\images\IMG001553.jpeg,data\raw\Annotations\IMG001553.json,data\processed\masks\IMG001553.png,1868,2568,2,1,1,False,181518
IMG001554.jpeg,1,data\raw\images\IMG001554.jpeg,data\raw\Annotations\IMG001554.json,data\processed\masks\IMG001554.png,2004,2620,2,1,1,False,156210
IMG001555.jpeg,1,data\raw\images\IMG001555.jpeg,data\raw\Annotations\IMG001555.json,data\processed\masks\IMG001555.png,2276,2493,8,4,4,False,995979
IMG001556.jpeg,1,data\raw\images\IMG001556.jpeg,data\raw\Annotations\IMG001556.json,data\processed\masks\IMG001556.png,2141,2825,8,4,4,False,825523
IMG001557.jpeg,1,data\raw\images\IMG001557.jpeg,data\raw\Annotations\IMG001557.json,data\processed\masks\IMG001557.png,1731,2943,2,1,1,False,25450
IMG001558.jpeg,1,data\raw\images\IMG001558.jpeg,data\raw\Annotations\IMG001558.json,data\processed\masks\IMG001558.png,1513,1674,2,1,1,False,200422
IMG001559.jpeg,1,data\raw\images\IMG001559.jpeg,data\raw\Annotations\IMG001559.json,data\processed\masks\IMG001559.png,1391,1988,2,1,1,False,195141
IMG001560.jpeg,1,data\raw\images\IMG001560.jpeg,data\raw\Annotations\IMG001560.json,data\processed\masks\IMG001560.png,2736,3648,2,1,1,False,1303389
IMG001561.jpeg,1,data\raw\images\IMG001561.jpeg,data\raw\Annotations\IMG001561.json,data\processed\masks\IMG001561.png,881,1638,2,1,1,False,67295
IMG001562.jpeg,1,data\raw\images\IMG001562.jpeg,data\raw\Annotations\IMG001562.json,data\processed\masks\IMG001562.png,850,1868,2,1,1,False,82800
IMG001563.jpeg,1,data\raw\images\IMG001563.jpeg,data\raw\Annotations\IMG001563.json,data\processed\masks\IMG001563.png,467,813,6,3,3,False,40481
IMG001564.jpeg,1,data\raw\images\IMG001564.jpeg,data\raw\Annotations\IMG001564.json,data\processed\masks\IMG001564.png,958,817,10,5,5,False,116671
IMG001565.jpeg,1,data\raw\images\IMG001565.jpeg,data\raw\Annotations\IMG001565.json,data\processed\masks\IMG001565.png,446,819,6,3,3,False,55102
IMG001566.jpeg,1,data\raw\images\IMG001566.jpeg,data\raw\Annotations\IMG001566.json,data\processed\masks\IMG001566.png,735,1465,2,1,1,False,26066
IMG001567.jpeg,1,data\raw\images\IMG001567.jpeg,data\raw\Annotations\IMG001567.json,data\processed\masks\IMG001567.png,719,1465,2,1,1,False,20796
IMG001568.jpeg,1,data\raw\images\IMG001568.jpeg,data\raw\Annotations\IMG001568.json,data\processed\masks\IMG001568.png,1576,1976,2,1,1,False,10106
IMG001569.jpeg,1,data\raw\images\IMG001569.jpeg,data\raw\Annotations\IMG001569.json,data\processed\masks\IMG001569.png,590,827,2,1,1,False,2246
IMG001570.jpeg,1,data\raw\images\IMG001570.jpeg,data\raw\Annotations\IMG001570.json,data\processed\masks\IMG001570.png,575,848,2,1,1,False,2692
IMG001571.jpeg,1,data\raw\images\IMG001571.jpeg,data\raw\Annotations\IMG001571.json,data\processed\masks\IMG001571.png,851,693,4,2,2,False,2562
IMG001572.jpeg,1,data\raw\images\IMG001572.jpeg,data\raw\Annotations\IMG001572.json,data\processed\masks\IMG001572.png,891,820,2,1,1,False,3455
IMG001573.jpeg,1,data\raw\images\IMG001573.jpeg,data\raw\Annotations\IMG001573.json,data\processed\masks\IMG001573.png,1451,2022,2,1,1,False,50545
IMG001574.jpeg,1,data\raw\images\IMG001574.jpeg,data\raw\Annotations\IMG001574.json,data\processed\masks\IMG001574.png,1651,2022,2,1,1,False,61889
IMG001575.jpeg,1,data\raw\images\IMG001575.jpeg,data\raw\Annotations\IMG001575.json,data\processed\masks\IMG001575.png,2560,2948,2,1,1,False,164757
IMG001576.jpeg,1,data\raw\images\IMG001576.jpeg,data\raw\Annotations\IMG001576.json,data\processed\masks\IMG001576.png,1354,2906,2,1,1,False,198637
IMG001577.jpeg,1,data\raw\images\IMG001577.jpeg,data\raw\Annotations\IMG001577.json,data\processed\masks\IMG001577.png,2560,2610,2,1,1,False,157426
IMG001578.jpeg,1,data\raw\images\IMG001578.jpeg,data\raw\Annotations\IMG001578.json,data\processed\masks\IMG001578.png,1780,1989,2,1,1,False,59635
IMG001579.jpeg,1,data\raw\images\IMG001579.jpeg,data\raw\Annotations\IMG001579.json,data\processed\masks\IMG001579.png,1652,2069,2,1,1,False,27562
IMG001580.jpeg,1,data\raw\images\IMG001580.jpeg,data\raw\Annotations\IMG001580.json,data\processed\masks\IMG001580.png,521,1033,2,1,1,False,33205
IMG001581.jpeg,1,data\raw\images\IMG001581.jpeg,data\raw\Annotations\IMG001581.json,data\processed\masks\IMG001581.png,1171,1407,2,1,1,False,40978
IMG001582.jpeg,1,data\raw\images\IMG001582.jpeg,data\raw\Annotations\IMG001582.json,data\processed\masks\IMG001582.png,1829,3025,4,2,2,False,61729
IMG001583.jpeg,1,data\raw\images\IMG001583.jpeg,data\raw\Annotations\IMG001583.json,data\processed\masks\IMG001583.png,2752,2240,2,1,1,False,79479
IMG001584.jpeg,1,data\raw\images\IMG001584.jpeg,data\raw\Annotations\IMG001584.json,data\processed\masks\IMG001584.png,916,999,2,1,1,False,7220
IMG001585.jpeg,1,data\raw\images\IMG001585.jpeg,data\raw\Annotations\IMG001585.json,data\processed\masks\IMG001585.png,895,895,2,1,1,False,14886
IMG001586.jpeg,1,data\raw\images\IMG001586.jpeg,data\raw\Annotations\IMG001586.json,data\processed\masks\IMG001586.png,701,1298,2,1,1,False,12244
IMG001587.jpeg,1,data\raw\images\IMG001587.jpeg,data\raw\Annotations\IMG001587.json,data\processed\masks\IMG001587.png,396,1071,2,1,1,False,7671
IMG001588.jpeg,1,data\raw\images\IMG001588.jpeg,data\raw\Annotations\IMG001588.json,data\processed\masks\IMG001588.png,829,815,2,1,1,False,1717
IMG001589.jpeg,1,data\raw\images\IMG001589.jpeg,data\raw\Annotations\IMG001589.json,data\processed\masks\IMG001589.png,2856,2243,2,1,1,False,22114
IMG001590.jpeg,1,data\raw\images\IMG001590.jpeg,data\raw\Annotations\IMG001590.json,data\processed\masks\IMG001590.png,1972,2720,4,2,2,False,702713
IMG001591.jpeg,1,data\raw\images\IMG001591.jpeg,data\raw\Annotations\IMG001591.json,data\processed\masks\IMG001591.png,2264,2573,8,4,4,False,544476
IMG001592.jpeg,1,data\raw\images\IMG001592.jpeg,data\raw\Annotations\IMG001592.json,data\processed\masks\IMG001592.png,2768,2209,12,6,6,False,1094822
IMG001593.jpeg,1,data\raw\images\IMG001593.jpeg,data\raw\Annotations\IMG001593.json,data\processed\masks\IMG001593.png,1691,2567,2,1,1,False,57309
IMG001594.jpeg,1,data\raw\images\IMG001594.jpeg,data\raw\Annotations\IMG001594.json,data\processed\masks\IMG001594.png,1624,2540,2,1,1,False,57114
IMG001595.jpeg,1,data\raw\images\IMG001595.jpeg,data\raw\Annotations\IMG001595.json,data\processed\masks\IMG001595.png,467,625,2,1,1,False,9555
IMG001596.jpeg,1,data\raw\images\IMG001596.jpeg,data\raw\Annotations\IMG001596.json,data\processed\masks\IMG001596.png,895,696,2,1,1,False,14640
IMG001597.jpeg,1,data\raw\images\IMG001597.jpeg,data\raw\Annotations\IMG001597.json,data\processed\masks\IMG001597.png,945,1466,2,1,1,False,70608
IMG001598.jpeg,1,data\raw\images\IMG001598.jpeg,data\raw\Annotations\IMG001598.json,data\processed\masks\IMG001598.png,738,1189,2,1,1,False,78911
IMG001599.jpeg,1,data\raw\images\IMG001599.jpeg,data\raw\Annotations\IMG001599.json,data\processed\masks\IMG001599.png,1242,958,2,1,1,False,50092
IMG001600.jpeg,1,data\raw\images\IMG001600.jpeg,data\raw\Annotations\IMG001600.json,data\processed\masks\IMG001600.png,1412,711,2,1,1,False,57194
IMG001601.jpeg,1,data\raw\images\IMG001601.jpeg,data\raw\Annotations\IMG001601.json,data\processed\masks\IMG001601.png,1709,2289,2,1,1,False,63293
IMG001602.jpeg,1,data\raw\images\IMG001602.jpeg,data\raw\Annotations\IMG001602.json,data\processed\masks\IMG001602.png,651,650,2,1,1,False,9360
IMG001603.jpeg,1,data\raw\images\IMG001603.jpeg,data\raw\Annotations\IMG001603.json,data\processed\masks\IMG001603.png,691,691,2,1,1,False,12470
IMG001604.jpeg,1,data\raw\images\IMG001604.jpeg,data\raw\Annotations\IMG001604.json,data\processed\masks\IMG001604.png,564,745,19,9,10,False,16982
IMG001605.jpeg,1,data\raw\images\IMG001605.jpeg,data\raw\Annotations\IMG001605.json,data\processed\masks\IMG001605.png,270,609,2,1,1,False,3860
IMG001606.jpeg,1,data\raw\images\IMG001606.jpeg,data\raw\Annotations\IMG001606.json,data\processed\masks\IMG001606.png,548,697,4,2,2,False,17155
IMG001607.jpeg,1,data\raw\images\IMG001607.jpeg,data\raw\Annotations\IMG001607.json,data\processed\masks\IMG001607.png,1444,1866,2,1,1,False,19673
IMG001608.jpeg,1,data\raw\images\IMG001608.jpeg,data\raw\Annotations\IMG001608.json,data\processed\masks\IMG001608.png,1021,1194,2,1,1,False,37515
IMG001609.jpeg,1,data\raw\images\IMG001609.jpeg,data\raw\Annotations\IMG001609.json,data\processed\masks\IMG001609.png,1401,702,2,1,1,False,28532
IMG001610.jpeg,1,data\raw\images\IMG001610.jpeg,data\raw\Annotations\IMG001610.json,data\processed\masks\IMG001610.png,1996,2934,2,1,1,False,48646
IMG001611.jpeg,1,data\raw\images\IMG001611.jpeg,data\raw\Annotations\IMG001611.json,data\processed\masks\IMG001611.png,2296,2435,4,2,2,False,49570
IMG001612.jpeg,1,data\raw\images\IMG001612.jpeg,data\raw\Annotations\IMG001612.json,data\processed\masks\IMG001612.png,221,619,2,1,1,False,2818
IMG001613.jpeg,1,data\raw\images\IMG001613.jpeg,data\raw\Annotations\IMG001613.json,data\processed\masks\IMG001613.png,877,2100,2,1,1,False,89672
IMG001614.jpeg,1,data\raw\images\IMG001614.jpeg,data\raw\Annotations\IMG001614.json,data\processed\masks\IMG001614.png,1385,485,2,1,1,False,39865
IMG001615.jpeg,1,data\raw\images\IMG001615.jpeg,data\raw\Annotations\IMG001615.json,data\processed\masks\IMG001615.png,843,1526,2,1,1,False,83408
IMG001616.jpeg,1,data\raw\images\IMG001616.jpeg,data\raw\Annotations\IMG001616.json,data\processed\masks\IMG001616.png,953,890,2,1,1,False,28224
IMG001617.jpeg,1,data\raw\images\IMG001617.jpeg,data\raw\Annotations\IMG001617.json,data\processed\masks\IMG001617.png,2222,1807,2,1,1,False,101953
IMG001618.jpeg,1,data\raw\images\IMG001618.jpeg,data\raw\Annotations\IMG001618.json,data\processed\masks\IMG001618.png,1556,2918,2,1,1,False,68472
IMG001619.jpeg,1,data\raw\images\IMG001619.jpeg,data\raw\Annotations\IMG001619.json,data\processed\masks\IMG001619.png,1706,2761,2,1,1,False,25337
IMG001620.jpeg,1,data\raw\images\IMG001620.jpeg,data\raw\Annotations\IMG001620.json,data\processed\masks\IMG001620.png,1576,1556,2,1,1,False,17229
IMG001621.jpeg,1,data\raw\images\IMG001621.jpeg,data\raw\Annotations\IMG001621.json,data\processed\masks\IMG001621.png,497,863,2,1,1,False,26561
IMG001622.jpeg,1,data\raw\images\IMG001622.jpeg,data\raw\Annotations\IMG001622.json,data\processed\masks\IMG001622.png,524,1048,2,1,1,False,4010
IMG001623.jpeg,1,data\raw\images\IMG001623.jpeg,data\raw\Annotations\IMG001623.json,data\processed\masks\IMG001623.png,559,1209,2,1,1,False,15091
IMG001624.jpeg,1,data\raw\images\IMG001624.jpeg,data\raw\Annotations\IMG001624.json,data\processed\masks\IMG001624.png,1502,1502,2,1,1,False,27579
IMG001625.jpeg,1,data\raw\images\IMG001625.jpeg,data\raw\Annotations\IMG001625.json,data\processed\masks\IMG001625.png,1011,1620,2,1,1,False,72926
IMG001626.jpeg,1,data\raw\images\IMG001626.jpeg,data\raw\Annotations\IMG001626.json,data\processed\masks\IMG001626.png,352,533,2,1,1,False,10231
IMG001627.jpeg,1,data\raw\images\IMG001627.jpeg,data\raw\Annotations\IMG001627.json,data\processed\masks\IMG001627.png,908,737,2,1,1,False,79998
IMG001628.jpeg,1,data\raw\images\IMG001628.jpeg,data\raw\Annotations\IMG001628.json,data\processed\masks\IMG001628.png,610,1125,2,1,1,False,13847
IMG001629.jpeg,1,data\raw\images\IMG001629.jpeg,data\raw\Annotations\IMG001629.json,data\processed\masks\IMG001629.png,550,1125,2,1,1,False,13626
IMG001630.jpeg,1,data\raw\images\IMG001630.jpeg,data\raw\Annotations\IMG001630.json,data\processed\masks\IMG001630.png,1671,800,2,1,1,False,53100
IMG001631.jpeg,1,data\raw\images\IMG001631.jpeg,data\raw\Annotations\IMG001631.json,data\processed\masks\IMG001631.png,801,1751,2,1,1,False,51983
IMG001632.jpeg,1,data\raw\images\IMG001632.jpeg,data\raw\Annotations\IMG001632.json,data\processed\masks\IMG001632.png,1140,1476,2,1,1,False,38618
IMG001633.jpeg,1,data\raw\images\IMG001633.jpeg,data\raw\Annotations\IMG001633.json,data\processed\masks\IMG001633.png,862,2132,2,1,1,False,21755
IMG001634.jpeg,1,data\raw\images\IMG001634.jpeg,data\raw\Annotations\IMG001634.json,data\processed\masks\IMG001634.png,2308,2825,2,1,1,False,200911
IMG001635.jpeg,1,data\raw\images\IMG001635.jpeg,data\raw\Annotations\IMG001635.json,data\processed\masks\IMG001635.png,1849,3028,2,1,1,False,62701
IMG001636.jpeg,1,data\raw\images\IMG001636.jpeg,data\raw\Annotations\IMG001636.json,data\processed\masks\IMG001636.png,708,892,3,1,2,False,13728
IMG001637.jpeg,1,data\raw\images\IMG001637.jpeg,data\raw\Annotations\IMG001637.json,data\processed\masks\IMG001637.png,708,892,2,1,1,False,15450
IMG001638.jpeg,1,data\raw\images\IMG001638.jpeg,data\raw\Annotations\IMG001638.json,data\processed\masks\IMG001638.png,737,942,2,1,1,False,7853
IMG001639.jpeg,1,data\raw\images\IMG001639.jpeg,data\raw\Annotations\IMG001639.json,data\processed\masks\IMG001639.png,747,955,2,1,1,False,9721
IMG001640.jpeg,1,data\raw\images\IMG001640.jpeg,data\raw\Annotations\IMG001640.json,data\processed\masks\IMG001640.png,1022,847,2,1,1,False,13274
IMG001641.jpeg,1,data\raw\images\IMG001641.jpeg,data\raw\Annotations\IMG001641.json,data\processed\masks\IMG001641.png,1024,1280,2,1,1,False,11933
IMG001642.jpeg,1,data\raw\images\IMG001642.jpeg,data\raw\Annotations\IMG001642.json,data\processed\masks\IMG001642.png,1024,882,8,4,4,False,197267
IMG001643.jpeg,1,data\raw\images\IMG001643.jpeg,data\raw\Annotations\IMG001643.json,data\processed\masks\IMG001643.png,480,702,6,3,3,False,5257
IMG001644.jpeg,1,data\raw\images\IMG001644.jpeg,data\raw\Annotations\IMG001644.json,data\processed\masks\IMG001644.png,727,878,2,1,1,False,2610
IMG001645.jpeg,1,data\raw\images\IMG001645.jpeg,data\raw\Annotations\IMG001645.json,data\processed\masks\IMG001645.png,718,866,2,1,1,False,1793
IMG001646.jpeg,1,data\raw\images\IMG001646.jpeg,data\raw\Annotations\IMG001646.json,data\processed\masks\IMG001646.png,998,1200,2,1,1,False,76226
IMG001647.jpeg,1,data\raw\images\IMG001647.jpeg,data\raw\Annotations\IMG001647.json,data\processed\masks\IMG001647.png,987,1200,2,1,1,False,30559
IMG001648.jpeg,1,data\raw\images\IMG001648.jpeg,data\raw\Annotations\IMG001648.json,data\processed\masks\IMG001648.png,1024,1063,2,1,1,False,1065
IMG001649.jpeg,1,data\raw\images\IMG001649.jpeg,data\raw\Annotations\IMG001649.json,data\processed\masks\IMG001649.png,987,1200,2,1,1,False,31144
IMG001650.jpeg,1,data\raw\images\IMG001650.jpeg,data\raw\Annotations\IMG001650.json,data\processed\masks\IMG001650.png,631,768,2,1,1,False,16896
IMG001651.jpeg,1,data\raw\images\IMG001651.jpeg,data\raw\Annotations\IMG001651.json,data\processed\masks\IMG001651.png,600,800,2,1,1,False,25469
IMG001652.jpeg,1,data\raw\images\IMG001652.jpeg,data\raw\Annotations\IMG001652.json,data\processed\masks\IMG001652.png,600,800,2,1,1,False,38834
IMG001653.jpeg,1,data\raw\images\IMG001653.jpeg,data\raw\Annotations\IMG001653.json,data\processed\masks\IMG001653.png,1024,1285,2,1,1,False,3798
IMG001654.jpeg,1,data\raw\images\IMG001654.jpeg,data\raw\Annotations\IMG001654.json,data\processed\masks\IMG001654.png,1024,1285,2,1,1,False,2658
IMG001655.jpeg,1,data\raw\images\IMG001655.jpeg,data\raw\Annotations\IMG001655.json,data\processed\masks\IMG001655.png,1024,1024,2,1,1,False,14870
IMG001656.jpeg,1,data\raw\images\IMG001656.jpeg,data\raw\Annotations\IMG001656.json,data\processed\masks\IMG001656.png,1024,1024,2,1,1,False,4580
IMG001657.jpeg,1,data\raw\images\IMG001657.jpeg,data\raw\Annotations\IMG001657.json,data\processed\masks\IMG001657.png,1024,1013,2,1,1,False,21661
IMG001658.jpeg,1,data\raw\images\IMG001658.jpeg,data\raw\Annotations\IMG001658.json,data\processed\masks\IMG001658.png,832,1310,2,1,1,False,21043
IMG001659.jpeg,1,data\raw\images\IMG001659.jpeg,data\raw\Annotations\IMG001659.json,data\processed\masks\IMG001659.png,916,1235,2,1,1,False,17479
IMG001660.jpeg,1,data\raw\images\IMG001660.jpeg,data\raw\Annotations\IMG001660.json,data\processed\masks\IMG001660.png,1019,1280,4,2,2,False,7472
IMG001661.jpeg,1,data\raw\images\IMG001661.jpeg,data\raw\Annotations\IMG001661.json,data\processed\masks\IMG001661.png,394,804,2,1,1,False,13202
IMG001662.jpeg,1,data\raw\images\IMG001662.jpeg,data\raw\Annotations\IMG001662.json,data\processed\masks\IMG001662.png,1019,1280,6,3,3,False,109092
IMG001663.jpeg,1,data\raw\images\IMG001663.jpeg,data\raw\Annotations\IMG001663.json,data\processed\masks\IMG001663.png,1024,844,16,8,8,False,93786
IMG001664.jpeg,1,data\raw\images\IMG001664.jpeg,data\raw\Annotations\IMG001664.json,data\processed\masks\IMG001664.png,857,1200,4,2,2,False,51271
IMG001665.jpeg,1,data\raw\images\IMG001665.jpeg,data\raw\Annotations\IMG001665.json,data\processed\masks\IMG001665.png,987,1200,2,1,1,False,4705
IMG001666.jpeg,1,data\raw\images\IMG001666.jpeg,data\raw\Annotations\IMG001666.json,data\processed\masks\IMG001666.png,412,671,4,2,2,False,11731
IMG001667.jpeg,1,data\raw\images\IMG001667.jpeg,data\raw\Annotations\IMG001667.json,data\processed\masks\IMG001667.png,285,421,2,1,1,False,1076
IMG001668.jpeg,1,data\raw\images\IMG001668.jpeg,data\raw\Annotations\IMG001668.json,data\processed\masks\IMG001668.png,336,311,2,1,1,False,1027
IMG001669.jpeg,1,data\raw\images\IMG001669.jpeg,data\raw\Annotations\IMG001669.json,data\processed\masks\IMG001669.png,1024,768,2,1,1,False,2330
IMG001670.jpeg,1,data\raw\images\IMG001670.jpeg,data\raw\Annotations\IMG001670.json,data\processed\masks\IMG001670.png,1019,852,2,1,1,False,4900
IMG001671.jpeg,1,data\raw\images\IMG001671.jpeg,data\raw\Annotations\IMG001671.json,data\processed\masks\IMG001671.png,1019,984,2,1,1,False,4983
IMG001672.jpeg,1,data\raw\images\IMG001672.jpeg,data\raw\Annotations\IMG001672.json,data\processed\masks\IMG001672.png,326,690,2,1,1,False,5663
IMG001673.jpeg,1,data\raw\images\IMG001673.jpeg,data\raw\Annotations\IMG001673.json,data\processed\masks\IMG001673.png,848,769,2,1,1,False,12170
IMG001674.jpeg,1,data\raw\images\IMG001674.jpeg,data\raw\Annotations\IMG001674.json,data\processed\masks\IMG001674.png,522,794,2,1,1,False,43432
IMG001675.jpeg,1,data\raw\images\IMG001675.jpeg,data\raw\Annotations\IMG001675.json,data\processed\masks\IMG001675.png,474,769,2,1,1,False,68585
IMG001676.jpeg,1,data\raw\images\IMG001676.jpeg,data\raw\Annotations\IMG001676.json,data\processed\masks\IMG001676.png,696,1024,8,4,4,False,14875
IMG001677.jpeg,1,data\raw\images\IMG001677.jpeg,data\raw\Annotations\IMG001677.json,data\processed\masks\IMG001677.png,755,1024,8,4,4,False,19078
IMG001678.jpeg,1,data\raw\images\IMG001678.jpeg,data\raw\Annotations\IMG001678.json,data\processed\masks\IMG001678.png,705,1024,6,3,3,False,8312
IMG001679.jpeg,1,data\raw\images\IMG001679.jpeg,data\raw\Annotations\IMG001679.json,data\processed\masks\IMG001679.png,954,1200,2,1,1,False,18014
IMG001680.jpeg,1,data\raw\images\IMG001680.jpeg,data\raw\Annotations\IMG001680.json,data\processed\masks\IMG001680.png,787,1200,2,1,1,False,18399
IMG001681.jpeg,1,data\raw\images\IMG001681.jpeg,data\raw\Annotations\IMG001681.json,data\processed\masks\IMG001681.png,634,860,2,1,1,False,17165
IMG001682.jpeg,1,data\raw\images\IMG001682.jpeg,data\raw\Annotations\IMG001682.json,data\processed\masks\IMG001682.png,749,912,2,1,1,False,20875
IMG001683.jpeg,1,data\raw\images\IMG001683.jpeg,data\raw\Annotations\IMG001683.json,data\processed\masks\IMG001683.png,848,769,2,1,1,False,10852
IMG001684.jpeg,1,data\raw\images\IMG001684.jpeg,data\raw\Annotations\IMG001684.json,data\processed\masks\IMG001684.png,1019,1280,2,1,1,False,14891
IMG001685.jpeg,1,data\raw\images\IMG001685.jpeg,data\raw\Annotations\IMG001685.json,data\processed\masks\IMG001685.png,1019,1280,2,1,1,False,14182
IMG001686.jpeg,1,data\raw\images\IMG001686.jpeg,data\raw\Annotations\IMG001686.json,data\processed\masks\IMG001686.png,1024,887,14,7,7,False,66040
IMG001687.jpeg,1,data\raw\images\IMG001687.jpeg,data\raw\Annotations\IMG001687.json,data\processed\masks\IMG001687.png,1024,1182,4,2,2,False,85389
IMG001688.jpeg,1,data\raw\images\IMG001688.jpeg,data\raw\Annotations\IMG001688.json,data\processed\masks\IMG001688.png,1024,1182,8,4,4,False,70081
IMG001689.jpeg,1,data\raw\images\IMG001689.jpeg,data\raw\Annotations\IMG001689.json,data\processed\masks\IMG001689.png,1024,1304,2,1,1,False,1684
IMG001690.jpeg,1,data\raw\images\IMG001690.jpeg,data\raw\Annotations\IMG001690.json,data\processed\masks\IMG001690.png,569,691,2,1,1,False,59260
IMG001691.jpeg,1,data\raw\images\IMG001691.jpeg,data\raw\Annotations\IMG001691.json,data\processed\masks\IMG001691.png,762,498,2,1,1,False,69899
IMG001692.jpeg,1,data\raw\images\IMG001692.jpeg,data\raw\Annotations\IMG001692.json,data\processed\masks\IMG001692.png,1024,1291,13,7,6,False,63413
IMG001693.jpeg,1,data\raw\images\IMG001693.jpeg,data\raw\Annotations\IMG001693.json,data\processed\masks\IMG001693.png,1024,1291,4,2,2,False,100658
IMG001694.jpeg,1,data\raw\images\IMG001694.jpeg,data\raw\Annotations\IMG001694.json,data\processed\masks\IMG001694.png,681,777,2,1,1,False,14777
IMG001695.jpeg,1,data\raw\images\IMG001695.jpeg,data\raw\Annotations\IMG001695.json,data\processed\masks\IMG001695.png,953,1200,6,3,3,False,200924
IMG001696.jpeg,1,data\raw\images\IMG001696.jpeg,data\raw\Annotations\IMG001696.json,data\processed\masks\IMG001696.png,1024,840,6,3,3,False,52989
IMG001697.jpeg,1,data\raw\images\IMG001697.jpeg,data\raw\Annotations\IMG001697.json,data\processed\masks\IMG001697.png,984,1200,2,1,1,False,3814
IMG001698.jpeg,1,data\raw\images\IMG001698.jpeg,data\raw\Annotations\IMG001698.json,data\processed\masks\IMG001698.png,834,1304,2,1,1,False,17466
IMG001699.jpeg,1,data\raw\images\IMG001699.jpeg,data\raw\Annotations\IMG001699.json,data\processed\masks\IMG001699.png,1024,921,2,1,1,False,14425
IMG001700.jpeg,1,data\raw\images\IMG001700.jpeg,data\raw\Annotations\IMG001700.json,data\processed\masks\IMG001700.png,828,1200,2,1,1,False,29796
IMG001701.jpeg,1,data\raw\images\IMG001701.jpeg,data\raw\Annotations\IMG001701.json,data\processed\masks\IMG001701.png,589,1105,2,1,1,False,33702
IMG001702.jpeg,1,data\raw\images\IMG001702.jpeg,data\raw\Annotations\IMG001702.json,data\processed\masks\IMG001702.png,1024,1284,2,1,1,False,140404
IMG001703.jpeg,1,data\raw\images\IMG001703.jpeg,data\raw\Annotations\IMG001703.json,data\processed\masks\IMG001703.png,1022,1284,2,1,1,False,102534
IMG001704.jpeg,1,data\raw\images\IMG001704.jpeg,data\raw\Annotations\IMG001704.json,data\processed\masks\IMG001704.png,1024,1309,2,1,1,False,8410
IMG001705.jpeg,1,data\raw\images\IMG001705.jpeg,data\raw\Annotations\IMG001705.json,data\processed\masks\IMG001705.png,1024,1309,2,1,1,False,15282
IMG001706.jpeg,1,data\raw\images\IMG001706.jpeg,data\raw\Annotations\IMG001706.json,data\processed\masks\IMG001706.png,585,800,4,2,2,False,64701
IMG001707.jpeg,1,data\raw\images\IMG001707.jpeg,data\raw\Annotations\IMG001707.json,data\processed\masks\IMG001707.png,540,800,10,5,5,False,19906
IMG001708.jpeg,1,data\raw\images\IMG001708.jpeg,data\raw\Annotations\IMG001708.json,data\processed\masks\IMG001708.png,988,846,2,1,1,False,18214
IMG001709.jpeg,1,data\raw\images\IMG001709.jpeg,data\raw\Annotations\IMG001709.json,data\processed\masks\IMG001709.png,1007,1200,2,1,1,False,7044
IMG001710.jpeg,1,data\raw\images\IMG001710.jpeg,data\raw\Annotations\IMG001710.json,data\processed\masks\IMG001710.png,1007,1200,2,1,1,False,3156
IMG001711.jpeg,1,data\raw\images\IMG001711.jpeg,data\raw\Annotations\IMG001711.json,data\processed\masks\IMG001711.png,569,703,6,3,3,False,65828
IMG001712.jpeg,1,data\raw\images\IMG001712.jpeg,data\raw\Annotations\IMG001712.json,data\processed\masks\IMG001712.png,590,720,4,2,2,False,64489
IMG001713.jpeg,1,data\raw\images\IMG001713.jpeg,data\raw\Annotations\IMG001713.json,data\processed\masks\IMG001713.png,464,712,2,1,1,False,22756
IMG001714.jpeg,1,data\raw\images\IMG001714.jpeg,data\raw\Annotations\IMG001714.json,data\processed\masks\IMG001714.png,537,656,2,1,1,False,20814
IMG001715.jpeg,1,data\raw\images\IMG001715.jpeg,data\raw\Annotations\IMG001715.json,data\processed\masks\IMG001715.png,520,672,4,2,2,False,22834
IMG001716.jpeg,1,data\raw\images\IMG001716.jpeg,data\raw\Annotations\IMG001716.json,data\processed\masks\IMG001716.png,1024,842,2,1,1,False,24349
IMG001717.jpeg,1,data\raw\images\IMG001717.jpeg,data\raw\Annotations\IMG001717.json,data\processed\masks\IMG001717.png,661,1500,2,1,1,False,78917
IMG001718.jpeg,1,data\raw\images\IMG001718.jpeg,data\raw\Annotations\IMG001718.json,data\processed\masks\IMG001718.png,889,1500,2,1,1,False,123308
IMG001719.jpeg,1,data\raw\images\IMG001719.jpeg,data\raw\Annotations\IMG001719.json,data\processed\masks\IMG001719.png,928,726,2,1,1,False,1550
IMG001720.jpeg,1,data\raw\images\IMG001720.jpeg,data\raw\Annotations\IMG001720.json,data\processed\masks\IMG001720.png,336,404,2,1,1,False,1910
IMG001721.jpeg,1,data\raw\images\IMG001721.jpeg,data\raw\Annotations\IMG001721.json,data\processed\masks\IMG001721.png,972,1500,2,1,1,False,6057
IMG001722.jpeg,1,data\raw\images\IMG001722.jpeg,data\raw\Annotations\IMG001722.json,data\processed\masks\IMG001722.png,768,1200,2,1,1,False,2785
IMG001723.jpeg,1,data\raw\images\IMG001723.jpeg,data\raw\Annotations\IMG001723.json,data\processed\masks\IMG001723.png,520,1466,2,1,1,False,9572
IMG001724.jpeg,1,data\raw\images\IMG001724.jpeg,data\raw\Annotations\IMG001724.json,data\processed\masks\IMG001724.png,822,1500,2,1,1,False,11198
IMG001725.jpeg,1,data\raw\images\IMG001725.jpeg,data\raw\Annotations\IMG001725.json,data\processed\masks\IMG001725.png,439,841,2,1,1,False,7303
IMG001726.jpeg,1,data\raw\images\IMG001726.jpeg,data\raw\Annotations\IMG001726.json,data\processed\masks\IMG001726.png,382,461,2,1,1,False,2149
IMG001727.jpeg,1,data\raw\images\IMG001727.jpeg,data\raw\Annotations\IMG001727.json,data\processed\masks\IMG001727.png,382,461,2,1,1,False,3380
IMG001728.jpeg,1,data\raw\images\IMG001728.jpeg,data\raw\Annotations\IMG001728.json,data\processed\masks\IMG001728.png,581,461,2,1,1,False,9520
IMG001729.jpeg,1,data\raw\images\IMG001729.jpeg,data\raw\Annotations\IMG001729.json,data\processed\masks\IMG001729.png,1024,1295,2,1,1,False,1015
IMG001730.jpeg,1,data\raw\images\IMG001730.jpeg,data\raw\Annotations\IMG001730.json,data\processed\masks\IMG001730.png,745,1123,2,1,1,False,1834
IMG001731.jpeg,1,data\raw\images\IMG001731.jpeg,data\raw\Annotations\IMG001731.json,data\processed\masks\IMG001731.png,409,835,2,1,1,False,6887
IMG001732.jpeg,1,data\raw\images\IMG001732.jpeg,data\raw\Annotations\IMG001732.json,data\processed\masks\IMG001732.png,1024,816,2,1,1,False,14390
IMG001733.jpeg,1,data\raw\images\IMG001733.jpeg,data\raw\Annotations\IMG001733.json,data\processed\masks\IMG001733.png,594,921,2,1,1,False,5035
IMG001734.jpeg,1,data\raw\images\IMG001734.jpeg,data\raw\Annotations\IMG001734.json,data\processed\masks\IMG001734.png,885,1250,2,1,1,False,2001
IMG001735.jpeg,1,data\raw\images\IMG001735.jpeg,data\raw\Annotations\IMG001735.json,data\processed\masks\IMG001735.png,836,651,2,1,1,False,17859
IMG001736.jpeg,1,data\raw\images\IMG001736.jpeg,data\raw\Annotations\IMG001736.json,data\processed\masks\IMG001736.png,702,645,2,1,1,False,17685
IMG001737.jpeg,1,data\raw\images\IMG001737.jpeg,data\raw\Annotations\IMG001737.json,data\processed\masks\IMG001737.png,894,1200,2,1,1,False,48378
IMG001738.jpeg,1,data\raw\images\IMG001738.jpeg,data\raw\Annotations\IMG001738.json,data\processed\masks\IMG001738.png,713,1200,2,1,1,False,37250
IMG001739.jpeg,1,data\raw\images\IMG001739.jpeg,data\raw\Annotations\IMG001739.json,data\processed\masks\IMG001739.png,575,457,2,1,1,False,15857
IMG001740.jpeg,1,data\raw\images\IMG001740.jpeg,data\raw\Annotations\IMG001740.json,data\processed\masks\IMG001740.png,600,731,2,1,1,False,2248
IMG001741.jpeg,1,data\raw\images\IMG001741.jpeg,data\raw\Annotations\IMG001741.json,data\processed\masks\IMG001741.png,600,731,2,1,1,False,814
IMG001742.jpeg,1,data\raw\images\IMG001742.jpeg,data\raw\Annotations\IMG001742.json,data\processed\masks\IMG001742.png,1024,1311,2,1,1,False,14441
IMG001743.jpeg,1,data\raw\images\IMG001743.jpeg,data\raw\Annotations\IMG001743.json,data\processed\masks\IMG001743.png,258,461,4,2,2,False,621
IMG001744.jpeg,1,data\raw\images\IMG001744.jpeg,data\raw\Annotations\IMG001744.json,data\processed\masks\IMG001744.png,1024,1248,2,1,1,False,21443
IMG001745.jpeg,1,data\raw\images\IMG001745.jpeg,data\raw\Annotations\IMG001745.json,data\processed\masks\IMG001745.png,1024,755,2,1,1,False,11599
IMG001746.jpeg,1,data\raw\images\IMG001746.jpeg,data\raw\Annotations\IMG001746.json,data\processed\masks\IMG001746.png,1024,755,2,1,1,False,14926
IMG001747.jpeg,1,data\raw\images\IMG001747.jpeg,data\raw\Annotations\IMG001747.json,data\processed\masks\IMG001747.png,1024,1162,2,1,1,False,9758
IMG001748.jpeg,1,data\raw\images\IMG001748.jpeg,data\raw\Annotations\IMG001748.json,data\processed\masks\IMG001748.png,1024,1162,2,1,1,False,4869
IMG001749.jpeg,1,data\raw\images\IMG001749.jpeg,data\raw\Annotations\IMG001749.json,data\processed\masks\IMG001749.png,1024,1006,2,1,1,False,6935
IMG001750.jpeg,1,data\raw\images\IMG001750.jpeg,data\raw\Annotations\IMG001750.json,data\processed\masks\IMG001750.png,1024,1227,2,1,1,False,14343
IMG001751.jpeg,1,data\raw\images\IMG001751.jpeg,data\raw\Annotations\IMG001751.json,data\processed\masks\IMG001751.png,309,429,4,2,2,False,663
IMG001752.jpeg,1,data\raw\images\IMG001752.jpeg,data\raw\Annotations\IMG001752.json,data\processed\masks\IMG001752.png,539,1200,2,1,1,False,1364
IMG001753.jpeg,1,data\raw\images\IMG001753.jpeg,data\raw\Annotations\IMG001753.json,data\processed\masks\IMG001753.png,603,1200,4,2,2,False,2148
IMG001754.jpeg,1,data\raw\images\IMG001754.jpeg,data\raw\Annotations\IMG001754.json,data\processed\masks\IMG001754.png,1019,1280,2,1,1,False,1270
IMG001755.jpeg,1,data\raw\images\IMG001755.jpeg,data\raw\Annotations\IMG001755.json,data\processed\masks\IMG001755.png,1019,1280,2,1,1,False,1259
IMG001756.jpeg,1,data\raw\images\IMG001756.jpeg,data\raw\Annotations\IMG001756.json,data\processed\masks\IMG001756.png,1024,1223,2,1,1,False,2851
IMG001757.jpeg,1,data\raw\images\IMG001757.jpeg,data\raw\Annotations\IMG001757.json,data\processed\masks\IMG001757.png,482,1252,2,1,1,False,2275
IMG001758.jpeg,1,data\raw\images\IMG001758.jpeg,data\raw\Annotations\IMG001758.json,data\processed\masks\IMG001758.png,940,1200,2,1,1,False,38440
IMG001759.jpeg,1,data\raw\images\IMG001759.jpeg,data\raw\Annotations\IMG001759.json,data\processed\masks\IMG001759.png,1024,1309,2,1,1,False,1919
IMG001760.jpeg,1,data\raw\images\IMG001760.jpeg,data\raw\Annotations\IMG001760.json,data\processed\masks\IMG001760.png,431,512,2,1,1,False,4393
IMG001761.jpeg,1,data\raw\images\IMG001761.jpeg,data\raw\Annotations\IMG001761.json,data\processed\masks\IMG001761.png,367,512,2,1,1,False,8887
IMG001762.jpeg,1,data\raw\images\IMG001762.jpeg,data\raw\Annotations\IMG001762.json,data\processed\masks\IMG001762.png,1000,1200,2,1,1,False,39228
IMG001763.jpeg,1,data\raw\images\IMG001763.jpeg,data\raw\Annotations\IMG001763.json,data\processed\masks\IMG001763.png,583,1200,2,1,1,False,15079
IMG001764.jpeg,1,data\raw\images\IMG001764.jpeg,data\raw\Annotations\IMG001764.json,data\processed\masks\IMG001764.png,1024,851,2,1,1,False,3384
IMG001765.jpeg,1,data\raw\images\IMG001765.jpeg,data\raw\Annotations\IMG001765.json,data\processed\masks\IMG001765.png,619,874,2,1,1,False,4531
IMG001766.jpeg,1,data\raw\images\IMG001766.jpeg,data\raw\Annotations\IMG001766.json,data\processed\masks\IMG001766.png,594,921,2,1,1,False,5316
IMG001767.jpeg,1,data\raw\images\IMG001767.jpeg,data\raw\Annotations\IMG001767.json,data\processed\masks\IMG001767.png,521,837,4,2,2,False,13157
IMG001768.jpeg,1,data\raw\images\IMG001768.jpeg,data\raw\Annotations\IMG001768.json,data\processed\masks\IMG001768.png,1005,835,2,1,1,False,4599
IMG001769.jpeg,1,data\raw\images\IMG001769.jpeg,data\raw\Annotations\IMG001769.json,data\processed\masks\IMG001769.png,1024,1311,2,1,1,False,6183
IMG001770.jpeg,1,data\raw\images\IMG001770.jpeg,data\raw\Annotations\IMG001770.json,data\processed\masks\IMG001770.png,1024,1286,2,1,1,False,86525
IMG001771.jpeg,1,data\raw\images\IMG001771.jpeg,data\raw\Annotations\IMG001771.json,data\processed\masks\IMG001771.png,1024,1286,2,1,1,False,78918
IMG001772.jpeg,1,data\raw\images\IMG001772.jpeg,data\raw\Annotations\IMG001772.json,data\processed\masks\IMG001772.png,576,768,2,1,1,False,30894
IMG001773.jpeg,1,data\raw\images\IMG001773.jpeg,data\raw\Annotations\IMG001773.json,data\processed\masks\IMG001773.png,576,768,2,1,1,False,28497
IMG001774.jpeg,1,data\raw\images\IMG001774.jpeg,data\raw\Annotations\IMG001774.json,data\processed\masks\IMG001774.png,1024,1222,2,1,1,False,15661
IMG001775.jpeg,1,data\raw\images\IMG001775.jpeg,data\raw\Annotations\IMG001775.json,data\processed\masks\IMG001775.png,1024,1222,2,1,1,False,22840
IMG001776.jpeg,1,data\raw\images\IMG001776.jpeg,data\raw\Annotations\IMG001776.json,data\processed\masks\IMG001776.png,987,1200,2,1,1,False,217
IMG001777.jpeg,1,data\raw\images\IMG001777.jpeg,data\raw\Annotations\IMG001777.json,data\processed\masks\IMG001777.png,987,1200,2,1,1,False,2137
IMG001778.jpeg,1,data\raw\images\IMG001778.jpeg,data\raw\Annotations\IMG001778.json,data\processed\masks\IMG001778.png,1024,1310,2,1,1,False,3218
IMG001779.jpeg,1,data\raw\images\IMG001779.jpeg,data\raw\Annotations\IMG001779.json,data\processed\masks\IMG001779.png,1019,1176,4,2,2,False,4555
IMG001780.jpeg,1,data\raw\images\IMG001780.jpeg,data\raw\Annotations\IMG001780.json,data\processed\masks\IMG001780.png,1019,1176,4,2,2,False,4585
IMG001781.jpeg,1,data\raw\images\IMG001781.jpeg,data\raw\Annotations\IMG001781.json,data\processed\masks\IMG001781.png,1024,848,2,1,1,False,3266
IMG001782.jpeg,1,data\raw\images\IMG001782.jpeg,data\raw\Annotations\IMG001782.json,data\processed\masks\IMG001782.png,469,920,2,1,1,False,15842
IMG001783.jpeg,1,data\raw\images\IMG001783.jpeg,data\raw\Annotations\IMG001783.json,data\processed\masks\IMG001783.png,1024,783,2,1,1,False,3211
IMG001784.jpeg,1,data\raw\images\IMG001784.jpeg,data\raw\Annotations\IMG001784.json,data\processed\masks\IMG001784.png,912,624,2,1,1,False,746
IMG001785.jpeg,1,data\raw\images\IMG001785.jpeg,data\raw\Annotations\IMG001785.json,data\processed\masks\IMG001785.png,574,801,2,1,1,False,12678
IMG001786.jpeg,1,data\raw\images\IMG001786.jpeg,data\raw\Annotations\IMG001786.json,data\processed\masks\IMG001786.png,596,923,2,1,1,False,571
IMG001787.jpeg,1,data\raw\images\IMG001787.jpeg,data\raw\Annotations\IMG001787.json,data\processed\masks\IMG001787.png,1024,841,2,1,1,False,3797
IMG001788.jpeg,1,data\raw\images\IMG001788.jpeg,data\raw\Annotations\IMG001788.json,data\processed\masks\IMG001788.png,1024,1191,2,1,1,False,11853
IMG001789.jpeg,1,data\raw\images\IMG001789.jpeg,data\raw\Annotations\IMG001789.json,data\processed\masks\IMG001789.png,885,1250,2,1,1,False,1887
IMG001790.jpeg,1,data\raw\images\IMG001790.jpeg,data\raw\Annotations\IMG001790.json,data\processed\masks\IMG001790.png,840,1187,2,1,1,False,420
IMG001791.jpeg,1,data\raw\images\IMG001791.jpeg,data\raw\Annotations\IMG001791.json,data\processed\masks\IMG001791.png,1024,756,2,1,1,False,9360
IMG001792.jpeg,1,data\raw\images\IMG001792.jpeg,data\raw\Annotations\IMG001792.json,data\processed\masks\IMG001792.png,1024,1428,2,1,1,False,45848
IMG001793.jpeg,1,data\raw\images\IMG001793.jpeg,data\raw\Annotations\IMG001793.json,data\processed\masks\IMG001793.png,1024,1413,2,1,1,False,76534
IMG001794.jpeg,1,data\raw\images\IMG001794.jpeg,data\raw\Annotations\IMG001794.json,data\processed\masks\IMG001794.png,448,485,2,1,1,False,472
IMG001795.jpeg,1,data\raw\images\IMG001795.jpeg,data\raw\Annotations\IMG001795.json,data\processed\masks\IMG001795.png,625,604,2,1,1,False,38588
IMG001796.jpeg,1,data\raw\images\IMG001796.jpeg,data\raw\Annotations\IMG001796.json,data\processed\masks\IMG001796.png,1024,949,14,7,7,False,122340
IMG001797.jpeg,1,data\raw\images\IMG001797.jpeg,data\raw\Annotations\IMG001797.json,data\processed\masks\IMG001797.png,706,1125,6,3,3,False,38003
IMG001798.jpeg,1,data\raw\images\IMG001798.jpeg,data\raw\Annotations\IMG001798.json,data\processed\masks\IMG001798.png,1024,1304,2,1,1,False,1450
IMG001799.jpeg,1,data\raw\images\IMG001799.jpeg,data\raw\Annotations\IMG001799.json,data\processed\masks\IMG001799.png,972,1500,2,1,1,False,6121
IMG001800.jpeg,1,data\raw\images\IMG001800.jpeg,data\raw\Annotations\IMG001800.json,data\processed\masks\IMG001800.png,1024,1284,2,1,1,False,24577
IMG001801.jpeg,1,data\raw\images\IMG001801.jpeg,data\raw\Annotations\IMG001801.json,data\processed\masks\IMG001801.png,408,564,2,1,1,False,7379
IMG001802.jpeg,1,data\raw\images\IMG001802.jpeg,data\raw\Annotations\IMG001802.json,data\processed\masks\IMG001802.png,506,682,2,1,1,False,6975
IMG001803.jpeg,1,data\raw\images\IMG001803.jpeg,data\raw\Annotations\IMG001803.json,data\processed\masks\IMG001803.png,574,936,2,1,1,False,2505
IMG001804.jpeg,1,data\raw\images\IMG001804.jpeg,data\raw\Annotations\IMG001804.json,data\processed\masks\IMG001804.png,1024,1304,2,1,1,False,4313
IMG001805.jpeg,1,data\raw\images\IMG001805.jpeg,data\raw\Annotations\IMG001805.json,data\processed\masks\IMG001805.png,1024,842,2,1,1,False,7358
IMG001806.jpeg,1,data\raw\images\IMG001806.jpeg,data\raw\Annotations\IMG001806.json,data\processed\masks\IMG001806.png,997,1200,2,1,1,False,21933
IMG001807.jpeg,1,data\raw\images\IMG001807.jpeg,data\raw\Annotations\IMG001807.json,data\processed\masks\IMG001807.png,1024,585,2,1,1,False,5093
IMG001808.jpeg,1,data\raw\images\IMG001808.jpeg,data\raw\Annotations\IMG001808.json,data\processed\masks\IMG001808.png,672,896,2,1,1,False,5523
IMG001809.jpeg,1,data\raw\images\IMG001809.jpeg,data\raw\Annotations\IMG001809.json,data\processed\masks\IMG001809.png,568,918,2,1,1,False,3466
IMG001810.jpeg,1,data\raw\images\IMG001810.jpeg,data\raw\Annotations\IMG001810.json,data\processed\masks\IMG001810.png,1024,857,2,1,1,False,48815
IMG001811.jpeg,1,data\raw\images\IMG001811.jpeg,data\raw\Annotations\IMG001811.json,data\processed\masks\IMG001811.png,1024,976,2,1,1,False,46916
IMG001812.jpeg,1,data\raw\images\IMG001812.jpeg,data\raw\Annotations\IMG001812.json,data\processed\masks\IMG001812.png,1024,1307,2,1,1,False,4429
IMG001813.jpeg,1,data\raw\images\IMG001813.jpeg,data\raw\Annotations\IMG001813.json,data\processed\masks\IMG001813.png,602,806,2,1,1,False,9625
IMG001814.jpeg,1,data\raw\images\IMG001814.jpeg,data\raw\Annotations\IMG001814.json,data\processed\masks\IMG001814.png,857,1200,2,1,1,False,70088
IMG001815.jpeg,1,data\raw\images\IMG001815.jpeg,data\raw\Annotations\IMG001815.json,data\processed\masks\IMG001815.png,857,1200,2,1,1,False,48121
IMG001816.jpeg,1,data\raw\images\IMG001816.jpeg,data\raw\Annotations\IMG001816.json,data\processed\masks\IMG001816.png,1024,1168,2,1,1,False,36687
IMG001817.jpeg,1,data\raw\images\IMG001817.jpeg,data\raw\Annotations\IMG001817.json,data\processed\masks\IMG001817.png,1024,1168,2,1,1,False,28586
IMG001818.jpeg,1,data\raw\images\IMG001818.jpeg,data\raw\Annotations\IMG001818.json,data\processed\masks\IMG001818.png,1024,1310,2,1,1,False,9526
IMG001819.jpeg,1,data\raw\images\IMG001819.jpeg,data\raw\Annotations\IMG001819.json,data\processed\masks\IMG001819.png,1024,1310,2,1,1,False,10527
IMG001820.jpeg,1,data\raw\images\IMG001820.jpeg,data\raw\Annotations\IMG001820.json,data\processed\masks\IMG001820.png,960,1133,4,2,2,False,7826
IMG001821.jpeg,1,data\raw\images\IMG001821.jpeg,data\raw\Annotations\IMG001821.json,data\processed\masks\IMG001821.png,1024,902,2,1,1,False,33122
IMG001822.jpeg,1,data\raw\images\IMG001822.jpeg,data\raw\Annotations\IMG001822.json,data\processed\masks\IMG001822.png,944,1136,2,1,1,False,12743
IMG001823.jpeg,1,data\raw\images\IMG001823.jpeg,data\raw\Annotations\IMG001823.json,data\processed\masks\IMG001823.png,880,988,2,1,1,False,10021
IMG001824.jpeg,1,data\raw\images\IMG001824.jpeg,data\raw\Annotations\IMG001824.json,data\processed\masks\IMG001824.png,672,756,2,1,1,False,7946
IMG001825.jpeg,1,data\raw\images\IMG001825.jpeg,data\raw\Annotations\IMG001825.json,data\processed\masks\IMG001825.png,1024,881,2,1,1,False,9322
IMG001826.jpeg,1,data\raw\images\IMG001826.jpeg,data\raw\Annotations\IMG001826.json,data\processed\masks\IMG001826.png,1024,879,2,1,1,False,11299
IMG001827.jpeg,1,data\raw\images\IMG001827.jpeg,data\raw\Annotations\IMG001827.json,data\processed\masks\IMG001827.png,1019,1176,2,1,1,False,22054
IMG001828.jpeg,1,data\raw\images\IMG001828.jpeg,data\raw\Annotations\IMG001828.json,data\processed\masks\IMG001828.png,1024,1291,2,1,1,False,25035
IMG001829.jpeg,1,data\raw\images\IMG001829.jpeg,data\raw\Annotations\IMG001829.json,data\processed\masks\IMG001829.png,1024,1310,4,2,2,False,26928
IMG001830.jpeg,1,data\raw\images\IMG001830.jpeg,data\raw\Annotations\IMG001830.json,data\processed\masks\IMG001830.png,1024,1310,2,1,1,False,7021
IMG001831.jpeg,1,data\raw\images\IMG001831.jpeg,data\raw\Annotations\IMG001831.json,data\processed\masks\IMG001831.png,416,672,2,1,1,False,3193
IMG001832.jpeg,1,data\raw\images\IMG001832.jpeg,data\raw\Annotations\IMG001832.json,data\processed\masks\IMG001832.png,384,680,2,1,1,False,6446
IMG001833.jpeg,1,data\raw\images\IMG001833.jpeg,data\raw\Annotations\IMG001833.json,data\processed\masks\IMG001833.png,479,811,4,2,2,False,20641
IMG001834.jpeg,1,data\raw\images\IMG001834.jpeg,data\raw\Annotations\IMG001834.json,data\processed\masks\IMG001834.png,483,838,8,4,4,False,12284
IMG001835.jpeg,1,data\raw\images\IMG001835.jpeg,data\raw\Annotations\IMG001835.json,data\processed\masks\IMG001835.png,1024,1304,2,1,1,False,29211
IMG001836.jpeg,1,data\raw\images\IMG001836.jpeg,data\raw\Annotations\IMG001836.json,data\processed\masks\IMG001836.png,768,1200,2,1,1,False,2542
IMG001837.jpeg,1,data\raw\images\IMG001837.jpeg,data\raw\Annotations\IMG001837.json,data\processed\masks\IMG001837.png,1024,1024,2,1,1,False,9332
IMG001838.jpeg,1,data\raw\images\IMG001838.jpeg,data\raw\Annotations\IMG001838.json,data\processed\masks\IMG001838.png,764,396,2,1,1,False,34444
IMG001839.jpeg,1,data\raw\images\IMG001839.jpeg,data\raw\Annotations\IMG001839.json,data\processed\masks\IMG001839.png,496,712,2,1,1,False,11268
IMG001840.jpeg,1,data\raw\images\IMG001840.jpeg,data\raw\Annotations\IMG001840.json,data\processed\masks\IMG001840.png,539,1200,2,1,1,False,21298
IMG001841.jpeg,1,data\raw\images\IMG001841.jpeg,data\raw\Annotations\IMG001841.json,data\processed\masks\IMG001841.png,528,1200,2,1,1,False,22033
IMG001842.jpeg,1,data\raw\images\IMG001842.jpeg,data\raw\Annotations\IMG001842.json,data\processed\masks\IMG001842.png,1024,1243,2,1,1,False,64387
IMG001843.jpeg,1,data\raw\images\IMG001843.jpeg,data\raw\Annotations\IMG001843.json,data\processed\masks\IMG001843.png,993,1500,2,1,1,False,11888
IMG001844.jpeg,1,data\raw\images\IMG001844.jpeg,data\raw\Annotations\IMG001844.json,data\processed\masks\IMG001844.png,795,897,2,1,1,False,2060
IMG001845.jpeg,1,data\raw\images\IMG001845.jpeg,data\raw\Annotations\IMG001845.json,data\processed\masks\IMG001845.png,667,850,2,1,1,False,14876
IMG001846.jpeg,1,data\raw\images\IMG001846.jpeg,data\raw\Annotations\IMG001846.json,data\processed\masks\IMG001846.png,697,888,2,1,1,False,7123
IMG001847.jpeg,1,data\raw\images\IMG001847.jpeg,data\raw\Annotations\IMG001847.json,data\processed\masks\IMG001847.png,697,888,2,1,1,False,37490
IMG001848.jpeg,1,data\raw\images\IMG001848.jpeg,data\raw\Annotations\IMG001848.json,data\processed\masks\IMG001848.png,525,1024,2,1,1,False,10251
IMG001849.jpeg,1,data\raw\images\IMG001849.jpeg,data\raw\Annotations\IMG001849.json,data\processed\masks\IMG001849.png,525,1024,2,1,1,False,10260
IMG001850.jpeg,1,data\raw\images\IMG001850.jpeg,data\raw\Annotations\IMG001850.json,data\processed\masks\IMG001850.png,925,768,2,1,1,False,17655
IMG001851.jpeg,1,data\raw\images\IMG001851.jpeg,data\raw\Annotations\IMG001851.json,data\processed\masks\IMG001851.png,448,1024,2,1,1,False,11334
IMG001852.jpeg,1,data\raw\images\IMG001852.jpeg,data\raw\Annotations\IMG001852.json,data\processed\masks\IMG001852.png,473,1024,2,1,1,False,7155
IMG001853.jpeg,1,data\raw\images\IMG001853.jpeg,data\raw\Annotations\IMG001853.json,data\processed\masks\IMG001853.png,965,768,2,1,1,False,24670
IMG001854.jpeg,1,data\raw\images\IMG001854.jpeg,data\raw\Annotations\IMG001854.json,data\processed\masks\IMG001854.png,965,768,2,1,1,False,19942
IMG001855.jpeg,1,data\raw\images\IMG001855.jpeg,data\raw\Annotations\IMG001855.json,data\processed\masks\IMG001855.png,527,1024,2,1,1,False,8918
IMG001856.jpeg,1,data\raw\images\IMG001856.jpeg,data\raw\Annotations\IMG001856.json,data\processed\masks\IMG001856.png,514,1024,2,1,1,False,11191
IMG001857.jpeg,1,data\raw\images\IMG001857.jpeg,data\raw\Annotations\IMG001857.json,data\processed\masks\IMG001857.png,1024,1310,2,1,1,False,2918
IMG001858.jpeg,1,data\raw\images\IMG001858.jpeg,data\raw\Annotations\IMG001858.json,data\processed\masks\IMG001858.png,1024,1310,6,3,3,False,49154
IMG001859.jpeg,1,data\raw\images\IMG001859.jpeg,data\raw\Annotations\IMG001859.json,data\processed\masks\IMG001859.png,840,1024,2,1,1,False,8445
IMG001860.jpeg,1,data\raw\images\IMG001860.jpeg,data\raw\Annotations\IMG001860.json,data\processed\masks\IMG001860.png,962,790,2,1,1,False,7915
IMG001861.jpeg,1,data\raw\images\IMG001861.jpeg,data\raw\Annotations\IMG001861.json,data\processed\masks\IMG001861.png,1024,1178,4,2,2,False,79540
IMG001862.jpeg,1,data\raw\images\IMG001862.jpeg,data\raw\Annotations\IMG001862.json,data\processed\masks\IMG001862.png,1024,1178,8,4,4,False,40772
IMG001863.jpeg,1,data\raw\images\IMG001863.jpeg,data\raw\Annotations\IMG001863.json,data\processed\masks\IMG001863.png,1024,1178,6,3,3,False,25008
IMG001864.jpeg,1,data\raw\images\IMG001864.jpeg,data\raw\Annotations\IMG001864.json,data\processed\masks\IMG001864.png,1024,1178,4,2,2,False,43693
IMG001865.jpeg,1,data\raw\images\IMG001865.jpeg,data\raw\Annotations\IMG001865.json,data\processed\masks\IMG001865.png,550,1029,2,1,1,False,77711
IMG001866.jpeg,1,data\raw\images\IMG001866.jpeg,data\raw\Annotations\IMG001866.json,data\processed\masks\IMG001866.png,575,1027,2,1,1,False,49879
IMG001867.jpeg,1,data\raw\images\IMG001867.jpeg,data\raw\Annotations\IMG001867.json,data\processed\masks\IMG001867.png,520,770,2,1,1,False,53766
IMG001868.jpeg,0,data\raw\images\IMG001868.jpeg,,data\processed\masks\IMG001868.png,669,936,0,0,0,False,0
IMG001869.jpeg,0,data\raw\images\IMG001869.jpeg,,data\processed\masks\IMG001869.png,670,1426,0,0,0,False,0
IMG001870.jpeg,0,data\raw\images\IMG001870.jpeg,,data\processed\masks\IMG001870.png,610,1332,0,0,0,False,0
IMG001871.jpeg,0,data\raw\images\IMG001871.jpeg,,data\processed\masks\IMG001871.png,616,1634,0,0,0,False,0
IMG001872.jpeg,0,data\raw\images\IMG001872.jpeg,,data\processed\masks\IMG001872.png,1230,2954,0,0,0,False,0
IMG001873.jpeg,0,data\raw\images\IMG001873.jpeg,,data\processed\masks\IMG001873.png,1724,2800,0,0,0,False,0
IMG001874.jpeg,0,data\raw\images\IMG001874.jpeg,,data\processed\masks\IMG001874.png,588,1359,0,0,0,False,0
IMG001875.jpeg,0,data\raw\images\IMG001875.jpeg,,data\processed\masks\IMG001875.png,521,1487,0,0,0,False,0
IMG001876.jpeg,0,data\raw\images\IMG001876.jpeg,,data\processed\masks\IMG001876.png,531,1451,0,0,0,False,0
IMG001877.jpeg,0,data\raw\images\IMG001877.jpeg,,data\processed\masks\IMG001877.png,1056,658,0,0,0,False,0
IMG001878.jpeg,0,data\raw\images\IMG001878.jpeg,,data\processed\masks\IMG001878.png,641,1542,0,0,0,False,0
IMG001879.jpeg,0,data\raw\images\IMG001879.jpeg,,data\processed\masks\IMG001879.png,596,1483,0,0,0,False,0
IMG001880.jpeg,0,data\raw\images\IMG001880.jpeg,,data\processed\masks\IMG001880.png,580,769,0,0,0,False,0
IMG001881.jpeg,0,data\raw\images\IMG001881.jpeg,,data\processed\masks\IMG001881.png,1448,1539,0,0,0,False,0
IMG001882.jpeg,0,data\raw\images\IMG001882.jpeg,,data\processed\masks\IMG001882.png,2484,2484,0,0,0,False,0
IMG001883.jpeg,0,data\raw\images\IMG001883.jpeg,,data\processed\masks\IMG001883.png,1162,1768,0,0,0,False,0
IMG001884.jpeg,0,data\raw\images\IMG001884.jpeg,,data\processed\masks\IMG001884.png,2004,1250,0,0,0,False,0
IMG001885.jpeg,0,data\raw\images\IMG001885.jpeg,,data\processed\masks\IMG001885.png,2024,1250,0,0,0,False,0
IMG001886.jpeg,0,data\raw\images\IMG001886.jpeg,,data\processed\masks\IMG001886.png,2764,2624,0,0,0,False,0
IMG001887.jpeg,0,data\raw\images\IMG001887.jpeg,,data\processed\masks\IMG001887.png,1337,1976,0,0,0,False,0
IMG001888.jpeg,0,data\raw\images\IMG001888.jpeg,,data\processed\masks\IMG001888.png,1409,2200,0,0,0,False,0
IMG001889.jpeg,0,data\raw\images\IMG001889.jpeg,,data\processed\masks\IMG001889.png,1722,2037,0,0,0,False,0
IMG001890.jpeg,0,data\raw\images\IMG001890.jpeg,,data\processed\masks\IMG001890.png,1712,1382,0,0,0,False,0
IMG001891.jpeg,0,data\raw\images\IMG001891.jpeg,,data\processed\masks\IMG001891.png,1332,1668,0,0,0,False,0
IMG001892.jpeg,0,data\raw\images\IMG001892.jpeg,,data\processed\masks\IMG001892.png,1288,1616,0,0,0,False,0
IMG001893.jpeg,0,data\raw\images\IMG001893.jpeg,,data\processed\masks\IMG001893.png,1736,3032,0,0,0,False,0
IMG001894.jpeg,0,data\raw\images\IMG001894.jpeg,,data\processed\masks\IMG001894.png,1687,2904,0,0,0,False,0
IMG001895.jpeg,0,data\raw\images\IMG001895.jpeg,,data\processed\masks\IMG001895.png,3320,3263,0,0,0,False,0
IMG001896.jpeg,0,data\raw\images\IMG001896.jpeg,,data\processed\masks\IMG001896.png,2101,2361,0,0,0,False,0
IMG001897.jpeg,0,data\raw\images\IMG001897.jpeg,,data\processed\masks\IMG001897.png,1714,2496,0,0,0,False,0
IMG001898.jpeg,0,data\raw\images\IMG001898.jpeg,,data\processed\masks\IMG001898.png,1301,1772,0,0,0,False,0
IMG001899.jpeg,0,data\raw\images\IMG001899.jpeg,,data\processed\masks\IMG001899.png,1852,1476,0,0,0,False,0
IMG001900.jpeg,0,data\raw\images\IMG001900.jpeg,,data\processed\masks\IMG001900.png,2424,3032,0,0,0,False,0
IMG001901.jpeg,0,data\raw\images\IMG001901.jpeg,,data\processed\masks\IMG001901.png,1986,3032,0,0,0,False,0
IMG001902.jpeg,0,data\raw\images\IMG001902.jpeg,,data\processed\masks\IMG001902.png,2205,3032,0,0,0,False,0
IMG001903.jpeg,0,data\raw\images\IMG001903.jpeg,,data\processed\masks\IMG001903.png,2520,3032,0,0,0,False,0
IMG001904.jpeg,0,data\raw\images\IMG001904.jpeg,,data\processed\masks\IMG001904.png,1360,2932,0,0,0,False,0
IMG001905.jpeg,0,data\raw\images\IMG001905.jpeg,,data\processed\masks\IMG001905.png,2544,3056,0,0,0,False,0
IMG001906.jpeg,0,data\raw\images\IMG001906.jpeg,,data\processed\masks\IMG001906.png,2544,3056,0,0,0,False,0
IMG001907.jpeg,0,data\raw\images\IMG001907.jpeg,,data\processed\masks\IMG001907.png,1318,3032,0,0,0,False,0
IMG001908.jpeg,0,data\raw\images\IMG001908.jpeg,,data\processed\masks\IMG001908.png,1507,3032,0,0,0,False,0
IMG001909.jpeg,0,data\raw\images\IMG001909.jpeg,,data\processed\masks\IMG001909.png,1250,2146,0,0,0,False,0
IMG001910.jpeg,0,data\raw\images\IMG001910.jpeg,,data\processed\masks\IMG001910.png,1250,2141,0,0,0,False,0
IMG001911.jpeg,0,data\raw\images\IMG001911.jpeg,,data\processed\masks\IMG001911.png,1623,2078,0,0,0,False,0
IMG001912.jpeg,0,data\raw\images\IMG001912.jpeg,,data\processed\masks\IMG001912.png,1631,1931,0,0,0,False,0
IMG001913.jpeg,0,data\raw\images\IMG001913.jpeg,,data\processed\masks\IMG001913.png,1719,2408,0,0,0,False,0
IMG001914.jpeg,0,data\raw\images\IMG001914.jpeg,,data\processed\masks\IMG001914.png,1658,3032,0,0,0,False,0
IMG001915.jpeg,0,data\raw\images\IMG001915.jpeg,,data\processed\masks\IMG001915.png,1910,2289,0,0,0,False,0
IMG001916.jpeg,0,data\raw\images\IMG001916.jpeg,,data\processed\masks\IMG001916.png,1356,2306,0,0,0,False,0
IMG001917.jpeg,0,data\raw\images\IMG001917.jpeg,,data\processed\masks\IMG001917.png,1466,3032,0,0,0,False,0
IMG001918.jpeg,0,data\raw\images\IMG001918.jpeg,,data\processed\masks\IMG001918.png,1519,3032,0,0,0,False,0
IMG001919.jpeg,0,data\raw\images\IMG001919.jpeg,,data\processed\masks\IMG001919.png,1250,2200,0,0,0,False,0
IMG001920.jpeg,0,data\raw\images\IMG001920.jpeg,,data\processed\masks\IMG001920.png,1380,2216,0,0,0,False,0
IMG001921.jpeg,0,data\raw\images\IMG001921.jpeg,,data\processed\masks\IMG001921.png,1620,2528,0,0,0,False,0
IMG001922.jpeg,0,data\raw\images\IMG001922.jpeg,,data\processed\masks\IMG001922.png,1620,2532,0,0,0,False,0
IMG001923.jpeg,0,data\raw\images\IMG001923.jpeg,,data\processed\masks\IMG001923.png,1959,1429,0,0,0,False,0
IMG001924.jpeg,0,data\raw\images\IMG001924.jpeg,,data\processed\masks\IMG001924.png,1603,1406,0,0,0,False,0
IMG001925.jpeg,0,data\raw\images\IMG001925.jpeg,,data\processed\masks\IMG001925.png,1786,1496,0,0,0,False,0
IMG001926.jpeg,0,data\raw\images\IMG001926.jpeg,,data\processed\masks\IMG001926.png,1511,1564,0,0,0,False,0
IMG001927.jpeg,0,data\raw\images\IMG001927.jpeg,,data\processed\masks\IMG001927.png,1227,1134,0,0,0,False,0
IMG001928.jpeg,0,data\raw\images\IMG001928.jpeg,,data\processed\masks\IMG001928.png,1662,1876,0,0,0,False,0
IMG001929.jpeg,0,data\raw\images\IMG001929.jpeg,,data\processed\masks\IMG001929.png,1548,1863,0,0,0,False,0
IMG001930.jpeg,0,data\raw\images\IMG001930.jpeg,,data\processed\masks\IMG001930.png,1446,1865,0,0,0,False,0
IMG001931.jpeg,0,data\raw\images\IMG001931.jpeg,,data\processed\masks\IMG001931.png,1519,1726,0,0,0,False,0
IMG001932.jpeg,0,data\raw\images\IMG001932.jpeg,,data\processed\masks\IMG001932.png,2544,3056,0,0,0,False,0
IMG001933.jpeg,0,data\raw\images\IMG001933.jpeg,,data\processed\masks\IMG001933.png,1291,3032,0,0,0,False,0
IMG001934.jpeg,0,data\raw\images\IMG001934.jpeg,,data\processed\masks\IMG001934.png,1516,3032,0,0,0,False,0
IMG001935.jpeg,0,data\raw\images\IMG001935.jpeg,,data\processed\masks\IMG001935.png,2028,2084,0,0,0,False,0
IMG001936.jpeg,0,data\raw\images\IMG001936.jpeg,,data\processed\masks\IMG001936.png,2032,2132,0,0,0,False,0
IMG001937.jpeg,0,data\raw\images\IMG001937.jpeg,,data\processed\masks\IMG001937.png,2544,3056,0,0,0,False,0
IMG001938.jpeg,0,data\raw\images\IMG001938.jpeg,,data\processed\masks\IMG001938.png,3044,2812,0,0,0,False,0
IMG001939.jpeg,0,data\raw\images\IMG001939.jpeg,,data\processed\masks\IMG001939.png,2339,1140,0,0,0,False,0
IMG001940.jpeg,0,data\raw\images\IMG001940.jpeg,,data\processed\masks\IMG001940.png,2318,1017,0,0,0,False,0
IMG001941.jpeg,0,data\raw\images\IMG001941.jpeg,,data\processed\masks\IMG001941.png,2544,3056,0,0,0,False,0
IMG001942.jpeg,0,data\raw\images\IMG001942.jpeg,,data\processed\masks\IMG001942.png,2544,3056,0,0,0,False,0
IMG001943.jpeg,0,data\raw\images\IMG001943.jpeg,,data\processed\masks\IMG001943.png,2544,3056,0,0,0,False,0
IMG001944.jpeg,0,data\raw\images\IMG001944.jpeg,,data\processed\masks\IMG001944.png,1250,1250,0,0,0,False,0
IMG001945.jpeg,0,data\raw\images\IMG001945.jpeg,,data\processed\masks\IMG001945.png,1250,1250,0,0,0,False,0
IMG001946.jpeg,0,data\raw\images\IMG001946.jpeg,,data\processed\masks\IMG001946.png,1278,3032,0,0,0,False,0
IMG001947.jpeg,0,data\raw\images\IMG001947.jpeg,,data\processed\masks\IMG001947.png,1267,3032,0,0,0,False,0
IMG001948.jpeg,0,data\raw\images\IMG001948.jpeg,,data\processed\masks\IMG001948.png,1740,2352,0,0,0,False,0
IMG001949.jpeg,0,data\raw\images\IMG001949.jpeg,,data\processed\masks\IMG001949.png,1576,2020,0,0,0,False,0
IMG001950.jpeg,0,data\raw\images\IMG001950.jpeg,,data\processed\masks\IMG001950.png,1580,2016,0,0,0,False,0
IMG001951.jpeg,0,data\raw\images\IMG001951.jpeg,,data\processed\masks\IMG001951.png,2230,2493,0,0,0,False,0
IMG001952.jpeg,0,data\raw\images\IMG001952.jpeg,,data\processed\masks\IMG001952.png,2116,2700,0,0,0,False,0
IMG001953.jpeg,0,data\raw\images\IMG001953.jpeg,,data\processed\masks\IMG001953.png,2268,2892,0,0,0,False,0
IMG001954.jpeg,0,data\raw\images\IMG001954.jpeg,,data\processed\masks\IMG001954.png,2230,1369,0,0,0,False,0
IMG001955.jpeg,0,data\raw\images\IMG001955.jpeg,,data\processed\masks\IMG001955.png,2040,2404,0,0,0,False,0
IMG001956.jpeg,0,data\raw\images\IMG001956.jpeg,,data\processed\masks\IMG001956.png,2164,2236,0,0,0,False,0
IMG001957.jpeg,0,data\raw\images\IMG001957.jpeg,,data\processed\masks\IMG001957.png,1384,1952,0,0,0,False,0
IMG001958.jpeg,0,data\raw\images\IMG001958.jpeg,,data\processed\masks\IMG001958.png,1384,1956,0,0,0,False,0
IMG001959.jpeg,0,data\raw\images\IMG001959.jpeg,,data\processed\masks\IMG001959.png,3320,3408,0,0,0,False,0
IMG001960.jpeg,0,data\raw\images\IMG001960.jpeg,,data\processed\masks\IMG001960.png,2178,2041,0,0,0,False,0
IMG001961.jpeg,0,data\raw\images\IMG001961.jpeg,,data\processed\masks\IMG001961.png,1845,3032,0,0,0,False,0
IMG001962.jpeg,0,data\raw\images\IMG001962.jpeg,,data\processed\masks\IMG001962.png,1250,1398,0,0,0,False,0
IMG001963.jpeg,0,data\raw\images\IMG001963.jpeg,,data\processed\masks\IMG001963.png,2520,3032,0,0,0,False,0
IMG001964.jpeg,0,data\raw\images\IMG001964.jpeg,,data\processed\masks\IMG001964.png,1548,3032,0,0,0,False,0
IMG001965.jpeg,0,data\raw\images\IMG001965.jpeg,,data\processed\masks\IMG001965.png,1825,3032,0,0,0,False,0
IMG001966.jpeg,0,data\raw\images\IMG001966.jpeg,,data\processed\masks\IMG001966.png,1258,2562,0,0,0,False,0
IMG001967.jpeg,0,data\raw\images\IMG001967.jpeg,,data\processed\masks\IMG001967.png,2368,3032,0,0,0,False,0
IMG001968.jpeg,0,data\raw\images\IMG001968.jpeg,,data\processed\masks\IMG001968.png,1381,2588,0,0,0,False,0
IMG001969.jpeg,0,data\raw\images\IMG001969.jpeg,,data\processed\masks\IMG001969.png,1520,1799,0,0,0,False,0
IMG001970.jpeg,0,data\raw\images\IMG001970.jpeg,,data\processed\masks\IMG001970.png,1347,2504,0,0,0,False,0
IMG001971.jpeg,0,data\raw\images\IMG001971.jpeg,,data\processed\masks\IMG001971.png,1862,2361,0,0,0,False,0
IMG001972.jpeg,0,data\raw\images\IMG001972.jpeg,,data\processed\masks\IMG001972.png,1440,1730,0,0,0,False,0
IMG001973.jpeg,0,data\raw\images\IMG001973.jpeg,,data\processed\masks\IMG001973.png,1717,2797,0,0,0,False,0
IMG001974.jpeg,0,data\raw\images\IMG001974.jpeg,,data\processed\masks\IMG001974.png,2274,2469,0,0,0,False,0
IMG001975.jpeg,0,data\raw\images\IMG001975.jpeg,,data\processed\masks\IMG001975.png,1769,2788,0,0,0,False,0
IMG001976.jpeg,0,data\raw\images\IMG001976.jpeg,,data\processed\masks\IMG001976.png,2321,2182,0,0,0,False,0
IMG001977.jpeg,0,data\raw\images\IMG001977.jpeg,,data\processed\masks\IMG001977.png,2100,2609,0,0,0,False,0
IMG001978.jpeg,0,data\raw\images\IMG001978.jpeg,,data\processed\masks\IMG001978.png,2305,2865,0,0,0,False,0
IMG001979.jpeg,0,data\raw\images\IMG001979.jpeg,,data\processed\masks\IMG001979.png,2043,1896,0,0,0,False,0
IMG001980.jpeg,0,data\raw\images\IMG001980.jpeg,,data\processed\masks\IMG001980.png,1937,2178,0,0,0,False,0
IMG001981.jpeg,0,data\raw\images\IMG001981.jpeg,,data\processed\masks\IMG001981.png,2030,3032,0,0,0,False,0
IMG001982.jpeg,0,data\raw\images\IMG001982.jpeg,,data\processed\masks\IMG001982.png,1883,3032,0,0,0,False,0
IMG001983.jpeg,0,data\raw\images\IMG001983.jpeg,,data\processed\masks\IMG001983.png,2040,3032,0,0,0,False,0
IMG001984.jpeg,0,data\raw\images\IMG001984.jpeg,,data\processed\masks\IMG001984.png,2414,3032,0,0,0,False,0
IMG001985.jpeg,0,data\raw\images\IMG001985.jpeg,,data\processed\masks\IMG001985.png,1316,1592,0,0,0,False,0
IMG001986.jpeg,0,data\raw\images\IMG001986.jpeg,,data\processed\masks\IMG001986.png,2272,1636,0,0,0,False,0
IMG001987.jpeg,0,data\raw\images\IMG001987.jpeg,,data\processed\masks\IMG001987.png,1864,1492,0,0,0,False,0
IMG001988.jpeg,0,data\raw\images\IMG001988.jpeg,,data\processed\masks\IMG001988.png,1856,1927,0,0,0,False,0
IMG001989.jpeg,0,data\raw\images\IMG001989.jpeg,,data\processed\masks\IMG001989.png,2194,1261,0,0,0,False,0
IMG001990.jpeg,0,data\raw\images\IMG001990.jpeg,,data\processed\masks\IMG001990.png,1768,902,0,0,0,False,0
IMG001991.jpeg,0,data\raw\images\IMG001991.jpeg,,data\processed\masks\IMG001991.png,1984,1573,0,0,0,False,0
IMG001992.jpeg,0,data\raw\images\IMG001992.jpeg,,data\processed\masks\IMG001992.png,1792,1023,0,0,0,False,0
IMG001993.jpeg,0,data\raw\images\IMG001993.jpeg,,data\processed\masks\IMG001993.png,1480,1995,0,0,0,False,0
IMG001994.jpeg,0,data\raw\images\IMG001994.jpeg,,data\processed\masks\IMG001994.png,2018,1997,0,0,0,False,0
IMG001995.jpeg,0,data\raw\images\IMG001995.jpeg,,data\processed\masks\IMG001995.png,1701,3408,0,0,0,False,0
IMG001996.jpeg,0,data\raw\images\IMG001996.jpeg,,data\processed\masks\IMG001996.png,2544,3056,0,0,0,False,0
IMG001997.jpeg,0,data\raw\images\IMG001997.jpeg,,data\processed\masks\IMG001997.png,2544,3056,0,0,0,False,0
IMG001998.jpeg,0,data\raw\images\IMG001998.jpeg,,data\processed\masks\IMG001998.png,2544,3056,0,0,0,False,0
IMG001999.jpeg,0,data\raw\images\IMG001999.jpeg,,data\processed\masks\IMG001999.png,1833,2866,0,0,0,False,0
IMG002000.jpeg,0,data\raw\images\IMG002000.jpeg,,data\processed\masks\IMG002000.png,2535,2780,0,0,0,False,0
IMG002001.jpeg,0,data\raw\images\IMG002001.jpeg,,data\processed\masks\IMG002001.png,2544,3056,0,0,0,False,0
IMG002002.jpeg,0,data\raw\images\IMG002002.jpeg,,data\processed\masks\IMG002002.png,2544,3056,0,0,0,False,0
IMG002003.jpeg,0,data\raw\images\IMG002003.jpeg,,data\processed\masks\IMG002003.png,2544,3056,0,0,0,False,0
IMG002004.jpeg,0,data\raw\images\IMG002004.jpeg,,data\processed\masks\IMG002004.png,2544,3056,0,0,0,False,0
IMG002005.jpeg,0,data\raw\images\IMG002005.jpeg,,data\processed\masks\IMG002005.png,2544,3056,0,0,0,False,0
IMG002006.jpeg,0,data\raw\images\IMG002006.jpeg,,data\processed\masks\IMG002006.png,2544,3056,0,0,0,False,0
IMG002007.jpeg,0,data\raw\images\IMG002007.jpeg,,data\processed\masks\IMG002007.png,2544,3056,0,0,0,False,0
IMG002008.jpeg,0,data\raw\images\IMG002008.jpeg,,data\processed\masks\IMG002008.png,2367,1632,0,0,0,False,0
IMG002009.jpeg,0,data\raw\images\IMG002009.jpeg,,data\processed\masks\IMG002009.png,2830,1533,0,0,0,False,0
IMG002010.jpeg,0,data\raw\images\IMG002010.jpeg,,data\processed\masks\IMG002010.png,2218,1373,0,0,0,False,0
IMG002011.jpeg,0,data\raw\images\IMG002011.jpeg,,data\processed\masks\IMG002011.png,3032,2332,0,0,0,False,0
IMG002012.jpeg,0,data\raw\images\IMG002012.jpeg,,data\processed\masks\IMG002012.png,2384,1250,0,0,0,False,0
IMG002013.jpeg,0,data\raw\images\IMG002013.jpeg,,data\processed\masks\IMG002013.png,3032,2332,0,0,0,False,0
IMG002014.jpeg,0,data\raw\images\IMG002014.jpeg,,data\processed\masks\IMG002014.png,1443,1685,0,0,0,False,0
IMG002015.jpeg,0,data\raw\images\IMG002015.jpeg,,data\processed\masks\IMG002015.png,1472,1576,0,0,0,False,0
IMG002016.jpeg,0,data\raw\images\IMG002016.jpeg,,data\processed\masks\IMG002016.png,1559,2055,0,0,0,False,0
IMG002017.jpeg,0,data\raw\images\IMG002017.jpeg,,data\processed\masks\IMG002017.png,1750,2264,0,0,0,False,0
IMG002018.jpeg,0,data\raw\images\IMG002018.jpeg,,data\processed\masks\IMG002018.png,1951,3032,0,0,0,False,0
IMG002019.jpeg,0,data\raw\images\IMG002019.jpeg,,data\processed\masks\IMG002019.png,2125,2933,0,0,0,False,0
IMG002020.jpeg,0,data\raw\images\IMG002020.jpeg,,data\processed\masks\IMG002020.png,2484,3032,0,0,0,False,0
IMG002021.jpeg,0,data\raw\images\IMG002021.jpeg,,data\processed\masks\IMG002021.png,1688,3408,0,0,0,False,0
IMG002022.jpeg,0,data\raw\images\IMG002022.jpeg,,data\processed\masks\IMG002022.png,2115,3408,0,0,0,False,0
IMG002023.jpeg,0,data\raw\images\IMG002023.jpeg,,data\processed\masks\IMG002023.png,1289,3408,0,0,0,False,0
IMG002024.jpeg,0,data\raw\images\IMG002024.jpeg,,data\processed\masks\IMG002024.png,1218,2167,0,0,0,False,0
IMG002025.jpeg,0,data\raw\images\IMG002025.jpeg,,data\processed\masks\IMG002025.png,1737,1928,0,0,0,False,0
IMG002026.jpeg,0,data\raw\images\IMG002026.jpeg,,data\processed\masks\IMG002026.png,1626,2290,0,0,0,False,0
IMG002027.jpeg,0,data\raw\images\IMG002027.jpeg,,data\processed\masks\IMG002027.png,1591,2720,0,0,0,False,0
IMG002028.jpeg,0,data\raw\images\IMG002028.jpeg,,data\processed\masks\IMG002028.png,3056,2544,0,0,0,False,0
IMG002029.jpeg,0,data\raw\images\IMG002029.jpeg,,data\processed\masks\IMG002029.png,2544,3056,0,0,0,False,0
IMG002030.jpeg,0,data\raw\images\IMG002030.jpeg,,data\processed\masks\IMG002030.png,1740,1250,0,0,0,False,0
IMG002031.jpeg,0,data\raw\images\IMG002031.jpeg,,data\processed\masks\IMG002031.png,1552,2328,0,0,0,False,0
IMG002032.jpeg,0,data\raw\images\IMG002032.jpeg,,data\processed\masks\IMG002032.png,1876,2588,0,0,0,False,0
IMG002033.jpeg,0,data\raw\images\IMG002033.jpeg,,data\processed\masks\IMG002033.png,1872,3032,0,0,0,False,0
IMG002034.jpeg,0,data\raw\images\IMG002034.jpeg,,data\processed\masks\IMG002034.png,1932,3032,0,0,0,False,0
IMG002035.jpeg,0,data\raw\images\IMG002035.jpeg,,data\processed\masks\IMG002035.png,2070,1955,0,0,0,False,0
IMG002036.jpeg,0,data\raw\images\IMG002036.jpeg,,data\processed\masks\IMG002036.png,2700,1892,0,0,0,False,0
IMG002037.jpeg,0,data\raw\images\IMG002037.jpeg,,data\processed\masks\IMG002037.png,2181,1567,0,0,0,False,0
IMG002038.jpeg,0,data\raw\images\IMG002038.jpeg,,data\processed\masks\IMG002038.png,2457,1493,0,0,0,False,0
IMG002039.jpeg,0,data\raw\images\IMG002039.jpeg,,data\processed\masks\IMG002039.png,2347,1307,0,0,0,False,0
IMG002040.jpeg,0,data\raw\images\IMG002040.jpeg,,data\processed\masks\IMG002040.png,2544,3056,0,0,0,False,0
IMG002041.jpeg,0,data\raw\images\IMG002041.jpeg,,data\processed\masks\IMG002041.png,2544,3056,0,0,0,False,0
IMG002042.jpeg,0,data\raw\images\IMG002042.jpeg,,data\processed\masks\IMG002042.png,2544,3056,0,0,0,False,0
IMG002043.jpeg,0,data\raw\images\IMG002043.jpeg,,data\processed\masks\IMG002043.png,2544,3056,0,0,0,False,0
IMG002044.jpeg,0,data\raw\images\IMG002044.jpeg,,data\processed\masks\IMG002044.png,2544,3056,0,0,0,False,0
IMG002045.jpeg,0,data\raw\images\IMG002045.jpeg,,data\processed\masks\IMG002045.png,2520,2110,0,0,0,False,0
IMG002046.jpeg,0,data\raw\images\IMG002046.jpeg,,data\processed\masks\IMG002046.png,2520,2077,0,0,0,False,0
IMG002047.jpeg,0,data\raw\images\IMG002047.jpeg,,data\processed\masks\IMG002047.png,2544,3056,0,0,0,False,0
IMG002048.jpeg,0,data\raw\images\IMG002048.jpeg,,data\processed\masks\IMG002048.png,1537,1483,0,0,0,False,0
IMG002049.jpeg,0,data\raw\images\IMG002049.jpeg,,data\processed\masks\IMG002049.png,1667,1302,0,0,0,False,0
IMG002050.jpeg,0,data\raw\images\IMG002050.jpeg,,data\processed\masks\IMG002050.png,2352,1705,0,0,0,False,0
IMG002051.jpeg,0,data\raw\images\IMG002051.jpeg,,data\processed\masks\IMG002051.png,1379,1838,0,0,0,False,0
IMG002052.jpeg,0,data\raw\images\IMG002052.jpeg,,data\processed\masks\IMG002052.png,2640,1490,0,0,0,False,0
IMG002053.jpeg,0,data\raw\images\IMG002053.jpeg,,data\processed\masks\IMG002053.png,1503,1754,0,0,0,False,0
IMG002054.jpeg,0,data\raw\images\IMG002054.jpeg,,data\processed\masks\IMG002054.png,1613,1446,0,0,0,False,0
IMG002055.jpeg,0,data\raw\images\IMG002055.jpeg,,data\processed\masks\IMG002055.png,2206,1777,0,0,0,False,0
IMG002056.jpeg,0,data\raw\images\IMG002056.jpeg,,data\processed\masks\IMG002056.png,1913,3408,0,0,0,False,0
IMG002057.jpeg,0,data\raw\images\IMG002057.jpeg,,data\processed\masks\IMG002057.png,1486,2539,0,0,0,False,0
IMG002058.jpeg,0,data\raw\images\IMG002058.jpeg,,data\processed\masks\IMG002058.png,1619,3408,0,0,0,False,0
IMG002059.jpeg,0,data\raw\images\IMG002059.jpeg,,data\processed\masks\IMG002059.png,2269,1143,0,0,0,False,0
IMG002060.jpeg,0,data\raw\images\IMG002060.jpeg,,data\processed\masks\IMG002060.png,1700,3408,0,0,0,False,0
IMG002061.jpeg,0,data\raw\images\IMG002061.jpeg,,data\processed\masks\IMG002061.png,1863,3408,0,0,0,False,0
IMG002062.jpeg,0,data\raw\images\IMG002062.jpeg,,data\processed\masks\IMG002062.png,2268,3408,0,0,0,False,0
IMG002063.jpeg,0,data\raw\images\IMG002063.jpeg,,data\processed\masks\IMG002063.png,2037,3028,0,0,0,False,0
IMG002064.jpeg,0,data\raw\images\IMG002064.jpeg,,data\processed\masks\IMG002064.png,1842,3408,0,0,0,False,0
IMG002065.jpeg,0,data\raw\images\IMG002065.jpeg,,data\processed\masks\IMG002065.png,2544,3056,0,0,0,False,0
IMG002066.jpeg,0,data\raw\images\IMG002066.jpeg,,data\processed\masks\IMG002066.png,2544,3056,0,0,0,False,0
IMG002067.jpeg,0,data\raw\images\IMG002067.jpeg,,data\processed\masks\IMG002067.png,2544,3056,0,0,0,False,0
IMG002068.jpeg,0,data\raw\images\IMG002068.jpeg,,data\processed\masks\IMG002068.png,2544,3056,0,0,0,False,0
IMG002069.jpeg,0,data\raw\images\IMG002069.jpeg,,data\processed\masks\IMG002069.png,2544,3056,0,0,0,False,0
IMG002070.jpeg,0,data\raw\images\IMG002070.jpeg,,data\processed\masks\IMG002070.png,2544,3056,0,0,0,False,0
IMG002071.jpeg,0,data\raw\images\IMG002071.jpeg,,data\processed\masks\IMG002071.png,2520,2308,0,0,0,False,0
IMG002072.jpeg,0,data\raw\images\IMG002072.jpeg,,data\processed\masks\IMG002072.png,2520,2296,0,0,0,False,0
IMG002073.jpeg,0,data\raw\images\IMG002073.jpeg,,data\processed\masks\IMG002073.png,1250,2180,0,0,0,False,0
IMG002074.jpeg,0,data\raw\images\IMG002074.jpeg,,data\processed\masks\IMG002074.png,1432,2176,0,0,0,False,0
IMG002075.jpeg,0,data\raw\images\IMG002075.jpeg,,data\processed\masks\IMG002075.png,1250,2312,0,0,0,False,0
IMG002076.jpeg,0,data\raw\images\IMG002076.jpeg,,data\processed\masks\IMG002076.png,1250,2312,0,0,0,False,0
IMG002077.jpeg,0,data\raw\images\IMG002077.jpeg,,data\processed\masks\IMG002077.png,3304,3105,0,0,0,False,0
IMG002078.jpeg,0,data\raw\images\IMG002078.jpeg,,data\processed\masks\IMG002078.png,2311,3408,0,0,0,False,0
IMG002079.jpeg,0,data\raw\images\IMG002079.jpeg,,data\processed\masks\IMG002079.png,1777,3408,0,0,0,False,0
IMG002080.jpeg,0,data\raw\images\IMG002080.jpeg,,data\processed\masks\IMG002080.png,2052,3408,0,0,0,False,0
IMG002081.jpeg,0,data\raw\images\IMG002081.jpeg,,data\processed\masks\IMG002081.png,2348,3056,0,0,0,False,0
IMG002082.jpeg,0,data\raw\images\IMG002082.jpeg,,data\processed\masks\IMG002082.png,2072,3056,0,0,0,False,0
IMG002083.jpeg,0,data\raw\images\IMG002083.jpeg,,data\processed\masks\IMG002083.png,1598,2554,0,0,0,False,0
IMG002084.jpeg,0,data\raw\images\IMG002084.jpeg,,data\processed\masks\IMG002084.png,2368,3056,0,0,0,False,0
IMG002085.jpeg,0,data\raw\images\IMG002085.jpeg,,data\processed\masks\IMG002085.png,1893,3032,0,0,0,False,0
IMG002086.jpeg,0,data\raw\images\IMG002086.jpeg,,data\processed\masks\IMG002086.png,2520,3032,0,0,0,False,0
IMG002087.jpeg,0,data\raw\images\IMG002087.jpeg,,data\processed\masks\IMG002087.png,1823,3032,0,0,0,False,0
IMG002088.jpeg,0,data\raw\images\IMG002088.jpeg,,data\processed\masks\IMG002088.png,2520,2899,0,0,0,False,0
IMG002089.jpeg,0,data\raw\images\IMG002089.jpeg,,data\processed\masks\IMG002089.png,1565,3032,0,0,0,False,0
IMG002090.jpeg,0,data\raw\images\IMG002090.jpeg,,data\processed\masks\IMG002090.png,2168,3032,0,0,0,False,0
IMG002091.jpeg,0,data\raw\images\IMG002091.jpeg,,data\processed\masks\IMG002091.png,1681,2432,0,0,0,False,0
IMG002092.jpeg,0,data\raw\images\IMG002092.jpeg,,data\processed\masks\IMG002092.png,1670,2524,0,0,0,False,0
IMG002093.jpeg,0,data\raw\images\IMG002093.jpeg,,data\processed\masks\IMG002093.png,2024,3009,0,0,0,False,0
IMG002094.jpeg,0,data\raw\images\IMG002094.jpeg,,data\processed\masks\IMG002094.png,1699,1831,0,0,0,False,0
IMG002095.jpeg,0,data\raw\images\IMG002095.jpeg,,data\processed\masks\IMG002095.png,1731,1647,0,0,0,False,0
IMG002096.jpeg,0,data\raw\images\IMG002096.jpeg,,data\processed\masks\IMG002096.png,1273,2057,0,0,0,False,0
IMG002097.jpeg,0,data\raw\images\IMG002097.jpeg,,data\processed\masks\IMG002097.png,2184,2903,0,0,0,False,0
IMG002098.jpeg,0,data\raw\images\IMG002098.jpeg,,data\processed\masks\IMG002098.png,2227,2899,0,0,0,False,0
IMG002099.jpeg,0,data\raw\images\IMG002099.jpeg,,data\processed\masks\IMG002099.png,1879,1546,0,0,0,False,0
IMG002100.jpeg,0,data\raw\images\IMG002100.jpeg,,data\processed\masks\IMG002100.png,1256,1835,0,0,0,False,0
IMG002101.jpeg,0,data\raw\images\IMG002101.jpeg,,data\processed\masks\IMG002101.png,1364,1690,0,0,0,False,0
IMG002102.jpeg,0,data\raw\images\IMG002102.jpeg,,data\processed\masks\IMG002102.png,1696,2016,0,0,0,False,0
IMG002103.jpeg,0,data\raw\images\IMG002103.jpeg,,data\processed\masks\IMG002103.png,1933,2009,0,0,0,False,0
IMG002104.jpeg,0,data\raw\images\IMG002104.jpeg,,data\processed\masks\IMG002104.png,1726,1283,0,0,0,False,0
IMG002105.jpeg,0,data\raw\images\IMG002105.jpeg,,data\processed\masks\IMG002105.png,1575,2282,0,0,0,False,0
IMG002106.jpeg,0,data\raw\images\IMG002106.jpeg,,data\processed\masks\IMG002106.png,1539,2353,0,0,0,False,0
IMG002107.jpeg,0,data\raw\images\IMG002107.jpeg,,data\processed\masks\IMG002107.png,2128,2628,0,0,0,False,0
IMG002108.jpeg,0,data\raw\images\IMG002108.jpeg,,data\processed\masks\IMG002108.png,2128,2628,0,0,0,False,0
IMG002109.jpeg,0,data\raw\images\IMG002109.jpeg,,data\processed\masks\IMG002109.png,1255,2030,0,0,0,False,0
IMG002110.jpeg,0,data\raw\images\IMG002110.jpeg,,data\processed\masks\IMG002110.png,821,1909,0,0,0,False,0
IMG002111.jpeg,0,data\raw\images\IMG002111.jpeg,,data\processed\masks\IMG002111.png,1713,2135,0,0,0,False,0
IMG002112.jpeg,0,data\raw\images\IMG002112.jpeg,,data\processed\masks\IMG002112.png,1984,2205,0,0,0,False,0
IMG002113.jpeg,0,data\raw\images\IMG002113.jpeg,,data\processed\masks\IMG002113.png,1353,2148,0,0,0,False,0
IMG002114.jpeg,0,data\raw\images\IMG002114.jpeg,,data\processed\masks\IMG002114.png,1751,1851,0,0,0,False,0
IMG002115.jpeg,0,data\raw\images\IMG002115.jpeg,,data\processed\masks\IMG002115.png,1520,1767,0,0,0,False,0
IMG002116.jpeg,0,data\raw\images\IMG002116.jpeg,,data\processed\masks\IMG002116.png,1649,1259,0,0,0,False,0
IMG002117.jpeg,0,data\raw\images\IMG002117.jpeg,,data\processed\masks\IMG002117.png,1865,2523,0,0,0,False,0
IMG002118.jpeg,0,data\raw\images\IMG002118.jpeg,,data\processed\masks\IMG002118.png,1943,2580,0,0,0,False,0
IMG002119.jpeg,0,data\raw\images\IMG002119.jpeg,,data\processed\masks\IMG002119.png,1915,2513,0,0,0,False,0
IMG002120.jpeg,0,data\raw\images\IMG002120.jpeg,,data\processed\masks\IMG002120.png,2230,2629,0,0,0,False,0
IMG002121.jpeg,0,data\raw\images\IMG002121.jpeg,,data\processed\masks\IMG002121.png,1663,2769,0,0,0,False,0
IMG002122.jpeg,0,data\raw\images\IMG002122.jpeg,,data\processed\masks\IMG002122.png,1286,3334,0,0,0,False,0
IMG002123.jpeg,0,data\raw\images\IMG002123.jpeg,,data\processed\masks\IMG002123.png,1730,3337,0,0,0,False,0
IMG002124.jpeg,0,data\raw\images\IMG002124.jpeg,,data\processed\masks\IMG002124.png,1641,2333,0,0,0,False,0
IMG002125.jpeg,0,data\raw\images\IMG002125.jpeg,,data\processed\masks\IMG002125.png,3032,2520,0,0,0,False,0
IMG002126.jpeg,0,data\raw\images\IMG002126.jpeg,,data\processed\masks\IMG002126.png,2520,3032,0,0,0,False,0
IMG002127.jpeg,0,data\raw\images\IMG002127.jpeg,,data\processed\masks\IMG002127.png,1822,3032,0,0,0,False,0
IMG002128.jpeg,0,data\raw\images\IMG002128.jpeg,,data\processed\masks\IMG002128.png,2404,3032,0,0,0,False,0
IMG002129.jpeg,0,data\raw\images\IMG002129.jpeg,,data\processed\masks\IMG002129.png,2520,3032,0,0,0,False,0
IMG002130.jpeg,0,data\raw\images\IMG002130.jpeg,,data\processed\masks\IMG002130.png,2070,3032,0,0,0,False,0
IMG002131.jpeg,0,data\raw\images\IMG002131.jpeg,,data\processed\masks\IMG002131.png,2151,3032,0,0,0,False,0
IMG002132.jpeg,0,data\raw\images\IMG002132.jpeg,,data\processed\masks\IMG002132.png,2051,3032,0,0,0,False,0
IMG002133.jpeg,0,data\raw\images\IMG002133.jpeg,,data\processed\masks\IMG002133.png,2323,3032,0,0,0,False,0
IMG002134.jpeg,0,data\raw\images\IMG002134.jpeg,,data\processed\masks\IMG002134.png,2091,3032,0,0,0,False,0
IMG002135.jpeg,0,data\raw\images\IMG002135.jpeg,,data\processed\masks\IMG002135.png,2236,3032,0,0,0,False,0
IMG002136.jpeg,0,data\raw\images\IMG002136.jpeg,,data\processed\masks\IMG002136.png,1496,2527,0,0,0,False,0
IMG002137.jpeg,0,data\raw\images\IMG002137.jpeg,,data\processed\masks\IMG002137.png,1609,2163,0,0,0,False,0
IMG002138.jpeg,0,data\raw\images\IMG002138.jpeg,,data\processed\masks\IMG002138.png,1672,2604,0,0,0,False,0
IMG002139.jpeg,0,data\raw\images\IMG002139.jpeg,,data\processed\masks\IMG002139.png,1544,1250,0,0,0,False,0
IMG002140.jpeg,0,data\raw\images\IMG002140.jpeg,,data\processed\masks\IMG002140.png,1250,1250,0,0,0,False,0
IMG002141.jpeg,0,data\raw\images\IMG002141.jpeg,,data\processed\masks\IMG002141.png,1250,1250,0,0,0,False,0
IMG002142.jpeg,0,data\raw\images\IMG002142.jpeg,,data\processed\masks\IMG002142.png,1250,1664,0,0,0,False,0
IMG002143.jpeg,0,data\raw\images\IMG002143.jpeg,,data\processed\masks\IMG002143.png,1250,1656,0,0,0,False,0
IMG002144.jpeg,0,data\raw\images\IMG002144.jpeg,,data\processed\masks\IMG002144.png,2520,2607,0,0,0,False,0
IMG002145.jpeg,0,data\raw\images\IMG002145.jpeg,,data\processed\masks\IMG002145.png,1709,3032,0,0,0,False,0
IMG002146.jpeg,0,data\raw\images\IMG002146.jpeg,,data\processed\masks\IMG002146.png,1134,1316,0,0,0,False,0
IMG002147.jpeg,0,data\raw\images\IMG002147.jpeg,,data\processed\masks\IMG002147.png,1815,3032,0,0,0,False,0
IMG002148.jpeg,0,data\raw\images\IMG002148.jpeg,,data\processed\masks\IMG002148.png,1186,1473,0,0,0,False,0
IMG002149.jpeg,0,data\raw\images\IMG002149.jpeg,,data\processed\masks\IMG002149.png,1711,3032,0,0,0,False,0
IMG002150.jpeg,0,data\raw\images\IMG002150.jpeg,,data\processed\masks\IMG002150.png,1122,2412,0,0,0,False,0
IMG002151.jpeg,0,data\raw\images\IMG002151.jpeg,,data\processed\masks\IMG002151.png,1722,3032,0,0,0,False,0
IMG002152.jpeg,0,data\raw\images\IMG002152.jpeg,,data\processed\masks\IMG002152.png,767,1717,0,0,0,False,0
IMG002153.jpeg,0,data\raw\images\IMG002153.jpeg,,data\processed\masks\IMG002153.png,1106,2549,0,0,0,False,0
IMG002154.jpeg,0,data\raw\images\IMG002154.jpeg,,data\processed\masks\IMG002154.png,1168,3296,0,0,0,False,0
IMG002155.jpeg,0,data\raw\images\IMG002155.jpeg,,data\processed\masks\IMG002155.png,2520,2499,0,0,0,False,0
IMG002156.jpeg,0,data\raw\images\IMG002156.jpeg,,data\processed\masks\IMG002156.png,1304,3296,0,0,0,False,0
IMG002157.jpeg,0,data\raw\images\IMG002157.jpeg,,data\processed\masks\IMG002157.png,2253,3408,0,0,0,False,0
IMG002158.jpeg,0,data\raw\images\IMG002158.jpeg,,data\processed\masks\IMG002158.png,2605,3346,0,0,0,False,0
IMG002159.jpeg,0,data\raw\images\IMG002159.jpeg,,data\processed\masks\IMG002159.png,2474,2363,0,0,0,False,0
IMG002160.jpeg,0,data\raw\images\IMG002160.jpeg,,data\processed\masks\IMG002160.png,2462,2271,0,0,0,False,0
IMG002161.jpeg,0,data\raw\images\IMG002161.jpeg,,data\processed\masks\IMG002161.png,1696,3032,0,0,0,False,0
IMG002162.jpeg,0,data\raw\images\IMG002162.jpeg,,data\processed\masks\IMG002162.png,2024,3032,0,0,0,False,0
IMG002163.jpeg,0,data\raw\images\IMG002163.jpeg,,data\processed\masks\IMG002163.png,1912,2159,0,0,0,False,0
IMG002164.jpeg,0,data\raw\images\IMG002164.jpeg,,data\processed\masks\IMG002164.png,1491,2004,0,0,0,False,0
IMG002165.jpeg,0,data\raw\images\IMG002165.jpeg,,data\processed\masks\IMG002165.png,1474,1912,0,0,0,False,0
IMG002166.jpeg,0,data\raw\images\IMG002166.jpeg,,data\processed\masks\IMG002166.png,1740,2352,0,0,0,False,0
IMG002167.jpeg,0,data\raw\images\IMG002167.jpeg,,data\processed\masks\IMG002167.png,2230,2493,0,0,0,False,0
IMG002168.jpeg,0,data\raw\images\IMG002168.jpeg,,data\processed\masks\IMG002168.png,2116,2700,0,0,0,False,0
IMG002169.jpeg,0,data\raw\images\IMG002169.jpeg,,data\processed\masks\IMG002169.png,2268,2892,0,0,0,False,0
IMG002170.jpeg,0,data\raw\images\IMG002170.jpeg,,data\processed\masks\IMG002170.png,2230,1369,0,0,0,False,0
IMG002171.jpeg,0,data\raw\images\IMG002171.jpeg,,data\processed\masks\IMG002171.png,2040,2404,0,0,0,False,0
IMG002172.jpeg,0,data\raw\images\IMG002172.jpeg,,data\processed\masks\IMG002172.png,2164,2236,0,0,0,False,0
IMG002173.jpeg,0,data\raw\images\IMG002173.jpeg,,data\processed\masks\IMG002173.png,1580,2016,0,0,0,False,0
IMG002174.jpeg,0,data\raw\images\IMG002174.jpeg,,data\processed\masks\IMG002174.png,1838,2684,0,0,0,False,0
IMG002175.jpeg,0,data\raw\images\IMG002175.jpeg,,data\processed\masks\IMG002175.png,3032,2520,0,0,0,False,0
IMG002176.jpeg,0,data\raw\images\IMG002176.jpeg,,data\processed\masks\IMG002176.png,1944,2520,0,0,0,False,0
IMG002177.jpeg,0,data\raw\images\IMG002177.jpeg,,data\processed\masks\IMG002177.png,1656,2069,0,0,0,False,0
IMG002178.jpeg,0,data\raw\images\IMG002178.jpeg,,data\processed\masks\IMG002178.png,1850,2032,0,0,0,False,0
IMG002179.jpeg,0,data\raw\images\IMG002179.jpeg,,data\processed\masks\IMG002179.png,2161,2520,0,0,0,False,0
IMG002180.jpeg,0,data\raw\images\IMG002180.jpeg,,data\processed\masks\IMG002180.png,1624,2754,0,0,0,False,0
IMG002181.jpeg,0,data\raw\images\IMG002181.jpeg,,data\processed\masks\IMG002181.png,1466,2598,0,0,0,False,0
IMG002182.jpeg,0,data\raw\images\IMG002182.jpeg,,data\processed\masks\IMG002182.png,1536,1437,0,0,0,False,0
IMG002183.jpeg,0,data\raw\images\IMG002183.jpeg,,data\processed\masks\IMG002183.png,3032,2520,0,0,0,False,0
IMG002184.jpeg,0,data\raw\images\IMG002184.jpeg,,data\processed\masks\IMG002184.png,1840,2274,0,0,0,False,0
IMG002185.jpeg,0,data\raw\images\IMG002185.jpeg,,data\processed\masks\IMG002185.png,2032,2122,0,0,0,False,0
IMG002186.jpeg,0,data\raw\images\IMG002186.jpeg,,data\processed\masks\IMG002186.png,1893,2081,0,0,0,False,0
IMG002187.jpeg,0,data\raw\images\IMG002187.jpeg,,data\processed\masks\IMG002187.png,2390,2335,0,0,0,False,0
IMG002188.jpeg,0,data\raw\images\IMG002188.jpeg,,data\processed\masks\IMG002188.png,1686,2078,0,0,0,False,0
IMG002189.jpeg,0,data\raw\images\IMG002189.jpeg,,data\processed\masks\IMG002189.png,1934,1915,0,0,0,False,0
IMG002190.jpeg,0,data\raw\images\IMG002190.jpeg,,data\processed\masks\IMG002190.png,2064,3032,0,0,0,False,0
IMG002191.jpeg,0,data\raw\images\IMG002191.jpeg,,data\processed\masks\IMG002191.png,1712,2980,0,0,0,False,0
IMG002192.jpeg,0,data\raw\images\IMG002192.jpeg,,data\processed\masks\IMG002192.png,1476,2937,0,0,0,False,0
IMG002193.jpeg,0,data\raw\images\IMG002193.jpeg,,data\processed\masks\IMG002193.png,1350,1567,0,0,0,False,0
IMG002194.jpeg,0,data\raw\images\IMG002194.jpeg,,data\processed\masks\IMG002194.png,3032,2236,0,0,0,False,0
IMG002195.jpeg,0,data\raw\images\IMG002195.jpeg,,data\processed\masks\IMG002195.png,2216,3032,0,0,0,False,0
IMG002196.jpeg,0,data\raw\images\IMG002196.jpeg,,data\processed\masks\IMG002196.png,1708,2992,0,0,0,False,0
IMG002197.jpeg,0,data\raw\images\IMG002197.jpeg,,data\processed\masks\IMG002197.png,2164,3032,0,0,0,False,0
IMG002198.jpeg,0,data\raw\images\IMG002198.jpeg,,data\processed\masks\IMG002198.png,1830,2299,0,0,0,False,0
IMG002199.jpeg,0,data\raw\images\IMG002199.jpeg,,data\processed\masks\IMG002199.png,2046,2259,0,0,0,False,0
IMG002200.jpeg,0,data\raw\images\IMG002200.jpeg,,data\processed\masks\IMG002200.png,2172,2884,0,0,0,False,0
IMG002201.jpeg,0,data\raw\images\IMG002201.jpeg,,data\processed\masks\IMG002201.png,1612,2024,0,0,0,False,0
IMG002202.jpeg,0,data\raw\images\IMG002202.jpeg,,data\processed\masks\IMG002202.png,2448,3032,0,0,0,False,0
IMG002203.jpeg,0,data\raw\images\IMG002203.jpeg,,data\processed\masks\IMG002203.png,1577,2147,0,0,0,False,0
IMG002204.jpeg,0,data\raw\images\IMG002204.jpeg,,data\processed\masks\IMG002204.png,1397,3032,0,0,0,False,0
IMG002205.jpeg,0,data\raw\images\IMG002205.jpeg,,data\processed\masks\IMG002205.png,1532,2113,0,0,0,False,0
IMG002206.jpeg,0,data\raw\images\IMG002206.jpeg,,data\processed\masks\IMG002206.png,3032,2520,0,0,0,False,0
IMG002207.jpeg,0,data\raw\images\IMG002207.jpeg,,data\processed\masks\IMG002207.png,1731,3032,0,0,0,False,0
IMG002208.jpeg,0,data\raw\images\IMG002208.jpeg,,data\processed\masks\IMG002208.png,2031,3004,0,0,0,False,0
IMG002209.jpeg,0,data\raw\images\IMG002209.jpeg,,data\processed\masks\IMG002209.png,2520,3032,0,0,0,False,0
IMG002210.jpeg,0,data\raw\images\IMG002210.jpeg,,data\processed\masks\IMG002210.png,2421,2765,0,0,0,False,0
IMG002211.jpeg,0,data\raw\images\IMG002211.jpeg,,data\processed\masks\IMG002211.png,2101,3032,0,0,0,False,0
IMG002212.jpeg,0,data\raw\images\IMG002212.jpeg,,data\processed\masks\IMG002212.png,2164,3032,0,0,0,False,0
IMG002213.jpeg,0,data\raw\images\IMG002213.jpeg,,data\processed\masks\IMG002213.png,1493,2677,0,0,0,False,0
IMG002214.jpeg,0,data\raw\images\IMG002214.jpeg,,data\processed\masks\IMG002214.png,2520,3032,0,0,0,False,0
IMG002215.jpeg,0,data\raw\images\IMG002215.jpeg,,data\processed\masks\IMG002215.png,1680,2436,0,0,0,False,0
IMG002216.jpeg,0,data\raw\images\IMG002216.jpeg,,data\processed\masks\IMG002216.png,2030,3032,0,0,0,False,0
IMG002217.jpeg,0,data\raw\images\IMG002217.jpeg,,data\processed\masks\IMG002217.png,1846,2784,0,0,0,False,0
IMG002218.jpeg,0,data\raw\images\IMG002218.jpeg,,data\processed\masks\IMG002218.png,1572,3032,0,0,0,False,0
IMG002219.jpeg,0,data\raw\images\IMG002219.jpeg,,data\processed\masks\IMG002219.png,2520,3032,0,0,0,False,0
IMG002220.jpeg,0,data\raw\images\IMG002220.jpeg,,data\processed\masks\IMG002220.png,1585,2070,0,0,0,False,0
IMG002221.jpeg,0,data\raw\images\IMG002221.jpeg,,data\processed\masks\IMG002221.png,1279,1941,0,0,0,False,0
IMG002222.jpeg,0,data\raw\images\IMG002222.jpeg,,data\processed\masks\IMG002222.png,1465,1882,0,0,0,False,0
IMG002223.jpeg,0,data\raw\images\IMG002223.jpeg,,data\processed\masks\IMG002223.png,1199,1579,0,0,0,False,0
IMG002224.jpeg,0,data\raw\images\IMG002224.jpeg,,data\processed\masks\IMG002224.png,2124,3032,0,0,0,False,0
IMG002225.jpeg,0,data\raw\images\IMG002225.jpeg,,data\processed\masks\IMG002225.png,1722,3032,0,0,0,False,0
IMG002226.jpeg,0,data\raw\images\IMG002226.jpeg,,data\processed\masks\IMG002226.png,1756,3032,0,0,0,False,0
IMG002227.jpeg,0,data\raw\images\IMG002227.jpeg,,data\processed\masks\IMG002227.png,1829,2655,0,0,0,False,0
IMG002228.jpeg,0,data\raw\images\IMG002228.jpeg,,data\processed\masks\IMG002228.png,1621,2160,0,0,0,False,0
IMG002229.jpeg,0,data\raw\images\IMG002229.jpeg,,data\processed\masks\IMG002229.png,1250,2925,0,0,0,False,0
IMG002230.jpeg,0,data\raw\images\IMG002230.jpeg,,data\processed\masks\IMG002230.png,1448,2581,0,0,0,False,0
IMG002231.jpeg,0,data\raw\images\IMG002231.jpeg,,data\processed\masks\IMG002231.png,1250,1556,0,0,0,False,0
IMG002232.jpeg,0,data\raw\images\IMG002232.jpeg,,data\processed\masks\IMG002232.png,1250,1618,0,0,0,False,0
IMG002233.jpeg,0,data\raw\images\IMG002233.jpeg,,data\processed\masks\IMG002233.png,2520,3032,0,0,0,False,0
IMG002234.jpeg,0,data\raw\images\IMG002234.jpeg,,data\processed\masks\IMG002234.png,1944,2474,0,0,0,False,0
IMG002235.jpeg,0,data\raw\images\IMG002235.jpeg,,data\processed\masks\IMG002235.png,2463,1845,0,0,0,False,0
IMG002236.jpeg,0,data\raw\images\IMG002236.jpeg,,data\processed\masks\IMG002236.png,2589,2095,0,0,0,False,0
IMG002237.jpeg,0,data\raw\images\IMG002237.jpeg,,data\processed\masks\IMG002237.png,2067,2923,0,0,0,False,0
IMG002238.jpeg,0,data\raw\images\IMG002238.jpeg,,data\processed\masks\IMG002238.png,1811,2120,0,0,0,False,0
IMG002239.jpeg,0,data\raw\images\IMG002239.jpeg,,data\processed\masks\IMG002239.png,2135,2262,0,0,0,False,0
IMG002240.jpeg,0,data\raw\images\IMG002240.jpeg,,data\processed\masks\IMG002240.png,1605,2454,0,0,0,False,0
IMG002241.jpeg,0,data\raw\images\IMG002241.jpeg,,data\processed\masks\IMG002241.png,1805,2454,0,0,0,False,0
IMG002242.jpeg,0,data\raw\images\IMG002242.jpeg,,data\processed\masks\IMG002242.png,2190,2599,0,0,0,False,0
IMG002243.jpeg,0,data\raw\images\IMG002243.jpeg,,data\processed\masks\IMG002243.png,2340,2151,0,0,0,False,0
IMG002244.jpeg,0,data\raw\images\IMG002244.jpeg,,data\processed\masks\IMG002244.png,2422,2193,0,0,0,False,0
IMG002245.jpeg,0,data\raw\images\IMG002245.jpeg,,data\processed\masks\IMG002245.png,1839,1774,0,0,0,False,0
IMG002246.jpeg,0,data\raw\images\IMG002246.jpeg,,data\processed\masks\IMG002246.png,1673,1877,0,0,0,False,0
IMG002247.jpeg,0,data\raw\images\IMG002247.jpeg,,data\processed\masks\IMG002247.png,1579,1968,0,0,0,False,0
IMG002248.jpeg,0,data\raw\images\IMG002248.jpeg,,data\processed\masks\IMG002248.png,1934,1875,0,0,0,False,0
IMG002249.jpeg,0,data\raw\images\IMG002249.jpeg,,data\processed\masks\IMG002249.png,2287,2213,0,0,0,False,0
IMG002250.jpeg,0,data\raw\images\IMG002250.jpeg,,data\processed\masks\IMG002250.png,2216,3032,0,0,0,False,0
IMG002251.jpeg,0,data\raw\images\IMG002251.jpeg,,data\processed\masks\IMG002251.png,2111,3032,0,0,0,False,0
IMG002252.jpeg,0,data\raw\images\IMG002252.jpeg,,data\processed\masks\IMG002252.png,1938,3032,0,0,0,False,0
IMG002253.jpeg,0,data\raw\images\IMG002253.jpeg,,data\processed\masks\IMG002253.png,1934,3032,0,0,0,False,0
IMG002254.jpeg,0,data\raw\images\IMG002254.jpeg,,data\processed\masks\IMG002254.png,2083,3032,0,0,0,False,0
IMG002255.jpeg,0,data\raw\images\IMG002255.jpeg,,data\processed\masks\IMG002255.png,2180,3032,0,0,0,False,0
IMG002256.jpeg,0,data\raw\images\IMG002256.jpeg,,data\processed\masks\IMG002256.png,2011,2359,0,0,0,False,0
IMG002257.jpeg,0,data\raw\images\IMG002257.jpeg,,data\processed\masks\IMG002257.png,1997,2395,0,0,0,False,0
IMG002258.jpeg,0,data\raw\images\IMG002258.jpeg,,data\processed\masks\IMG002258.png,1721,2162,0,0,0,False,0
IMG002259.jpeg,0,data\raw\images\IMG002259.jpeg,,data\processed\masks\IMG002259.png,1841,2138,0,0,0,False,0
IMG002260.jpeg,0,data\raw\images\IMG002260.jpeg,,data\processed\masks\IMG002260.png,2304,3032,0,0,0,False,0
IMG002261.jpeg,0,data\raw\images\IMG002261.jpeg,,data\processed\masks\IMG002261.png,2447,1879,0,0,0,False,0
IMG002262.jpeg,0,data\raw\images\IMG002262.jpeg,,data\processed\masks\IMG002262.png,2368,1734,0,0,0,False,0
IMG002263.jpeg,0,data\raw\images\IMG002263.jpeg,,data\processed\masks\IMG002263.png,1985,2178,0,0,0,False,0
IMG002264.jpeg,0,data\raw\images\IMG002264.jpeg,,data\processed\masks\IMG002264.png,2256,1829,0,0,0,False,0
IMG002265.jpeg,0,data\raw\images\IMG002265.jpeg,,data\processed\masks\IMG002265.png,1975,3408,0,0,0,False,0
IMG002266.jpeg,0,data\raw\images\IMG002266.jpeg,,data\processed\masks\IMG002266.png,2049,3408,0,0,0,False,0
IMG002267.jpeg,0,data\raw\images\IMG002267.jpeg,,data\processed\masks\IMG002267.png,1538,3032,0,0,0,False,0
IMG002268.jpeg,0,data\raw\images\IMG002268.jpeg,,data\processed\masks\IMG002268.png,1861,3047,0,0,0,False,0
IMG002269.jpeg,0,data\raw\images\IMG002269.jpeg,,data\processed\masks\IMG002269.png,1630,3032,0,0,0,False,0
IMG002270.jpeg,0,data\raw\images\IMG002270.jpeg,,data\processed\masks\IMG002270.png,1917,3047,0,0,0,False,0
IMG002271.jpeg,0,data\raw\images\IMG002271.jpeg,,data\processed\masks\IMG002271.png,1606,2905,0,0,0,False,0
IMG002272.jpeg,0,data\raw\images\IMG002272.jpeg,,data\processed\masks\IMG002272.png,1341,1797,0,0,0,False,0
IMG002273.jpeg,0,data\raw\images\IMG002273.jpeg,,data\processed\masks\IMG002273.png,1788,3032,0,0,0,False,0
IMG002274.jpeg,0,data\raw\images\IMG002274.jpeg,,data\processed\masks\IMG002274.png,1584,2016,0,0,0,False,0
IMG002275.jpeg,0,data\raw\images\IMG002275.jpeg,,data\processed\masks\IMG002275.png,1996,2280,0,0,0,False,0
IMG002276.jpeg,0,data\raw\images\IMG002276.jpeg,,data\processed\masks\IMG002276.png,1345,1953,0,0,0,False,0
IMG002277.jpeg,0,data\raw\images\IMG002277.jpeg,,data\processed\masks\IMG002277.png,2408,3032,0,0,0,False,0
IMG002278.jpeg,0,data\raw\images\IMG002278.jpeg,,data\processed\masks\IMG002278.png,1335,1872,0,0,0,False,0
IMG002279.jpeg,0,data\raw\images\IMG002279.jpeg,,data\processed\masks\IMG002279.png,2344,3408,0,0,0,False,0
IMG002280.jpeg,0,data\raw\images\IMG002280.jpeg,,data\processed\masks\IMG002280.png,1579,1927,0,0,0,False,0
IMG002281.jpeg,0,data\raw\images\IMG002281.jpeg,,data\processed\masks\IMG002281.png,2352,3408,0,0,0,False,0
IMG002282.jpeg,0,data\raw\images\IMG002282.jpeg,,data\processed\masks\IMG002282.png,1328,1319,0,0,0,False,0
IMG002283.jpeg,0,data\raw\images\IMG002283.jpeg,,data\processed\masks\IMG002283.png,2044,3032,0,0,0,False,0
IMG002284.jpeg,0,data\raw\images\IMG002284.jpeg,,data\processed\masks\IMG002284.png,1559,3032,0,0,0,False,0
IMG002285.jpeg,0,data\raw\images\IMG002285.jpeg,,data\processed\masks\IMG002285.png,2215,3010,0,0,0,False,0
IMG002286.jpeg,0,data\raw\images\IMG002286.jpeg,,data\processed\masks\IMG002286.png,1495,3032,0,0,0,False,0
IMG002287.jpeg,0,data\raw\images\IMG002287.jpeg,,data\processed\masks\IMG002287.png,1644,3032,0,0,0,False,0
IMG002288.jpeg,0,data\raw\images\IMG002288.jpeg,,data\processed\masks\IMG002288.png,1424,3032,0,0,0,False,0
IMG002289.jpeg,0,data\raw\images\IMG002289.jpeg,,data\processed\masks\IMG002289.png,2520,3032,0,0,0,False,0
IMG002290.jpeg,0,data\raw\images\IMG002290.jpeg,,data\processed\masks\IMG002290.png,1692,3032,0,0,0,False,0
IMG002291.jpeg,0,data\raw\images\IMG002291.jpeg,,data\processed\masks\IMG002291.png,1628,3032,0,0,0,False,0
IMG002292.jpeg,0,data\raw\images\IMG002292.jpeg,,data\processed\masks\IMG002292.png,1625,3011,0,0,0,False,0
IMG002293.jpeg,0,data\raw\images\IMG002293.jpeg,,data\processed\masks\IMG002293.png,2368,3032,0,0,0,False,0
IMG002294.jpeg,0,data\raw\images\IMG002294.jpeg,,data\processed\masks\IMG002294.png,1250,2800,0,0,0,False,0
IMG002295.jpeg,0,data\raw\images\IMG002295.jpeg,,data\processed\masks\IMG002295.png,1250,2796,0,0,0,False,0
IMG002296.jpeg,0,data\raw\images\IMG002296.jpeg,,data\processed\masks\IMG002296.png,2180,3032,0,0,0,False,0
IMG002297.jpeg,0,data\raw\images\IMG002297.jpeg,,data\processed\masks\IMG002297.png,1252,3244,0,0,0,False,0
IMG002298.jpeg,0,data\raw\images\IMG002298.jpeg,,data\processed\masks\IMG002298.png,2520,2892,0,0,0,False,0
IMG002299.jpeg,0,data\raw\images\IMG002299.jpeg,,data\processed\masks\IMG002299.png,2560,3408,0,0,0,False,0
IMG002300.jpeg,0,data\raw\images\IMG002300.jpeg,,data\processed\masks\IMG002300.png,1230,2834,0,0,0,False,0
IMG002301.jpeg,0,data\raw\images\IMG002301.jpeg,,data\processed\masks\IMG002301.png,2544,3408,0,0,0,False,0
IMG002302.jpeg,0,data\raw\images\IMG002302.jpeg,,data\processed\masks\IMG002302.png,1934,3032,0,0,0,False,0
IMG002303.jpeg,0,data\raw\images\IMG002303.jpeg,,data\processed\masks\IMG002303.png,1812,2020,0,0,0,False,0
IMG002304.jpeg,0,data\raw\images\IMG002304.jpeg,,data\processed\masks\IMG002304.png,1663,2004,0,0,0,False,0
IMG002305.jpeg,0,data\raw\images\IMG002305.jpeg,,data\processed\masks\IMG002305.png,1912,3032,0,0,0,False,0
IMG002306.jpeg,0,data\raw\images\IMG002306.jpeg,,data\processed\masks\IMG002306.png,1250,1542,0,0,0,False,0
IMG002307.jpeg,0,data\raw\images\IMG002307.jpeg,,data\processed\masks\IMG002307.png,1758,1761,0,0,0,False,0
IMG002308.jpeg,0,data\raw\images\IMG002308.jpeg,,data\processed\masks\IMG002308.png,1521,1933,0,0,0,False,0
IMG002309.jpeg,0,data\raw\images\IMG002309.jpeg,,data\processed\masks\IMG002309.png,2139,2231,0,0,0,False,0
IMG002310.jpeg,0,data\raw\images\IMG002310.jpeg,,data\processed\masks\IMG002310.png,1250,2520,0,0,0,False,0
IMG002311.jpeg,0,data\raw\images\IMG002311.jpeg,,data\processed\masks\IMG002311.png,1184,1079,0,0,0,False,0
IMG002312.jpeg,0,data\raw\images\IMG002312.jpeg,,data\processed\masks\IMG002312.png,1933,3032,0,0,0,False,0
IMG002313.jpeg,0,data\raw\images\IMG002313.jpeg,,data\processed\masks\IMG002313.png,2170,1972,0,0,0,False,0
IMG002314.jpeg,0,data\raw\images\IMG002314.jpeg,,data\processed\masks\IMG002314.png,1356,1772,0,0,0,False,0
IMG002315.jpeg,0,data\raw\images\IMG002315.jpeg,,data\processed\masks\IMG002315.png,1057,1363,0,0,0,False,0
IMG002316.jpeg,0,data\raw\images\IMG002316.jpeg,,data\processed\masks\IMG002316.png,2445,1250,0,0,0,False,0
IMG002317.jpeg,0,data\raw\images\IMG002317.jpeg,,data\processed\masks\IMG002317.png,1807,3031,0,0,0,False,0
IMG002318.jpeg,0,data\raw\images\IMG002318.jpeg,,data\processed\masks\IMG002318.png,2321,1843,0,0,0,False,0
IMG002319.jpeg,0,data\raw\images\IMG002319.jpeg,,data\processed\masks\IMG002319.png,1592,1568,0,0,0,False,0
IMG002320.jpeg,0,data\raw\images\IMG002320.jpeg,,data\processed\masks\IMG002320.png,2520,3032,0,0,0,False,0
IMG002321.jpeg,0,data\raw\images\IMG002321.jpeg,,data\processed\masks\IMG002321.png,2112,2688,0,0,0,False,0
IMG002322.jpeg,0,data\raw\images\IMG002322.jpeg,,data\processed\masks\IMG002322.png,2116,2688,0,0,0,False,0
IMG002323.jpeg,0,data\raw\images\IMG002323.jpeg,,data\processed\masks\IMG002323.png,1836,3032,0,0,0,False,0
IMG002324.jpeg,0,data\raw\images\IMG002324.jpeg,,data\processed\masks\IMG002324.png,2520,3032,0,0,0,False,0
IMG002325.jpeg,0,data\raw\images\IMG002325.jpeg,,data\processed\masks\IMG002325.png,1728,3032,0,0,0,False,0
IMG002326.jpeg,0,data\raw\images\IMG002326.jpeg,,data\processed\masks\IMG002326.png,2520,3032,0,0,0,False,0
IMG002327.jpeg,0,data\raw\images\IMG002327.jpeg,,data\processed\masks\IMG002327.png,2520,3032,0,0,0,False,0
IMG002328.jpeg,0,data\raw\images\IMG002328.jpeg,,data\processed\masks\IMG002328.png,2264,1874,0,0,0,False,0
IMG002329.jpeg,0,data\raw\images\IMG002329.jpeg,,data\processed\masks\IMG002329.png,1367,2869,0,0,0,False,0
IMG002330.jpeg,0,data\raw\images\IMG002330.jpeg,,data\processed\masks\IMG002330.png,1051,2815,0,0,0,False,0
IMG002331.jpeg,0,data\raw\images\IMG002331.jpeg,,data\processed\masks\IMG002331.png,2049,3384,0,0,0,False,0
IMG002332.jpeg,0,data\raw\images\IMG002332.jpeg,,data\processed\masks\IMG002332.png,1574,3032,0,0,0,False,0
IMG002333.jpeg,0,data\raw\images\IMG002333.jpeg,,data\processed\masks\IMG002333.png,1622,3032,0,0,0,False,0
IMG002334.jpeg,0,data\raw\images\IMG002334.jpeg,,data\processed\masks\IMG002334.png,1666,1307,0,0,0,False,0
IMG002335.jpeg,0,data\raw\images\IMG002335.jpeg,,data\processed\masks\IMG002335.png,1678,2120,0,0,0,False,0
IMG002336.jpeg,0,data\raw\images\IMG002336.jpeg,,data\processed\masks\IMG002336.png,1922,2166,0,0,0,False,0
IMG002337.jpeg,0,data\raw\images\IMG002337.jpeg,,data\processed\masks\IMG002337.png,2520,2293,0,0,0,False,0
IMG002338.jpeg,0,data\raw\images\IMG002338.jpeg,,data\processed\masks\IMG002338.png,1286,1452,0,0,0,False,0
IMG002339.jpeg,0,data\raw\images\IMG002339.jpeg,,data\processed\masks\IMG002339.png,1032,1369,0,0,0,False,0
IMG002340.jpeg,0,data\raw\images\IMG002340.jpeg,,data\processed\masks\IMG002340.png,2031,1759,0,0,0,False,0
IMG002341.jpeg,0,data\raw\images\IMG002341.jpeg,,data\processed\masks\IMG002341.png,1250,1492,0,0,0,False,0
IMG002342.jpeg,0,data\raw\images\IMG002342.jpeg,,data\processed\masks\IMG002342.png,2058,3112,0,0,0,False,0
IMG002343.jpeg,0,data\raw\images\IMG002343.jpeg,,data\processed\masks\IMG002343.png,1354,2679,0,0,0,False,0
IMG002344.jpeg,0,data\raw\images\IMG002344.jpeg,,data\processed\masks\IMG002344.png,1592,3032,0,0,0,False,0
IMG002345.jpeg,0,data\raw\images\IMG002345.jpeg,,data\processed\masks\IMG002345.png,1514,1250,0,0,0,False,0
IMG002346.jpeg,0,data\raw\images\IMG002346.jpeg,,data\processed\masks\IMG002346.png,1250,1355,0,0,0,False,0
IMG002347.jpeg,0,data\raw\images\IMG002347.jpeg,,data\processed\masks\IMG002347.png,1504,1250,0,0,0,False,0
IMG002348.jpeg,0,data\raw\images\IMG002348.jpeg,,data\processed\masks\IMG002348.png,1250,1529,0,0,0,False,0
IMG002349.jpeg,0,data\raw\images\IMG002349.jpeg,,data\processed\masks\IMG002349.png,2114,1250,0,0,0,False,0
IMG002350.jpeg,0,data\raw\images\IMG002350.jpeg,,data\processed\masks\IMG002350.png,1335,2565,0,0,0,False,0
IMG002351.jpeg,0,data\raw\images\IMG002351.jpeg,,data\processed\masks\IMG002351.png,1250,2418,0,0,0,False,0
IMG002352.jpeg,0,data\raw\images\IMG002352.jpeg,,data\processed\masks\IMG002352.png,2025,1250,0,0,0,False,0
IMG002353.jpeg,0,data\raw\images\IMG002353.jpeg,,data\processed\masks\IMG002353.png,1652,1250,0,0,0,False,0
IMG002354.jpeg,0,data\raw\images\IMG002354.jpeg,,data\processed\masks\IMG002354.png,1691,2626,0,0,0,False,0
IMG002355.jpeg,0,data\raw\images\IMG002355.jpeg,,data\processed\masks\IMG002355.png,1506,2599,0,0,0,False,0
IMG002356.jpeg,0,data\raw\images\IMG002356.jpeg,,data\processed\masks\IMG002356.png,1371,2661,0,0,0,False,0
IMG002357.jpeg,0,data\raw\images\IMG002357.jpeg,,data\processed\masks\IMG002357.png,1272,1517,0,0,0,False,0
IMG002358.jpeg,0,data\raw\images\IMG002358.jpeg,,data\processed\masks\IMG002358.png,1357,1254,0,0,0,False,0
IMG002359.jpeg,0,data\raw\images\IMG002359.jpeg,,data\processed\masks\IMG002359.png,1392,1835,0,0,0,False,0
IMG002360.jpeg,0,data\raw\images\IMG002360.jpeg,,data\processed\masks\IMG002360.png,1296,1741,0,0,0,False,0
IMG002361.jpeg,0,data\raw\images\IMG002361.jpeg,,data\processed\masks\IMG002361.png,2160,2316,0,0,0,False,0
IMG002362.jpeg,0,data\raw\images\IMG002362.jpeg,,data\processed\masks\IMG002362.png,1754,2228,0,0,0,False,0
IMG002363.jpeg,0,data\raw\images\IMG002363.jpeg,,data\processed\masks\IMG002363.png,1474,1713,0,0,0,False,0
IMG002364.jpeg,0,data\raw\images\IMG002364.jpeg,,data\processed\masks\IMG002364.png,1296,2280,0,0,0,False,0
IMG002365.jpeg,0,data\raw\images\IMG002365.jpeg,,data\processed\masks\IMG002365.png,949,1931,0,0,0,False,0
IMG002366.jpeg,0,data\raw\images\IMG002366.jpeg,,data\processed\masks\IMG002366.png,1256,2792,0,0,0,False,0
IMG002367.jpeg,0,data\raw\images\IMG002367.jpeg,,data\processed\masks\IMG002367.png,1415,1381,0,0,0,False,0
IMG002368.jpeg,0,data\raw\images\IMG002368.jpeg,,data\processed\masks\IMG002368.png,1403,2262,0,0,0,False,0
IMG002369.jpeg,0,data\raw\images\IMG002369.jpeg,,data\processed\masks\IMG002369.png,1288,3408,0,0,0,False,0
IMG002370.jpeg,0,data\raw\images\IMG002370.jpeg,,data\processed\masks\IMG002370.png,1440,3408,0,0,0,False,0
IMG002371.jpeg,0,data\raw\images\IMG002371.jpeg,,data\processed\masks\IMG002371.png,2436,3032,0,0,0,False,0
IMG002372.jpeg,0,data\raw\images\IMG002372.jpeg,,data\processed\masks\IMG002372.png,2520,2228,0,0,0,False,0
IMG002373.jpeg,0,data\raw\images\IMG002373.jpeg,,data\processed\masks\IMG002373.png,2520,2228,0,0,0,False,0
IMG002374.jpeg,0,data\raw\images\IMG002374.jpeg,,data\processed\masks\IMG002374.png,2082,2231,0,0,0,False,0
IMG002375.jpeg,0,data\raw\images\IMG002375.jpeg,,data\processed\masks\IMG002375.png,2132,3032,0,0,0,False,0
IMG002376.jpeg,0,data\raw\images\IMG002376.jpeg,,data\processed\masks\IMG002376.png,2132,3032,0,0,0,False,0
IMG002377.jpeg,0,data\raw\images\IMG002377.jpeg,,data\processed\masks\IMG002377.png,2132,3032,0,0,0,False,0
IMG002378.jpeg,0,data\raw\images\IMG002378.jpeg,,data\processed\masks\IMG002378.png,1912,1724,0,0,0,False,0
IMG002379.jpeg,0,data\raw\images\IMG002379.jpeg,,data\processed\masks\IMG002379.png,2228,2180,0,0,0,False,0
IMG002380.jpeg,0,data\raw\images\IMG002380.jpeg,,data\processed\masks\IMG002380.png,1770,3032,0,0,0,False,0
IMG002381.jpeg,0,data\raw\images\IMG002381.jpeg,,data\processed\masks\IMG002381.png,2153,3032,0,0,0,False,0
IMG002382.jpeg,0,data\raw\images\IMG002382.jpeg,,data\processed\masks\IMG002382.png,1465,2315,0,0,0,False,0
IMG002383.jpeg,0,data\raw\images\IMG002383.jpeg,,data\processed\masks\IMG002383.png,1329,3173,0,0,0,False,0
IMG002384.jpeg,0,data\raw\images\IMG002384.jpeg,,data\processed\masks\IMG002384.png,2372,2392,0,0,0,False,0
IMG002385.jpeg,0,data\raw\images\IMG002385.jpeg,,data\processed\masks\IMG002385.png,1709,2911,0,0,0,False,0
IMG002386.jpeg,0,data\raw\images\IMG002386.jpeg,,data\processed\masks\IMG002386.png,2372,2396,0,0,0,False,0
IMG002387.jpeg,0,data\raw\images\IMG002387.jpeg,,data\processed\masks\IMG002387.png,1177,1904,0,0,0,False,0
IMG002388.jpeg,0,data\raw\images\IMG002388.jpeg,,data\processed\masks\IMG002388.png,1548,1773,0,0,0,False,0
IMG002389.jpeg,0,data\raw\images\IMG002389.jpeg,,data\processed\masks\IMG002389.png,1054,1604,0,0,0,False,0
IMG002390.jpeg,0,data\raw\images\IMG002390.jpeg,,data\processed\masks\IMG002390.png,1332,1471,0,0,0,False,0
IMG002391.jpeg,0,data\raw\images\IMG002391.jpeg,,data\processed\masks\IMG002391.png,1250,1721,0,0,0,False,0
IMG002392.jpeg,0,data\raw\images\IMG002392.jpeg,,data\processed\masks\IMG002392.png,1250,1972,0,0,0,False,0
IMG002393.jpeg,0,data\raw\images\IMG002393.jpeg,,data\processed\masks\IMG002393.png,1409,1137,0,0,0,False,0
IMG002394.jpeg,0,data\raw\images\IMG002394.jpeg,,data\processed\masks\IMG002394.png,1459,1539,0,0,0,False,0
IMG002395.jpeg,0,data\raw\images\IMG002395.jpeg,,data\processed\masks\IMG002395.png,1632,2378,0,0,0,False,0
IMG002396.jpeg,0,data\raw\images\IMG002396.jpeg,,data\processed\masks\IMG002396.png,1250,1432,0,0,0,False,0
IMG002397.jpeg,0,data\raw\images\IMG002397.jpeg,,data\processed\masks\IMG002397.png,1273,1564,0,0,0,False,0
IMG002398.jpeg,0,data\raw\images\IMG002398.jpeg,,data\processed\masks\IMG002398.png,1250,1250,0,0,0,False,0
IMG002399.jpeg,0,data\raw\images\IMG002399.jpeg,,data\processed\masks\IMG002399.png,682,439,0,0,0,False,0
IMG002400.jpeg,0,data\raw\images\IMG002400.jpeg,,data\processed\masks\IMG002400.png,1250,1414,0,0,0,False,0
IMG002401.jpeg,0,data\raw\images\IMG002401.jpeg,,data\processed\masks\IMG002401.png,1868,3032,0,0,0,False,0
IMG002402.jpeg,0,data\raw\images\IMG002402.jpeg,,data\processed\masks\IMG002402.png,1435,3032,0,0,0,False,0
IMG002403.jpeg,0,data\raw\images\IMG002403.jpeg,,data\processed\masks\IMG002403.png,1508,3032,0,0,0,False,0
IMG002404.jpeg,0,data\raw\images\IMG002404.jpeg,,data\processed\masks\IMG002404.png,2520,3032,0,0,0,False,0
IMG002405.jpeg,0,data\raw\images\IMG002405.jpeg,,data\processed\masks\IMG002405.png,2016,2909,0,0,0,False,0
IMG002406.jpeg,0,data\raw\images\IMG002406.jpeg,,data\processed\masks\IMG002406.png,1928,1824,0,0,0,False,0
IMG002407.jpeg,0,data\raw\images\IMG002407.jpeg,,data\processed\masks\IMG002407.png,1928,2848,0,0,0,False,0
IMG002408.jpeg,0,data\raw\images\IMG002408.jpeg,,data\processed\masks\IMG002408.png,1928,2840,0,0,0,False,0
IMG002409.jpeg,0,data\raw\images\IMG002409.jpeg,,data\processed\masks\IMG002409.png,2384,2572,0,0,0,False,0
IMG002410.jpeg,0,data\raw\images\IMG002410.jpeg,,data\processed\masks\IMG002410.png,2384,2580,0,0,0,False,0
IMG002411.jpeg,0,data\raw\images\IMG002411.jpeg,,data\processed\masks\IMG002411.png,1876,2280,0,0,0,False,0
IMG002412.jpeg,0,data\raw\images\IMG002412.jpeg,,data\processed\masks\IMG002412.png,2012,2624,0,0,0,False,0
IMG002413.jpeg,0,data\raw\images\IMG002413.jpeg,,data\processed\masks\IMG002413.png,2012,3032,0,0,0,False,0
IMG002414.jpeg,0,data\raw\images\IMG002414.jpeg,,data\processed\masks\IMG002414.png,2008,3032,0,0,0,False,0
IMG002415.jpeg,0,data\raw\images\IMG002415.jpeg,,data\processed\masks\IMG002415.png,1426,3032,0,0,0,False,0
IMG002416.jpeg,0,data\raw\images\IMG002416.jpeg,,data\processed\masks\IMG002416.png,2204,1820,0,0,0,False,0
IMG002417.jpeg,0,data\raw\images\IMG002417.jpeg,,data\processed\masks\IMG002417.png,1834,1502,0,0,0,False,0
IMG002418.jpeg,0,data\raw\images\IMG002418.jpeg,,data\processed\masks\IMG002418.png,1565,3032,0,0,0,False,0
IMG002419.jpeg,0,data\raw\images\IMG002419.jpeg,,data\processed\masks\IMG002419.png,1560,3032,0,0,0,False,0
IMG002420.jpeg,0,data\raw\images\IMG002420.jpeg,,data\processed\masks\IMG002420.png,1872,2912,0,0,0,False,0
IMG002421.jpeg,0,data\raw\images\IMG002421.jpeg,,data\processed\masks\IMG002421.png,1448,2520,0,0,0,False,0
IMG002422.jpeg,0,data\raw\images\IMG002422.jpeg,,data\processed\masks\IMG002422.png,2520,3032,0,0,0,False,0
IMG002423.jpeg,0,data\raw\images\IMG002423.jpeg,,data\processed\masks\IMG002423.png,1872,2912,0,0,0,False,0
IMG002424.jpeg,0,data\raw\images\IMG002424.jpeg,,data\processed\masks\IMG002424.png,2520,3032,0,0,0,False,0
IMG002425.jpeg,0,data\raw\images\IMG002425.jpeg,,data\processed\masks\IMG002425.png,1969,1678,0,0,0,False,0
IMG002426.jpeg,0,data\raw\images\IMG002426.jpeg,,data\processed\masks\IMG002426.png,1744,2560,0,0,0,False,0
IMG002427.jpeg,0,data\raw\images\IMG002427.jpeg,,data\processed\masks\IMG002427.png,243,479,0,0,0,False,0
IMG002428.jpeg,0,data\raw\images\IMG002428.jpeg,,data\processed\masks\IMG002428.png,1856,2568,0,0,0,False,0
IMG002429.jpeg,0,data\raw\images\IMG002429.jpeg,,data\processed\masks\IMG002429.png,292,480,0,0,0,False,0
IMG002430.jpeg,0,data\raw\images\IMG002430.jpeg,,data\processed\masks\IMG002430.png,1856,1889,0,0,0,False,0
IMG002431.jpeg,0,data\raw\images\IMG002431.jpeg,,data\processed\masks\IMG002431.png,2248,2413,0,0,0,False,0
IMG002432.jpeg,0,data\raw\images\IMG002432.jpeg,,data\processed\masks\IMG002432.png,290,480,0,0,0,False,0
IMG002433.jpeg,0,data\raw\images\IMG002433.jpeg,,data\processed\masks\IMG002433.png,329,480,0,0,0,False,0
IMG002434.jpeg,0,data\raw\images\IMG002434.jpeg,,data\processed\masks\IMG002434.png,1389,2520,0,0,0,False,0
IMG002435.jpeg,0,data\raw\images\IMG002435.jpeg,,data\processed\masks\IMG002435.png,1480,1993,0,0,0,False,0
IMG002436.jpeg,0,data\raw\images\IMG002436.jpeg,,data\processed\masks\IMG002436.png,1711,1738,0,0,0,False,0
IMG002437.jpeg,0,data\raw\images\IMG002437.jpeg,,data\processed\masks\IMG002437.png,1524,3032,0,0,0,False,0
IMG002438.jpeg,0,data\raw\images\IMG002438.jpeg,,data\processed\masks\IMG002438.png,1576,2910,0,0,0,False,0
IMG002439.jpeg,0,data\raw\images\IMG002439.jpeg,,data\processed\masks\IMG002439.png,2406,3032,0,0,0,False,0
IMG002440.jpeg,0,data\raw\images\IMG002440.jpeg,,data\processed\masks\IMG002440.png,1578,3032,0,0,0,False,0
IMG002441.jpeg,0,data\raw\images\IMG002441.jpeg,,data\processed\masks\IMG002441.png,2192,3224,0,0,0,False,0
IMG002442.jpeg,0,data\raw\images\IMG002442.jpeg,,data\processed\masks\IMG002442.png,1775,3032,0,0,0,False,0
IMG002443.jpeg,0,data\raw\images\IMG002443.jpeg,,data\processed\masks\IMG002443.png,1624,2906,0,0,0,False,0
IMG002444.jpeg,0,data\raw\images\IMG002444.jpeg,,data\processed\masks\IMG002444.png,2024,3384,0,0,0,False,0
IMG002445.jpeg,0,data\raw\images\IMG002445.jpeg,,data\processed\masks\IMG002445.png,2520,3032,0,0,0,False,0
IMG002446.jpeg,0,data\raw\images\IMG002446.jpeg,,data\processed\masks\IMG002446.png,2520,3032,0,0,0,False,0
IMG002447.jpeg,0,data\raw\images\IMG002447.jpeg,,data\processed\masks\IMG002447.png,2672,3080,0,0,0,False,0
IMG002448.jpeg,0,data\raw\images\IMG002448.jpeg,,data\processed\masks\IMG002448.png,2672,3072,0,0,0,False,0
IMG002449.jpeg,0,data\raw\images\IMG002449.jpeg,,data\processed\masks\IMG002449.png,2035,1706,0,0,0,False,0
IMG002450.jpeg,0,data\raw\images\IMG002450.jpeg,,data\processed\masks\IMG002450.png,1495,1729,0,0,0,False,0
IMG002451.jpeg,0,data\raw\images\IMG002451.jpeg,,data\processed\masks\IMG002451.png,1968,3408,0,0,0,False,0
IMG002452.jpeg,0,data\raw\images\IMG002452.jpeg,,data\processed\masks\IMG002452.png,1566,1742,0,0,0,False,0
IMG002453.jpeg,0,data\raw\images\IMG002453.jpeg,,data\processed\masks\IMG002453.png,1968,3408,0,0,0,False,0
IMG002454.jpeg,0,data\raw\images\IMG002454.jpeg,,data\processed\masks\IMG002454.png,1626,2032,0,0,0,False,0
IMG002455.jpeg,0,data\raw\images\IMG002455.jpeg,,data\processed\masks\IMG002455.png,1292,2032,0,0,0,False,0
IMG002456.jpeg,0,data\raw\images\IMG002456.jpeg,,data\processed\masks\IMG002456.png,1500,1690,0,0,0,False,0
IMG002457.jpeg,0,data\raw\images\IMG002457.jpeg,,data\processed\masks\IMG002457.png,1827,1583,0,0,0,False,0
IMG002458.jpeg,0,data\raw\images\IMG002458.jpeg,,data\processed\masks\IMG002458.png,2520,2300,0,0,0,False,0
IMG002459.jpeg,0,data\raw\images\IMG002459.jpeg,,data\processed\masks\IMG002459.png,2077,3408,0,0,0,False,0
IMG002460.jpeg,0,data\raw\images\IMG002460.jpeg,,data\processed\masks\IMG002460.png,2361,3032,0,0,0,False,0
IMG002461.jpeg,0,data\raw\images\IMG002461.jpeg,,data\processed\masks\IMG002461.png,1882,3408,0,0,0,False,0
IMG002462.jpeg,0,data\raw\images\IMG002462.jpeg,,data\processed\masks\IMG002462.png,1999,3408,0,0,0,False,0
IMG002463.jpeg,0,data\raw\images\IMG002463.jpeg,,data\processed\masks\IMG002463.png,1663,3408,0,0,0,False,0
IMG002464.jpeg,0,data\raw\images\IMG002464.jpeg,,data\processed\masks\IMG002464.png,1378,1848,0,0,0,False,0
IMG002465.jpeg,0,data\raw\images\IMG002465.jpeg,,data\processed\masks\IMG002465.png,1816,1760,0,0,0,False,0
IMG002466.jpeg,0,data\raw\images\IMG002466.jpeg,,data\processed\masks\IMG002466.png,1354,2080,0,0,0,False,0
IMG002467.jpeg,0,data\raw\images\IMG002467.jpeg,,data\processed\masks\IMG002467.png,1236,3408,0,0,0,False,0
IMG002468.jpeg,0,data\raw\images\IMG002468.jpeg,,data\processed\masks\IMG002468.png,3281,2501,0,0,0,False,0
IMG002469.jpeg,0,data\raw\images\IMG002469.jpeg,,data\processed\masks\IMG002469.png,2520,2308,0,0,0,False,0
IMG002470.jpeg,0,data\raw\images\IMG002470.jpeg,,data\processed\masks\IMG002470.png,1564,3408,0,0,0,False,0
IMG002471.jpeg,0,data\raw\images\IMG002471.jpeg,,data\processed\masks\IMG002471.png,1989,3032,0,0,0,False,0
IMG002472.jpeg,0,data\raw\images\IMG002472.jpeg,,data\processed\masks\IMG002472.png,1564,3408,0,0,0,False,0
IMG002473.jpeg,0,data\raw\images\IMG002473.jpeg,,data\processed\masks\IMG002473.png,1666,3408,0,0,0,False,0
IMG002474.jpeg,0,data\raw\images\IMG002474.jpeg,,data\processed\masks\IMG002474.png,1856,2416,0,0,0,False,0
IMG002475.jpeg,0,data\raw\images\IMG002475.jpeg,,data\processed\masks\IMG002475.png,1996,3032,0,0,0,False,0
IMG002476.jpeg,0,data\raw\images\IMG002476.jpeg,,data\processed\masks\IMG002476.png,1806,1580,0,0,0,False,0
IMG002477.jpeg,0,data\raw\images\IMG002477.jpeg,,data\processed\masks\IMG002477.png,2072,2176,0,0,0,False,0
IMG002478.jpeg,0,data\raw\images\IMG002478.jpeg,,data\processed\masks\IMG002478.png,1561,2178,0,0,0,False,0
IMG002479.jpeg,0,data\raw\images\IMG002479.jpeg,,data\processed\masks\IMG002479.png,1633,1920,0,0,0,False,0
IMG002480.jpeg,0,data\raw\images\IMG002480.jpeg,,data\processed\masks\IMG002480.png,1215,1971,0,0,0,False,0
IMG002481.jpeg,0,data\raw\images\IMG002481.jpeg,,data\processed\masks\IMG002481.png,2007,2142,0,0,0,False,0
IMG002482.jpeg,0,data\raw\images\IMG002482.jpeg,,data\processed\masks\IMG002482.png,1259,1652,0,0,0,False,0
IMG002483.jpeg,0,data\raw\images\IMG002483.jpeg,,data\processed\masks\IMG002483.png,1619,1628,0,0,0,False,0
IMG002484.jpeg,0,data\raw\images\IMG002484.jpeg,,data\processed\masks\IMG002484.png,2408,3032,0,0,0,False,0
IMG002485.jpeg,0,data\raw\images\IMG002485.jpeg,,data\processed\masks\IMG002485.png,2140,3032,0,0,0,False,0
IMG002486.jpeg,0,data\raw\images\IMG002486.jpeg,,data\processed\masks\IMG002486.png,1448,2236,0,0,0,False,0
IMG002487.jpeg,0,data\raw\images\IMG002487.jpeg,,data\processed\masks\IMG002487.png,1644,2412,0,0,0,False,0
IMG002488.jpeg,0,data\raw\images\IMG002488.jpeg,,data\processed\masks\IMG002488.png,1268,3032,0,0,0,False,0
IMG002489.jpeg,0,data\raw\images\IMG002489.jpeg,,data\processed\masks\IMG002489.png,2136,2412,0,0,0,False,0
IMG002490.jpeg,0,data\raw\images\IMG002490.jpeg,,data\processed\masks\IMG002490.png,1512,1632,0,0,0,False,0
IMG002491.jpeg,0,data\raw\images\IMG002491.jpeg,,data\processed\masks\IMG002491.png,1773,2882,0,0,0,False,0
IMG002492.jpeg,0,data\raw\images\IMG002492.jpeg,,data\processed\masks\IMG002492.png,1852,3032,0,0,0,False,0
IMG002493.jpeg,0,data\raw\images\IMG002493.jpeg,,data\processed\masks\IMG002493.png,2136,2416,0,0,0,False,0
IMG002494.jpeg,0,data\raw\images\IMG002494.jpeg,,data\processed\masks\IMG002494.png,1250,1466,0,0,0,False,0
IMG002495.jpeg,0,data\raw\images\IMG002495.jpeg,,data\processed\masks\IMG002495.png,1557,1616,0,0,0,False,0
IMG002496.jpeg,0,data\raw\images\IMG002496.jpeg,,data\processed\masks\IMG002496.png,1250,1448,0,0,0,False,0
IMG002497.jpeg,0,data\raw\images\IMG002497.jpeg,,data\processed\masks\IMG002497.png,1523,1632,0,0,0,False,0
IMG002498.jpeg,0,data\raw\images\IMG002498.jpeg,,data\processed\masks\IMG002498.png,1484,2492,0,0,0,False,0
IMG002499.jpeg,0,data\raw\images\IMG002499.jpeg,,data\processed\masks\IMG002499.png,3032,2200,0,0,0,False,0
IMG002500.jpeg,0,data\raw\images\IMG002500.jpeg,,data\processed\masks\IMG002500.png,1532,1840,0,0,0,False,0
IMG002501.jpeg,0,data\raw\images\IMG002501.jpeg,,data\processed\masks\IMG002501.png,1250,2003,0,0,0,False,0
IMG002502.jpeg,0,data\raw\images\IMG002502.jpeg,,data\processed\masks\IMG002502.png,1250,1830,0,0,0,False,0
IMG002503.jpeg,0,data\raw\images\IMG002503.jpeg,,data\processed\masks\IMG002503.png,1250,1807,0,0,0,False,0
IMG002504.jpeg,0,data\raw\images\IMG002504.jpeg,,data\processed\masks\IMG002504.png,1250,1720,0,0,0,False,0
IMG002505.jpeg,0,data\raw\images\IMG002505.jpeg,,data\processed\masks\IMG002505.png,1250,2296,0,0,0,False,0
IMG002506.jpeg,0,data\raw\images\IMG002506.jpeg,,data\processed\masks\IMG002506.png,1280,2009,0,0,0,False,0
IMG002507.jpeg,0,data\raw\images\IMG002507.jpeg,,data\processed\masks\IMG002507.png,1250,2465,0,0,0,False,0
IMG002508.jpeg,0,data\raw\images\IMG002508.jpeg,,data\processed\masks\IMG002508.png,1473,2121,0,0,0,False,0
IMG002509.jpeg,0,data\raw\images\IMG002509.jpeg,,data\processed\masks\IMG002509.png,3032,2520,0,0,0,False,0
IMG002510.jpeg,0,data\raw\images\IMG002510.jpeg,,data\processed\masks\IMG002510.png,1349,1553,0,0,0,False,0
IMG002511.jpeg,0,data\raw\images\IMG002511.jpeg,,data\processed\masks\IMG002511.png,1250,1420,0,0,0,False,0
IMG002512.jpeg,0,data\raw\images\IMG002512.jpeg,,data\processed\masks\IMG002512.png,1921,2122,0,0,0,False,0
IMG002513.jpeg,0,data\raw\images\IMG002513.jpeg,,data\processed\masks\IMG002513.png,1250,1250,0,0,0,False,0
IMG002514.jpeg,0,data\raw\images\IMG002514.jpeg,,data\processed\masks\IMG002514.png,2884,1572,0,0,0,False,0
IMG002515.jpeg,0,data\raw\images\IMG002515.jpeg,,data\processed\masks\IMG002515.png,1250,2520,0,0,0,False,0
IMG002516.jpeg,0,data\raw\images\IMG002516.jpeg,,data\processed\masks\IMG002516.png,1594,2723,0,0,0,False,0
IMG002517.jpeg,0,data\raw\images\IMG002517.jpeg,,data\processed\masks\IMG002517.png,1428,2537,0,0,0,False,0
IMG002518.jpeg,0,data\raw\images\IMG002518.jpeg,,data\processed\masks\IMG002518.png,1609,2072,0,0,0,False,0
IMG002519.jpeg,0,data\raw\images\IMG002519.jpeg,,data\processed\masks\IMG002519.png,1398,2520,0,0,0,False,0
IMG002520.jpeg,0,data\raw\images\IMG002520.jpeg,,data\processed\masks\IMG002520.png,1429,2800,0,0,0,False,0
IMG002521.jpeg,0,data\raw\images\IMG002521.jpeg,,data\processed\masks\IMG002521.png,2245,2384,0,0,0,False,0
IMG002522.jpeg,0,data\raw\images\IMG002522.jpeg,,data\processed\masks\IMG002522.png,1216,1712,0,0,0,False,0
IMG002523.jpeg,0,data\raw\images\IMG002523.jpeg,,data\processed\masks\IMG002523.png,1477,3032,0,0,0,False,0
IMG002524.jpeg,0,data\raw\images\IMG002524.jpeg,,data\processed\masks\IMG002524.png,1349,2800,0,0,0,False,0
IMG002525.jpeg,0,data\raw\images\IMG002525.jpeg,,data\processed\masks\IMG002525.png,1761,3032,0,0,0,False,0
IMG002526.jpeg,0,data\raw\images\IMG002526.jpeg,,data\processed\masks\IMG002526.png,3032,2520,0,0,0,False,0
IMG002527.jpeg,0,data\raw\images\IMG002527.jpeg,,data\processed\masks\IMG002527.png,2088,3032,0,0,0,False,0
IMG002528.jpeg,0,data\raw\images\IMG002528.jpeg,,data\processed\masks\IMG002528.png,2088,3032,0,0,0,False,0
IMG002529.jpeg,0,data\raw\images\IMG002529.jpeg,,data\processed\masks\IMG002529.png,2308,3032,0,0,0,False,0
IMG002530.jpeg,0,data\raw\images\IMG002530.jpeg,,data\processed\masks\IMG002530.png,1398,3032,0,0,0,False,0
IMG002531.jpeg,0,data\raw\images\IMG002531.jpeg,,data\processed\masks\IMG002531.png,1606,2928,0,0,0,False,0
IMG002532.jpeg,0,data\raw\images\IMG002532.jpeg,,data\processed\masks\IMG002532.png,1398,3032,0,0,0,False,0
IMG002533.jpeg,0,data\raw\images\IMG002533.jpeg,,data\processed\masks\IMG002533.png,1714,2888,0,0,0,False,0
IMG002534.jpeg,0,data\raw\images\IMG002534.jpeg,,data\processed\masks\IMG002534.png,1961,1885,0,0,0,False,0
IMG002535.jpeg,0,data\raw\images\IMG002535.jpeg,,data\processed\masks\IMG002535.png,2317,2348,0,0,0,False,0
IMG002536.jpeg,0,data\raw\images\IMG002536.jpeg,,data\processed\masks\IMG002536.png,1445,1967,0,0,0,False,0
IMG002537.jpeg,0,data\raw\images\IMG002537.jpeg,,data\processed\masks\IMG002537.png,1451,1303,0,0,0,False,0
IMG002538.jpeg,0,data\raw\images\IMG002538.jpeg,,data\processed\masks\IMG002538.png,1897,2256,0,0,0,False,0
IMG002539.jpeg,0,data\raw\images\IMG002539.jpeg,,data\processed\masks\IMG002539.png,1623,3032,0,0,0,False,0
IMG002540.jpeg,0,data\raw\images\IMG002540.jpeg,,data\processed\masks\IMG002540.png,2504,2371,0,0,0,False,0
IMG002541.jpeg,0,data\raw\images\IMG002541.jpeg,,data\processed\masks\IMG002541.png,2104,2417,0,0,0,False,0
IMG002542.jpeg,0,data\raw\images\IMG002542.jpeg,,data\processed\masks\IMG002542.png,2497,2341,0,0,0,False,0
IMG002543.jpeg,0,data\raw\images\IMG002543.jpeg,,data\processed\masks\IMG002543.png,1400,1756,0,0,0,False,0
IMG002544.jpeg,0,data\raw\images\IMG002544.jpeg,,data\processed\masks\IMG002544.png,1651,1692,0,0,0,False,0
IMG002545.jpeg,0,data\raw\images\IMG002545.jpeg,,data\processed\masks\IMG002545.png,2029,2137,0,0,0,False,0
IMG002546.jpeg,0,data\raw\images\IMG002546.jpeg,,data\processed\masks\IMG002546.png,1574,3032,0,0,0,False,0
IMG002547.jpeg,0,data\raw\images\IMG002547.jpeg,,data\processed\masks\IMG002547.png,2142,3032,0,0,0,False,0
IMG002548.jpeg,0,data\raw\images\IMG002548.jpeg,,data\processed\masks\IMG002548.png,2520,3032,0,0,0,False,0
IMG002549.jpeg,0,data\raw\images\IMG002549.jpeg,,data\processed\masks\IMG002549.png,1629,3032,0,0,0,False,0
IMG002550.jpeg,0,data\raw\images\IMG002550.jpeg,,data\processed\masks\IMG002550.png,1666,2497,0,0,0,False,0
IMG002551.jpeg,0,data\raw\images\IMG002551.jpeg,,data\processed\masks\IMG002551.png,1575,2494,0,0,0,False,0
IMG002552.jpeg,0,data\raw\images\IMG002552.jpeg,,data\processed\masks\IMG002552.png,2508,3032,0,0,0,False,0
IMG002553.jpeg,0,data\raw\images\IMG002553.jpeg,,data\processed\masks\IMG002553.png,2472,3032,0,0,0,False,0
IMG002554.jpeg,0,data\raw\images\IMG002554.jpeg,,data\processed\masks\IMG002554.png,2516,3032,0,0,0,False,0
IMG002555.jpeg,0,data\raw\images\IMG002555.jpeg,,data\processed\masks\IMG002555.png,2512,3032,0,0,0,False,0
IMG002556.jpeg,0,data\raw\images\IMG002556.jpeg,,data\processed\masks\IMG002556.png,2148,3032,0,0,0,False,0
IMG002557.jpeg,0,data\raw\images\IMG002557.jpeg,,data\processed\masks\IMG002557.png,1958,3032,0,0,0,False,0
IMG002558.jpeg,0,data\raw\images\IMG002558.jpeg,,data\processed\masks\IMG002558.png,2270,2637,0,0,0,False,0
IMG002559.jpeg,0,data\raw\images\IMG002559.jpeg,,data\processed\masks\IMG002559.png,2038,2589,0,0,0,False,0
IMG002560.jpeg,0,data\raw\images\IMG002560.jpeg,,data\processed\masks\IMG002560.png,2520,3032,0,0,0,False,0
IMG002561.jpeg,0,data\raw\images\IMG002561.jpeg,,data\processed\masks\IMG002561.png,2520,3032,0,0,0,False,0
IMG002562.jpeg,0,data\raw\images\IMG002562.jpeg,,data\processed\masks\IMG002562.png,1762,1939,0,0,0,False,0
IMG002563.jpeg,0,data\raw\images\IMG002563.jpeg,,data\processed\masks\IMG002563.png,2520,3032,0,0,0,False,0
IMG002564.jpeg,0,data\raw\images\IMG002564.jpeg,,data\processed\masks\IMG002564.png,1777,3032,0,0,0,False,0
IMG002565.jpeg,0,data\raw\images\IMG002565.jpeg,,data\processed\masks\IMG002565.png,1574,2047,0,0,0,False,0
IMG002566.jpeg,0,data\raw\images\IMG002566.jpeg,,data\processed\masks\IMG002566.png,2520,3032,0,0,0,False,0
IMG002567.jpeg,0,data\raw\images\IMG002567.jpeg,,data\processed\masks\IMG002567.png,1584,2169,0,0,0,False,0
IMG002568.jpeg,0,data\raw\images\IMG002568.jpeg,,data\processed\masks\IMG002568.png,1678,3032,0,0,0,False,0
IMG002569.jpeg,0,data\raw\images\IMG002569.jpeg,,data\processed\masks\IMG002569.png,2240,3032,0,0,0,False,0
IMG002570.jpeg,0,data\raw\images\IMG002570.jpeg,,data\processed\masks\IMG002570.png,2112,2450,0,0,0,False,0
IMG002571.jpeg,0,data\raw\images\IMG002571.jpeg,,data\processed\masks\IMG002571.png,2067,3408,0,0,0,False,0
IMG002572.jpeg,0,data\raw\images\IMG002572.jpeg,,data\processed\masks\IMG002572.png,1262,1809,0,0,0,False,0
IMG002573.jpeg,0,data\raw\images\IMG002573.jpeg,,data\processed\masks\IMG002573.png,1369,1292,0,0,0,False,0
IMG002574.jpeg,0,data\raw\images\IMG002574.jpeg,,data\processed\masks\IMG002574.png,2024,2864,0,0,0,False,0
IMG002575.jpeg,0,data\raw\images\IMG002575.jpeg,,data\processed\masks\IMG002575.png,1800,3320,0,0,0,False,0
IMG002576.jpeg,0,data\raw\images\IMG002576.jpeg,,data\processed\masks\IMG002576.png,1638,3320,0,0,0,False,0
IMG002577.jpeg,0,data\raw\images\IMG002577.jpeg,,data\processed\masks\IMG002577.png,1681,3320,0,0,0,False,0
IMG002578.jpeg,0,data\raw\images\IMG002578.jpeg,,data\processed\masks\IMG002578.png,1495,3320,0,0,0,False,0
IMG002579.jpeg,0,data\raw\images\IMG002579.jpeg,,data\processed\masks\IMG002579.png,1868,2979,0,0,0,False,0
IMG002580.jpeg,0,data\raw\images\IMG002580.jpeg,,data\processed\masks\IMG002580.png,1624,3320,0,0,0,False,0
IMG002581.jpeg,0,data\raw\images\IMG002581.jpeg,,data\processed\masks\IMG002581.png,2800,1715,0,0,0,False,0
IMG002582.jpeg,0,data\raw\images\IMG002582.jpeg,,data\processed\masks\IMG002582.png,2348,1854,0,0,0,False,0
IMG002583.jpeg,0,data\raw\images\IMG002583.jpeg,,data\processed\masks\IMG002583.png,1460,2488,0,0,0,False,0
IMG002584.jpeg,0,data\raw\images\IMG002584.jpeg,,data\processed\masks\IMG002584.png,2046,2741,0,0,0,False,0
IMG002585.jpeg,0,data\raw\images\IMG002585.jpeg,,data\processed\masks\IMG002585.png,1452,2183,0,0,0,False,0
IMG002586.jpeg,0,data\raw\images\IMG002586.jpeg,,data\processed\masks\IMG002586.png,1322,1649,0,0,0,False,0
IMG002587.jpeg,0,data\raw\images\IMG002587.jpeg,,data\processed\masks\IMG002587.png,1242,1656,0,0,0,False,0
IMG002588.jpeg,0,data\raw\images\IMG002588.jpeg,,data\processed\masks\IMG002588.png,1530,2593,0,0,0,False,0
IMG002589.jpeg,0,data\raw\images\IMG002589.jpeg,,data\processed\masks\IMG002589.png,2800,3328,0,0,0,False,0
IMG002590.jpeg,0,data\raw\images\IMG002590.jpeg,,data\processed\masks\IMG002590.png,1650,3320,0,0,0,False,0
IMG002591.jpeg,0,data\raw\images\IMG002591.jpeg,,data\processed\masks\IMG002591.png,1740,2284,0,0,0,False,0
IMG002592.jpeg,0,data\raw\images\IMG002592.jpeg,,data\processed\masks\IMG002592.png,2332,2760,0,0,0,False,0
IMG002593.jpeg,0,data\raw\images\IMG002593.jpeg,,data\processed\masks\IMG002593.png,2520,3032,0,0,0,False,0
IMG002594.jpeg,0,data\raw\images\IMG002594.jpeg,,data\processed\masks\IMG002594.png,2336,2768,0,0,0,False,0
IMG002595.jpeg,0,data\raw\images\IMG002595.jpeg,,data\processed\masks\IMG002595.png,2484,3032,0,0,0,False,0
IMG002596.jpeg,0,data\raw\images\IMG002596.jpeg,,data\processed\masks\IMG002596.png,2800,2976,0,0,0,False,0
IMG002597.jpeg,0,data\raw\images\IMG002597.jpeg,,data\processed\masks\IMG002597.png,2424,2984,0,0,0,False,0
IMG002598.jpeg,0,data\raw\images\IMG002598.jpeg,,data\processed\masks\IMG002598.png,2416,2707,0,0,0,False,0
IMG002599.jpeg,0,data\raw\images\IMG002599.jpeg,,data\processed\masks\IMG002599.png,2635,2382,0,0,0,False,0
IMG002600.jpeg,0,data\raw\images\IMG002600.jpeg,,data\processed\masks\IMG002600.png,1807,3032,0,0,0,False,0
IMG002601.jpeg,0,data\raw\images\IMG002601.jpeg,,data\processed\masks\IMG002601.png,1596,1736,0,0,0,False,0
IMG002602.jpeg,0,data\raw\images\IMG002602.jpeg,,data\processed\masks\IMG002602.png,1484,3032,0,0,0,False,0
IMG002603.jpeg,0,data\raw\images\IMG002603.jpeg,,data\processed\masks\IMG002603.png,2230,3032,0,0,0,False,0
IMG002604.jpeg,0,data\raw\images\IMG002604.jpeg,,data\processed\masks\IMG002604.png,1706,2839,0,0,0,False,0
IMG002605.jpeg,0,data\raw\images\IMG002605.jpeg,,data\processed\masks\IMG002605.png,1695,3032,0,0,0,False,0
IMG002606.jpeg,0,data\raw\images\IMG002606.jpeg,,data\processed\masks\IMG002606.png,1632,3032,0,0,0,False,0
IMG002607.jpeg,0,data\raw\images\IMG002607.jpeg,,data\processed\masks\IMG002607.png,1426,2172,0,0,0,False,0
IMG002608.jpeg,0,data\raw\images\IMG002608.jpeg,,data\processed\masks\IMG002608.png,2027,3032,0,0,0,False,0
IMG002609.jpeg,0,data\raw\images\IMG002609.jpeg,,data\processed\masks\IMG002609.png,1500,2154,0,0,0,False,0
IMG002610.jpeg,0,data\raw\images\IMG002610.jpeg,,data\processed\masks\IMG002610.png,2377,2539,0,0,0,False,0
IMG002611.jpeg,0,data\raw\images\IMG002611.jpeg,,data\processed\masks\IMG002611.png,1906,3032,0,0,0,False,0
IMG002612.jpeg,0,data\raw\images\IMG002612.jpeg,,data\processed\masks\IMG002612.png,1478,1925,0,0,0,False,0
IMG002613.jpeg,0,data\raw\images\IMG002613.jpeg,,data\processed\masks\IMG002613.png,1506,1915,0,0,0,False,0
IMG002614.jpeg,0,data\raw\images\IMG002614.jpeg,,data\processed\masks\IMG002614.png,2912,1662,0,0,0,False,0
IMG002615.jpeg,0,data\raw\images\IMG002615.jpeg,,data\processed\masks\IMG002615.png,1678,3032,0,0,0,False,0
IMG002616.jpeg,0,data\raw\images\IMG002616.jpeg,,data\processed\masks\IMG002616.png,1506,1832,0,0,0,False,0
IMG002617.jpeg,0,data\raw\images\IMG002617.jpeg,,data\processed\masks\IMG002617.png,2232,3032,0,0,0,False,0
IMG002618.jpeg,0,data\raw\images\IMG002618.jpeg,,data\processed\masks\IMG002618.png,2892,2344,0,0,0,False,0
IMG002619.jpeg,0,data\raw\images\IMG002619.jpeg,,data\processed\masks\IMG002619.png,1375,1843,0,0,0,False,0
IMG002620.jpeg,0,data\raw\images\IMG002620.jpeg,,data\processed\masks\IMG002620.png,2892,2344,0,0,0,False,0
IMG002621.jpeg,0,data\raw\images\IMG002621.jpeg,,data\processed\masks\IMG002621.png,1714,2003,0,0,0,False,0
IMG002622.jpeg,0,data\raw\images\IMG002622.jpeg,,data\processed\masks\IMG002622.png,2534,2651,0,0,0,False,0
IMG002623.jpeg,0,data\raw\images\IMG002623.jpeg,,data\processed\masks\IMG002623.png,1863,2477,0,0,0,False,0
IMG002624.jpeg,0,data\raw\images\IMG002624.jpeg,,data\processed\masks\IMG002624.png,2367,2429,0,0,0,False,0
IMG002625.jpeg,0,data\raw\images\IMG002625.jpeg,,data\processed\masks\IMG002625.png,1741,2489,0,0,0,False,0
IMG002626.jpeg,0,data\raw\images\IMG002626.jpeg,,data\processed\masks\IMG002626.png,2520,2499,0,0,0,False,0
IMG002627.jpeg,0,data\raw\images\IMG002627.jpeg,,data\processed\masks\IMG002627.png,1815,2737,0,0,0,False,0
IMG002628.jpeg,0,data\raw\images\IMG002628.jpeg,,data\processed\masks\IMG002628.png,2256,2568,0,0,0,False,0
IMG002629.jpeg,0,data\raw\images\IMG002629.jpeg,,data\processed\masks\IMG002629.png,1568,3032,0,0,0,False,0
IMG002630.jpeg,0,data\raw\images\IMG002630.jpeg,,data\processed\masks\IMG002630.png,2330,2466,0,0,0,False,0
IMG002631.jpeg,0,data\raw\images\IMG002631.jpeg,,data\processed\masks\IMG002631.png,1833,3032,0,0,0,False,0
IMG002632.jpeg,0,data\raw\images\IMG002632.jpeg,,data\processed\masks\IMG002632.png,2277,2506,0,0,0,False,0
IMG002633.jpeg,0,data\raw\images\IMG002633.jpeg,,data\processed\masks\IMG002633.png,1620,2151,0,0,0,False,0
IMG002634.jpeg,0,data\raw\images\IMG002634.jpeg,,data\processed\masks\IMG002634.png,1825,2010,0,0,0,False,0
IMG002635.jpeg,0,data\raw\images\IMG002635.jpeg,,data\processed\masks\IMG002635.png,1511,1654,0,0,0,False,0
IMG002636.jpeg,0,data\raw\images\IMG002636.jpeg,,data\processed\masks\IMG002636.png,1544,3032,0,0,0,False,0
IMG002637.jpeg,0,data\raw\images\IMG002637.jpeg,,data\processed\masks\IMG002637.png,1976,3032,0,0,0,False,0
IMG002638.jpeg,0,data\raw\images\IMG002638.jpeg,,data\processed\masks\IMG002638.png,1538,2520,0,0,0,False,0
IMG002639.jpeg,0,data\raw\images\IMG002639.jpeg,,data\processed\masks\IMG002639.png,2168,2632,0,0,0,False,0
IMG002640.jpeg,0,data\raw\images\IMG002640.jpeg,,data\processed\masks\IMG002640.png,2800,2605,0,0,0,False,0
IMG002641.jpeg,0,data\raw\images\IMG002641.jpeg,,data\processed\masks\IMG002641.png,2168,2632,0,0,0,False,0
IMG002642.jpeg,0,data\raw\images\IMG002642.jpeg,,data\processed\masks\IMG002642.png,2800,3408,0,0,0,False,0
IMG002643.jpeg,0,data\raw\images\IMG002643.jpeg,,data\processed\masks\IMG002643.png,2172,2632,0,0,0,False,0
IMG002644.jpeg,0,data\raw\images\IMG002644.jpeg,,data\processed\masks\IMG002644.png,2800,3408,0,0,0,False,0
IMG002645.jpeg,0,data\raw\images\IMG002645.jpeg,,data\processed\masks\IMG002645.png,1396,2300,0,0,0,False,0
IMG002646.jpeg,0,data\raw\images\IMG002646.jpeg,,data\processed\masks\IMG002646.png,2800,2185,0,0,0,False,0
IMG002647.jpeg,0,data\raw\images\IMG002647.jpeg,,data\processed\masks\IMG002647.png,1400,2300,0,0,0,False,0
IMG002648.jpeg,0,data\raw\images\IMG002648.jpeg,,data\processed\masks\IMG002648.png,1737,1786,0,0,0,False,0
IMG002649.jpeg,0,data\raw\images\IMG002649.jpeg,,data\processed\masks\IMG002649.png,1462,2939,0,0,0,False,0
IMG002650.jpeg,0,data\raw\images\IMG002650.jpeg,,data\processed\masks\IMG002650.png,2083,3408,0,0,0,False,0
IMG002651.jpeg,0,data\raw\images\IMG002651.jpeg,,data\processed\masks\IMG002651.png,2009,2696,0,0,0,False,0
IMG002652.jpeg,0,data\raw\images\IMG002652.jpeg,,data\processed\masks\IMG002652.png,2113,2728,0,0,0,False,0
IMG002653.jpeg,0,data\raw\images\IMG002653.jpeg,,data\processed\masks\IMG002653.png,2720,3408,0,0,0,False,0
IMG002654.jpeg,0,data\raw\images\IMG002654.jpeg,,data\processed\masks\IMG002654.png,1765,2107,0,0,0,False,0
IMG002655.jpeg,0,data\raw\images\IMG002655.jpeg,,data\processed\masks\IMG002655.png,1879,3032,0,0,0,False,0
IMG002656.jpeg,0,data\raw\images\IMG002656.jpeg,,data\processed\masks\IMG002656.png,1964,3032,0,0,0,False,0
IMG002657.jpeg,0,data\raw\images\IMG002657.jpeg,,data\processed\masks\IMG002657.png,2123,2397,0,0,0,False,0
IMG002658.jpeg,0,data\raw\images\IMG002658.jpeg,,data\processed\masks\IMG002658.png,2522,1683,0,0,0,False,0
IMG002659.jpeg,0,data\raw\images\IMG002659.jpeg,,data\processed\masks\IMG002659.png,2216,3032,0,0,0,False,0
IMG002660.jpeg,0,data\raw\images\IMG002660.jpeg,,data\processed\masks\IMG002660.png,3352,2032,0,0,0,False,0
IMG002661.jpeg,0,data\raw\images\IMG002661.jpeg,,data\processed\masks\IMG002661.png,2408,3032,0,0,0,False,0
IMG002662.jpeg,0,data\raw\images\IMG002662.jpeg,,data\processed\masks\IMG002662.png,1379,2780,0,0,0,False,0
IMG002663.jpeg,0,data\raw\images\IMG002663.jpeg,,data\processed\masks\IMG002663.png,1571,1781,0,0,0,False,0
IMG002664.jpeg,0,data\raw\images\IMG002664.jpeg,,data\processed\masks\IMG002664.png,1758,3408,0,0,0,False,0
IMG002665.jpeg,0,data\raw\images\IMG002665.jpeg,,data\processed\masks\IMG002665.png,2220,3032,0,0,0,False,0
IMG002666.jpeg,0,data\raw\images\IMG002666.jpeg,,data\processed\masks\IMG002666.png,1566,1850,0,0,0,False,0
IMG002667.jpeg,0,data\raw\images\IMG002667.jpeg,,data\processed\masks\IMG002667.png,1724,3032,0,0,0,False,0
IMG002668.jpeg,0,data\raw\images\IMG002668.jpeg,,data\processed\masks\IMG002668.png,2240,3408,0,0,0,False,0
IMG002669.jpeg,0,data\raw\images\IMG002669.jpeg,,data\processed\masks\IMG002669.png,2520,3032,0,0,0,False,0
IMG002670.jpeg,0,data\raw\images\IMG002670.jpeg,,data\processed\masks\IMG002670.png,1589,1792,0,0,0,False,0
IMG002671.jpeg,0,data\raw\images\IMG002671.jpeg,,data\processed\masks\IMG002671.png,2071,2883,0,0,0,False,0
IMG002672.jpeg,0,data\raw\images\IMG002672.jpeg,,data\processed\masks\IMG002672.png,1956,3408,0,0,0,False,0
IMG002673.jpeg,0,data\raw\images\IMG002673.jpeg,,data\processed\masks\IMG002673.png,1656,2944,0,0,0,False,0
IMG002674.jpeg,0,data\raw\images\IMG002674.jpeg,,data\processed\masks\IMG002674.png,2294,2057,0,0,0,False,0
IMG002675.jpeg,0,data\raw\images\IMG002675.jpeg,,data\processed\masks\IMG002675.png,1908,3032,0,0,0,False,0
IMG002676.jpeg,0,data\raw\images\IMG002676.jpeg,,data\processed\masks\IMG002676.png,2303,2047,0,0,0,False,0
IMG002677.jpeg,0,data\raw\images\IMG002677.jpeg,,data\processed\masks\IMG002677.png,2360,1250,0,0,0,False,0
IMG002678.jpeg,0,data\raw\images\IMG002678.jpeg,,data\processed\masks\IMG002678.png,2317,1917,0,0,0,False,0
IMG002679.jpeg,0,data\raw\images\IMG002679.jpeg,,data\processed\masks\IMG002679.png,1766,2850,0,0,0,False,0
IMG002680.jpeg,0,data\raw\images\IMG002680.jpeg,,data\processed\masks\IMG002680.png,2520,3032,0,0,0,False,0
IMG002681.jpeg,0,data\raw\images\IMG002681.jpeg,,data\processed\masks\IMG002681.png,1924,3032,0,0,0,False,0
IMG002682.jpeg,0,data\raw\images\IMG002682.jpeg,,data\processed\masks\IMG002682.png,1714,3032,0,0,0,False,0
IMG002683.jpeg,0,data\raw\images\IMG002683.jpeg,,data\processed\masks\IMG002683.png,1917,3032,0,0,0,False,0
IMG002684.jpeg,0,data\raw\images\IMG002684.jpeg,,data\processed\masks\IMG002684.png,1992,3032,0,0,0,False,0
IMG002685.jpeg,0,data\raw\images\IMG002685.jpeg,,data\processed\masks\IMG002685.png,1700,3032,0,0,0,False,0
IMG002686.jpeg,0,data\raw\images\IMG002686.jpeg,,data\processed\masks\IMG002686.png,2360,1250,0,0,0,False,0
IMG002687.jpeg,0,data\raw\images\IMG002687.jpeg,,data\processed\masks\IMG002687.png,2354,2085,0,0,0,False,0
IMG002688.jpeg,0,data\raw\images\IMG002688.jpeg,,data\processed\masks\IMG002688.png,1618,3032,0,0,0,False,0
IMG002689.jpeg,0,data\raw\images\IMG002689.jpeg,,data\processed\masks\IMG002689.png,2520,3032,0,0,0,False,0
IMG002690.jpeg,0,data\raw\images\IMG002690.jpeg,,data\processed\masks\IMG002690.png,1892,3032,0,0,0,False,0
IMG002691.jpeg,0,data\raw\images\IMG002691.jpeg,,data\processed\masks\IMG002691.png,3032,2520,0,0,0,False,0
IMG002692.jpeg,0,data\raw\images\IMG002692.jpeg,,data\processed\masks\IMG002692.png,1580,3032,0,0,0,False,0
IMG002693.jpeg,0,data\raw\images\IMG002693.jpeg,,data\processed\masks\IMG002693.png,1913,3408,0,0,0,False,0
IMG002694.jpeg,0,data\raw\images\IMG002694.jpeg,,data\processed\masks\IMG002694.png,2520,3032,0,0,0,False,0
IMG002695.jpeg,0,data\raw\images\IMG002695.jpeg,,data\processed\masks\IMG002695.png,2361,2651,0,0,0,False,0
IMG002696.jpeg,0,data\raw\images\IMG002696.jpeg,,data\processed\masks\IMG002696.png,2179,3408,0,0,0,False,0
IMG002697.jpeg,0,data\raw\images\IMG002697.jpeg,,data\processed\masks\IMG002697.png,2454,2416,0,0,0,False,0
IMG002698.jpeg,0,data\raw\images\IMG002698.jpeg,,data\processed\masks\IMG002698.png,1773,2520,0,0,0,False,0
IMG002699.jpeg,0,data\raw\images\IMG002699.jpeg,,data\processed\masks\IMG002699.png,2016,3032,0,0,0,False,0
IMG002700.jpeg,0,data\raw\images\IMG002700.jpeg,,data\processed\masks\IMG002700.png,1463,2590,0,0,0,False,0
IMG002701.jpeg,0,data\raw\images\IMG002701.jpeg,,data\processed\masks\IMG002701.png,1953,3408,0,0,0,False,0
IMG002702.jpeg,0,data\raw\images\IMG002702.jpeg,,data\processed\masks\IMG002702.png,1829,2870,0,0,0,False,0
IMG002703.jpeg,0,data\raw\images\IMG002703.jpeg,,data\processed\masks\IMG002703.png,2098,3408,0,0,0,False,0
IMG002704.jpeg,0,data\raw\images\IMG002704.jpeg,,data\processed\masks\IMG002704.png,1816,3152,0,0,0,False,0
IMG002705.jpeg,0,data\raw\images\IMG002705.jpeg,,data\processed\masks\IMG002705.png,1752,2707,0,0,0,False,0
IMG002706.jpeg,0,data\raw\images\IMG002706.jpeg,,data\processed\masks\IMG002706.png,1250,1831,0,0,0,False,0
IMG002707.jpeg,0,data\raw\images\IMG002707.jpeg,,data\processed\masks\IMG002707.png,1250,1670,0,0,0,False,0
IMG002708.jpeg,0,data\raw\images\IMG002708.jpeg,,data\processed\masks\IMG002708.png,1456,3032,0,0,0,False,0
IMG002709.jpeg,0,data\raw\images\IMG002709.jpeg,,data\processed\masks\IMG002709.png,1876,3032,0,0,0,False,0
IMG002710.jpeg,0,data\raw\images\IMG002710.jpeg,,data\processed\masks\IMG002710.png,1703,1250,0,0,0,False,0
IMG002711.jpeg,0,data\raw\images\IMG002711.jpeg,,data\processed\masks\IMG002711.png,2800,1520,0,0,0,False,0
IMG002712.jpeg,0,data\raw\images\IMG002712.jpeg,,data\processed\masks\IMG002712.png,1250,1686,0,0,0,False,0
IMG002713.jpeg,0,data\raw\images\IMG002713.jpeg,,data\processed\masks\IMG002713.png,813,2800,0,0,0,False,0
IMG002714.jpeg,0,data\raw\images\IMG002714.jpeg,,data\processed\masks\IMG002714.png,1450,2506,0,0,0,False,0
IMG002715.jpeg,0,data\raw\images\IMG002715.jpeg,,data\processed\masks\IMG002715.png,1004,828,0,0,0,False,0
IMG002716.jpeg,0,data\raw\images\IMG002716.jpeg,,data\processed\masks\IMG002716.png,1828,2605,0,0,0,False,0
IMG002717.jpeg,0,data\raw\images\IMG002717.jpeg,,data\processed\masks\IMG002717.png,1717,2451,0,0,0,False,0
IMG002718.jpeg,0,data\raw\images\IMG002718.jpeg,,data\processed\masks\IMG002718.png,1394,2834,0,0,0,False,0
IMG002719.jpeg,0,data\raw\images\IMG002719.jpeg,,data\processed\masks\IMG002719.png,1848,2627,0,0,0,False,0
IMG002720.jpeg,0,data\raw\images\IMG002720.jpeg,,data\processed\masks\IMG002720.png,1651,3032,0,0,0,False,0
IMG002721.jpeg,0,data\raw\images\IMG002721.jpeg,,data\processed\masks\IMG002721.png,2172,2617,0,0,0,False,0
IMG002722.jpeg,0,data\raw\images\IMG002722.jpeg,,data\processed\masks\IMG002722.png,884,1292,0,0,0,False,0
IMG002723.jpeg,0,data\raw\images\IMG002723.jpeg,,data\processed\masks\IMG002723.png,522,1537,0,0,0,False,0
IMG002724.jpeg,0,data\raw\images\IMG002724.jpeg,,data\processed\masks\IMG002724.png,1457,3408,0,0,0,False,0
IMG002725.jpeg,0,data\raw\images\IMG002725.jpeg,,data\processed\masks\IMG002725.png,1736,3186,0,0,0,False,0
IMG002726.jpeg,0,data\raw\images\IMG002726.jpeg,,data\processed\masks\IMG002726.png,1728,3408,0,0,0,False,0
IMG002727.jpeg,0,data\raw\images\IMG002727.jpeg,,data\processed\masks\IMG002727.png,1464,3408,0,0,0,False,0
IMG002728.jpeg,0,data\raw\images\IMG002728.jpeg,,data\processed\masks\IMG002728.png,1509,3023,0,0,0,False,0
IMG002729.jpeg,0,data\raw\images\IMG002729.jpeg,,data\processed\masks\IMG002729.png,1660,3032,0,0,0,False,0
IMG002730.jpeg,0,data\raw\images\IMG002730.jpeg,,data\processed\masks\IMG002730.png,1928,1579,0,0,0,False,0
IMG002731.jpeg,0,data\raw\images\IMG002731.jpeg,,data\processed\masks\IMG002731.png,1731,2104,0,0,0,False,0
IMG002732.jpeg,0,data\raw\images\IMG002732.jpeg,,data\processed\masks\IMG002732.png,990,1420,0,0,0,False,0
IMG002733.jpeg,0,data\raw\images\IMG002733.jpeg,,data\processed\masks\IMG002733.png,1147,1467,0,0,0,False,0
IMG002734.jpeg,0,data\raw\images\IMG002734.jpeg,,data\processed\masks\IMG002734.png,954,1390,0,0,0,False,0
IMG002735.jpeg,0,data\raw\images\IMG002735.jpeg,,data\processed\masks\IMG002735.png,1378,1855,0,0,0,False,0
IMG002736.jpeg,0,data\raw\images\IMG002736.jpeg,,data\processed\masks\IMG002736.png,2101,3408,0,0,0,False,0
IMG002737.jpeg,0,data\raw\images\IMG002737.jpeg,,data\processed\masks\IMG002737.png,1568,2267,0,0,0,False,0
IMG002738.jpeg,0,data\raw\images\IMG002738.jpeg,,data\processed\masks\IMG002738.png,984,2254,0,0,0,False,0
IMG002739.jpeg,0,data\raw\images\IMG002739.jpeg,,data\processed\masks\IMG002739.png,1950,1456,0,0,0,False,0
IMG002740.jpeg,0,data\raw\images\IMG002740.jpeg,,data\processed\masks\IMG002740.png,1904,3408,0,0,0,False,0
IMG002741.jpeg,0,data\raw\images\IMG002741.jpeg,,data\processed\masks\IMG002741.png,1415,1709,0,0,0,False,0
IMG002742.jpeg,0,data\raw\images\IMG002742.jpeg,,data\processed\masks\IMG002742.png,2435,2404,0,0,0,False,0
IMG002743.jpeg,0,data\raw\images\IMG002743.jpeg,,data\processed\masks\IMG002743.png,1209,1482,0,0,0,False,0
IMG002744.jpeg,0,data\raw\images\IMG002744.jpeg,,data\processed\masks\IMG002744.png,3032,1980,0,0,0,False,0
IMG002745.jpeg,0,data\raw\images\IMG002745.jpeg,,data\processed\masks\IMG002745.png,1569,3032,0,0,0,False,0
IMG002746.jpeg,0,data\raw\images\IMG002746.jpeg,,data\processed\masks\IMG002746.png,1554,3032,0,0,0,False,0
IMG002747.jpeg,0,data\raw\images\IMG002747.jpeg,,data\processed\masks\IMG002747.png,1908,3032,0,0,0,False,0
IMG002748.jpeg,0,data\raw\images\IMG002748.jpeg,,data\processed\masks\IMG002748.png,1321,2776,0,0,0,False,0
IMG002749.jpeg,0,data\raw\images\IMG002749.jpeg,,data\processed\masks\IMG002749.png,1809,3032,0,0,0,False,0
IMG002750.jpeg,0,data\raw\images\IMG002750.jpeg,,data\processed\masks\IMG002750.png,2280,1773,0,0,0,False,0
IMG002751.jpeg,0,data\raw\images\IMG002751.jpeg,,data\processed\masks\IMG002751.png,1250,2604,0,0,0,False,0
IMG002752.jpeg,0,data\raw\images\IMG002752.jpeg,,data\processed\masks\IMG002752.png,1678,3032,0,0,0,False,0
IMG002753.jpeg,0,data\raw\images\IMG002753.jpeg,,data\processed\masks\IMG002753.png,1645,3032,0,0,0,False,0
IMG002754.jpeg,0,data\raw\images\IMG002754.jpeg,,data\processed\masks\IMG002754.png,1677,2166,0,0,0,False,0
IMG002755.jpeg,0,data\raw\images\IMG002755.jpeg,,data\processed\masks\IMG002755.png,1629,3032,0,0,0,False,0
IMG002756.jpeg,0,data\raw\images\IMG002756.jpeg,,data\processed\masks\IMG002756.png,2210,1864,0,0,0,False,0
IMG002757.jpeg,0,data\raw\images\IMG002757.jpeg,,data\processed\masks\IMG002757.png,1570,2518,0,0,0,False,0
IMG002758.jpeg,0,data\raw\images\IMG002758.jpeg,,data\processed\masks\IMG002758.png,2413,1832,0,0,0,False,0
IMG002759.jpeg,0,data\raw\images\IMG002759.jpeg,,data\processed\masks\IMG002759.png,2167,3005,0,0,0,False,0
IMG002760.jpeg,0,data\raw\images\IMG002760.jpeg,,data\processed\masks\IMG002760.png,1956,2064,0,0,0,False,0
IMG002761.jpeg,0,data\raw\images\IMG002761.jpeg,,data\processed\masks\IMG002761.png,2036,3032,0,0,0,False,0
IMG002762.jpeg,0,data\raw\images\IMG002762.jpeg,,data\processed\masks\IMG002762.png,2084,3032,0,0,0,False,0
IMG002763.jpeg,0,data\raw\images\IMG002763.jpeg,,data\processed\masks\IMG002763.png,2520,2208,0,0,0,False,0
IMG002764.jpeg,0,data\raw\images\IMG002764.jpeg,,data\processed\masks\IMG002764.png,2092,3032,0,0,0,False,0
IMG002765.jpeg,0,data\raw\images\IMG002765.jpeg,,data\processed\masks\IMG002765.png,1888,1921,0,0,0,False,0
IMG002766.jpeg,0,data\raw\images\IMG002766.jpeg,,data\processed\masks\IMG002766.png,1476,2282,0,0,0,False,0
IMG002767.jpeg,0,data\raw\images\IMG002767.jpeg,,data\processed\masks\IMG002767.png,1390,2252,0,0,0,False,0
IMG002768.jpeg,0,data\raw\images\IMG002768.jpeg,,data\processed\masks\IMG002768.png,2222,3384,0,0,0,False,0
IMG002769.jpeg,0,data\raw\images\IMG002769.jpeg,,data\processed\masks\IMG002769.png,2206,3408,0,0,0,False,0
IMG002770.jpeg,0,data\raw\images\IMG002770.jpeg,,data\processed\masks\IMG002770.png,1814,2905,0,0,0,False,0
IMG002771.jpeg,0,data\raw\images\IMG002771.jpeg,,data\processed\masks\IMG002771.png,2169,2574,0,0,0,False,0
IMG002772.jpeg,0,data\raw\images\IMG002772.jpeg,,data\processed\masks\IMG002772.png,1097,2762,0,0,0,False,0
IMG002773.jpeg,0,data\raw\images\IMG002773.jpeg,,data\processed\masks\IMG002773.png,2188,1947,0,0,0,False,0
IMG002774.jpeg,0,data\raw\images\IMG002774.jpeg,,data\processed\masks\IMG002774.png,2009,2290,0,0,0,False,0
IMG002775.jpeg,0,data\raw\images\IMG002775.jpeg,,data\processed\masks\IMG002775.png,2392,2250,0,0,0,False,0
IMG002776.jpeg,0,data\raw\images\IMG002776.jpeg,,data\processed\masks\IMG002776.png,1731,2617,0,0,0,False,0
IMG002777.jpeg,0,data\raw\images\IMG002777.jpeg,,data\processed\masks\IMG002777.png,1341,3408,0,0,0,False,0
IMG002778.jpeg,0,data\raw\images\IMG002778.jpeg,,data\processed\masks\IMG002778.png,1242,2457,0,0,0,False,0
IMG002779.jpeg,0,data\raw\images\IMG002779.jpeg,,data\processed\masks\IMG002779.png,1446,2361,0,0,0,False,0
IMG002780.jpeg,0,data\raw\images\IMG002780.jpeg,,data\processed\masks\IMG002780.png,1950,2073,0,0,0,False,0
IMG002781.jpeg,0,data\raw\images\IMG002781.jpeg,,data\processed\masks\IMG002781.png,2077,3408,0,0,0,False,0
IMG002782.jpeg,0,data\raw\images\IMG002782.jpeg,,data\processed\masks\IMG002782.png,2520,2504,0,0,0,False,0
IMG002783.jpeg,0,data\raw\images\IMG002783.jpeg,,data\processed\masks\IMG002783.png,1920,3408,0,0,0,False,0
IMG002784.jpeg,0,data\raw\images\IMG002784.jpeg,,data\processed\masks\IMG002784.png,2114,2444,0,0,0,False,0
IMG002785.jpeg,0,data\raw\images\IMG002785.jpeg,,data\processed\masks\IMG002785.png,2520,3032,0,0,0,False,0
IMG002786.jpeg,0,data\raw\images\IMG002786.jpeg,,data\processed\masks\IMG002786.png,2288,3408,0,0,0,False,0
IMG002787.jpeg,0,data\raw\images\IMG002787.jpeg,,data\processed\masks\IMG002787.png,2520,3032,0,0,0,False,0
IMG002788.jpeg,0,data\raw\images\IMG002788.jpeg,,data\processed\masks\IMG002788.png,1637,3032,0,0,0,False,0
IMG002789.jpeg,0,data\raw\images\IMG002789.jpeg,,data\processed\masks\IMG002789.png,2520,2504,0,0,0,False,0
IMG002790.jpeg,0,data\raw\images\IMG002790.jpeg,,data\processed\masks\IMG002790.png,1890,3032,0,0,0,False,0
IMG002791.jpeg,0,data\raw\images\IMG002791.jpeg,,data\processed\masks\IMG002791.png,2160,3408,0,0,0,False,0
IMG002792.jpeg,0,data\raw\images\IMG002792.jpeg,,data\processed\masks\IMG002792.png,2520,2564,0,0,0,False,0
IMG002793.jpeg,0,data\raw\images\IMG002793.jpeg,,data\processed\masks\IMG002793.png,1944,3408,0,0,0,False,0
IMG002794.jpeg,0,data\raw\images\IMG002794.jpeg,,data\processed\masks\IMG002794.png,1808,2577,0,0,0,False,0
IMG002795.jpeg,0,data\raw\images\IMG002795.jpeg,,data\processed\masks\IMG002795.png,2520,3032,0,0,0,False,0
IMG002796.jpeg,0,data\raw\images\IMG002796.jpeg,,data\processed\masks\IMG002796.png,1805,3032,0,0,0,False,0
IMG002797.jpeg,0,data\raw\images\IMG002797.jpeg,,data\processed\masks\IMG002797.png,2904,2520,0,0,0,False,0
IMG002798.jpeg,0,data\raw\images\IMG002798.jpeg,,data\processed\masks\IMG002798.png,2800,3065,0,0,0,False,0
IMG002799.jpeg,0,data\raw\images\IMG002799.jpeg,,data\processed\masks\IMG002799.png,2097,2922,0,0,0,False,0
IMG002800.jpeg,0,data\raw\images\IMG002800.jpeg,,data\processed\masks\IMG002800.png,1250,2219,0,0,0,False,0
IMG002801.jpeg,0,data\raw\images\IMG002801.jpeg,,data\processed\masks\IMG002801.png,3162,2800,0,0,0,False,0
IMG002802.jpeg,0,data\raw\images\IMG002802.jpeg,,data\processed\masks\IMG002802.png,2152,2800,0,0,0,False,0
IMG002803.jpeg,0,data\raw\images\IMG002803.jpeg,,data\processed\masks\IMG002803.png,2107,2800,0,0,0,False,0
IMG002804.jpeg,0,data\raw\images\IMG002804.jpeg,,data\processed\masks\IMG002804.png,2321,2800,0,0,0,False,0
IMG002805.jpeg,0,data\raw\images\IMG002805.jpeg,,data\processed\masks\IMG002805.png,2208,3032,0,0,0,False,0
IMG002806.jpeg,0,data\raw\images\IMG002806.jpeg,,data\processed\masks\IMG002806.png,2800,3408,0,0,0,False,0
IMG002807.jpeg,0,data\raw\images\IMG002807.jpeg,,data\processed\masks\IMG002807.png,1250,1489,0,0,0,False,0
IMG002808.jpeg,0,data\raw\images\IMG002808.jpeg,,data\processed\masks\IMG002808.png,2800,3408,0,0,0,False,0
IMG002809.jpeg,0,data\raw\images\IMG002809.jpeg,,data\processed\masks\IMG002809.png,2800,3408,0,0,0,False,0
IMG002810.jpeg,0,data\raw\images\IMG002810.jpeg,,data\processed\masks\IMG002810.png,2049,3408,0,0,0,False,0
IMG002811.jpeg,0,data\raw\images\IMG002811.jpeg,,data\processed\masks\IMG002811.png,2213,2605,0,0,0,False,0
IMG002812.jpeg,0,data\raw\images\IMG002812.jpeg,,data\processed\masks\IMG002812.png,2800,3408,0,0,0,False,0
IMG002813.jpeg,0,data\raw\images\IMG002813.jpeg,,data\processed\masks\IMG002813.png,1938,3408,0,0,0,False,0
IMG002814.jpeg,0,data\raw\images\IMG002814.jpeg,,data\processed\masks\IMG002814.png,2293,2527,0,0,0,False,0
IMG002815.jpeg,0,data\raw\images\IMG002815.jpeg,,data\processed\masks\IMG002815.png,2800,3408,0,0,0,False,0
IMG002816.jpeg,0,data\raw\images\IMG002816.jpeg,,data\processed\masks\IMG002816.png,2380,2424,0,0,0,False,0
IMG002817.jpeg,0,data\raw\images\IMG002817.jpeg,,data\processed\masks\IMG002817.png,2800,3408,0,0,0,False,0
IMG002818.jpeg,0,data\raw\images\IMG002818.jpeg,,data\processed\masks\IMG002818.png,2800,3408,0,0,0,False,0
IMG002819.jpeg,0,data\raw\images\IMG002819.jpeg,,data\processed\masks\IMG002819.png,2800,3408,0,0,0,False,0
IMG002820.jpeg,0,data\raw\images\IMG002820.jpeg,,data\processed\masks\IMG002820.png,2800,3408,0,0,0,False,0
IMG002821.jpeg,0,data\raw\images\IMG002821.jpeg,,data\processed\masks\IMG002821.png,1262,1538,0,0,0,False,0
IMG002822.jpeg,0,data\raw\images\IMG002822.jpeg,,data\processed\masks\IMG002822.png,1659,3032,0,0,0,False,0
IMG002823.jpeg,0,data\raw\images\IMG002823.jpeg,,data\processed\masks\IMG002823.png,2000,2409,0,0,0,False,0
IMG002824.jpeg,0,data\raw\images\IMG002824.jpeg,,data\processed\masks\IMG002824.png,2013,2496,0,0,0,False,0
IMG002825.jpeg,0,data\raw\images\IMG002825.jpeg,,data\processed\masks\IMG002825.png,2008,3032,0,0,0,False,0
IMG002826.jpeg,0,data\raw\images\IMG002826.jpeg,,data\processed\masks\IMG002826.png,2520,3032,0,0,0,False,0
IMG002827.jpeg,0,data\raw\images\IMG002827.jpeg,,data\processed\masks\IMG002827.png,2520,3032,0,0,0,False,0
IMG002828.jpeg,0,data\raw\images\IMG002828.jpeg,,data\processed\masks\IMG002828.png,1808,1979,0,0,0,False,0
IMG002829.jpeg,0,data\raw\images\IMG002829.jpeg,,data\processed\masks\IMG002829.png,1474,1524,0,0,0,False,0
IMG002830.jpeg,0,data\raw\images\IMG002830.jpeg,,data\processed\masks\IMG002830.png,1808,2145,0,0,0,False,0
IMG002831.jpeg,0,data\raw\images\IMG002831.jpeg,,data\processed\masks\IMG002831.png,1181,1422,0,0,0,False,0
IMG002832.jpeg,0,data\raw\images\IMG002832.jpeg,,data\processed\masks\IMG002832.png,1308,1437,0,0,0,False,0
IMG002833.jpeg,0,data\raw\images\IMG002833.jpeg,,data\processed\masks\IMG002833.png,1480,1449,0,0,0,False,0
IMG002834.jpeg,0,data\raw\images\IMG002834.jpeg,,data\processed\masks\IMG002834.png,1978,2753,0,0,0,False,0
IMG002835.jpeg,0,data\raw\images\IMG002835.jpeg,,data\processed\masks\IMG002835.png,1743,2744,0,0,0,False,0
IMG002836.jpeg,0,data\raw\images\IMG002836.jpeg,,data\processed\masks\IMG002836.png,1774,3408,0,0,0,False,0
IMG002837.jpeg,0,data\raw\images\IMG002837.jpeg,,data\processed\masks\IMG002837.png,2240,2400,0,0,0,False,0
IMG002838.jpeg,0,data\raw\images\IMG002838.jpeg,,data\processed\masks\IMG002838.png,1635,3408,0,0,0,False,0
IMG002839.jpeg,0,data\raw\images\IMG002839.jpeg,,data\processed\masks\IMG002839.png,2240,2400,0,0,0,False,0
IMG002840.jpeg,0,data\raw\images\IMG002840.jpeg,,data\processed\masks\IMG002840.png,2465,2321,0,0,0,False,0
IMG002841.jpeg,0,data\raw\images\IMG002841.jpeg,,data\processed\masks\IMG002841.png,1699,2843,0,0,0,False,0
IMG002842.jpeg,0,data\raw\images\IMG002842.jpeg,,data\processed\masks\IMG002842.png,2235,2087,0,0,0,False,0
IMG002843.jpeg,0,data\raw\images\IMG002843.jpeg,,data\processed\masks\IMG002843.png,1916,2509,0,0,0,False,0
IMG002844.jpeg,0,data\raw\images\IMG002844.jpeg,,data\processed\masks\IMG002844.png,1822,2564,0,0,0,False,0
IMG002845.jpeg,0,data\raw\images\IMG002845.jpeg,,data\processed\masks\IMG002845.png,1664,3408,0,0,0,False,0
IMG002846.jpeg,0,data\raw\images\IMG002846.jpeg,,data\processed\masks\IMG002846.png,1763,2427,0,0,0,False,0
IMG002847.jpeg,0,data\raw\images\IMG002847.jpeg,,data\processed\masks\IMG002847.png,1664,3408,0,0,0,False,0
IMG002848.jpeg,0,data\raw\images\IMG002848.jpeg,,data\processed\masks\IMG002848.png,1354,2161,0,0,0,False,0
IMG002849.jpeg,0,data\raw\images\IMG002849.jpeg,,data\processed\masks\IMG002849.png,2057,3032,0,0,0,False,0
IMG002850.jpeg,0,data\raw\images\IMG002850.jpeg,,data\processed\masks\IMG002850.png,1601,1443,0,0,0,False,0
IMG002851.jpeg,0,data\raw\images\IMG002851.jpeg,,data\processed\masks\IMG002851.png,1520,1904,0,0,0,False,0
IMG002852.jpeg,0,data\raw\images\IMG002852.jpeg,,data\processed\masks\IMG002852.png,1276,1307,0,0,0,False,0
IMG002853.jpeg,0,data\raw\images\IMG002853.jpeg,,data\processed\masks\IMG002853.png,1975,2009,0,0,0,False,0
IMG002854.jpeg,0,data\raw\images\IMG002854.jpeg,,data\processed\masks\IMG002854.png,1864,2065,0,0,0,False,0
IMG002855.jpeg,0,data\raw\images\IMG002855.jpeg,,data\processed\masks\IMG002855.png,1382,2307,0,0,0,False,0
IMG002856.jpeg,0,data\raw\images\IMG002856.jpeg,,data\processed\masks\IMG002856.png,1740,3408,0,0,0,False,0
IMG002857.jpeg,0,data\raw\images\IMG002857.jpeg,,data\processed\masks\IMG002857.png,1768,3408,0,0,0,False,0
IMG002858.jpeg,0,data\raw\images\IMG002858.jpeg,,data\processed\masks\IMG002858.png,2030,2172,0,0,0,False,0
IMG002859.jpeg,0,data\raw\images\IMG002859.jpeg,,data\processed\masks\IMG002859.png,2042,3032,0,0,0,False,0
IMG002860.jpeg,0,data\raw\images\IMG002860.jpeg,,data\processed\masks\IMG002860.png,1537,3032,0,0,0,False,0
IMG002861.jpeg,0,data\raw\images\IMG002861.jpeg,,data\processed\masks\IMG002861.png,1946,3032,0,0,0,False,0
IMG002862.jpeg,0,data\raw\images\IMG002862.jpeg,,data\processed\masks\IMG002862.png,1886,3032,0,0,0,False,0
IMG002863.jpeg,0,data\raw\images\IMG002863.jpeg,,data\processed\masks\IMG002863.png,1873,3032,0,0,0,False,0
IMG002864.jpeg,0,data\raw\images\IMG002864.jpeg,,data\processed\masks\IMG002864.png,1839,3408,0,0,0,False,0
IMG002865.jpeg,0,data\raw\images\IMG002865.jpeg,,data\processed\masks\IMG002865.png,1378,1832,0,0,0,False,0
IMG002866.jpeg,0,data\raw\images\IMG002866.jpeg,,data\processed\masks\IMG002866.png,2696,3408,0,0,0,False,0
IMG002867.jpeg,0,data\raw\images\IMG002867.jpeg,,data\processed\masks\IMG002867.png,1550,2132,0,0,0,False,0
IMG002868.jpeg,0,data\raw\images\IMG002868.jpeg,,data\processed\masks\IMG002868.png,1712,3032,0,0,0,False,0
IMG002869.jpeg,0,data\raw\images\IMG002869.jpeg,,data\processed\masks\IMG002869.png,1632,3408,0,0,0,False,0
IMG002870.jpeg,0,data\raw\images\IMG002870.jpeg,,data\processed\masks\IMG002870.png,2398,3032,0,0,0,False,0
IMG002871.jpeg,0,data\raw\images\IMG002871.jpeg,,data\processed\masks\IMG002871.png,2181,1824,0,0,0,False,0
IMG002872.jpeg,0,data\raw\images\IMG002872.jpeg,,data\processed\masks\IMG002872.png,1987,3032,0,0,0,False,0
IMG002873.jpeg,0,data\raw\images\IMG002873.jpeg,,data\processed\masks\IMG002873.png,1400,3408,0,0,0,False,0
IMG002874.jpeg,0,data\raw\images\IMG002874.jpeg,,data\processed\masks\IMG002874.png,1870,3408,0,0,0,False,0
IMG002875.jpeg,0,data\raw\images\IMG002875.jpeg,,data\processed\masks\IMG002875.png,1418,2277,0,0,0,False,0
IMG002876.jpeg,0,data\raw\images\IMG002876.jpeg,,data\processed\masks\IMG002876.png,1561,2151,0,0,0,False,0
IMG002877.jpeg,0,data\raw\images\IMG002877.jpeg,,data\processed\masks\IMG002877.png,1556,3032,0,0,0,False,0
IMG002878.jpeg,0,data\raw\images\IMG002878.jpeg,,data\processed\masks\IMG002878.png,1316,2648,0,0,0,False,0
IMG002879.jpeg,0,data\raw\images\IMG002879.jpeg,,data\processed\masks\IMG002879.png,2255,1590,0,0,0,False,0
IMG002880.jpeg,0,data\raw\images\IMG002880.jpeg,,data\processed\masks\IMG002880.png,2420,3032,0,0,0,False,0
IMG002881.jpeg,0,data\raw\images\IMG002881.jpeg,,data\processed\masks\IMG002881.png,1319,2648,0,0,0,False,0
IMG002882.jpeg,0,data\raw\images\IMG002882.jpeg,,data\processed\masks\IMG002882.png,2097,1455,0,0,0,False,0
IMG002883.jpeg,0,data\raw\images\IMG002883.jpeg,,data\processed\masks\IMG002883.png,1808,3408,0,0,0,False,0
IMG002884.jpeg,0,data\raw\images\IMG002884.jpeg,,data\processed\masks\IMG002884.png,2012,1474,0,0,0,False,0
IMG002885.jpeg,0,data\raw\images\IMG002885.jpeg,,data\processed\masks\IMG002885.png,2394,3032,0,0,0,False,0
IMG002886.jpeg,0,data\raw\images\IMG002886.jpeg,,data\processed\masks\IMG002886.png,2520,3032,0,0,0,False,0
IMG002887.jpeg,0,data\raw\images\IMG002887.jpeg,,data\processed\masks\IMG002887.png,2520,3032,0,0,0,False,0
IMG002888.jpeg,0,data\raw\images\IMG002888.jpeg,,data\processed\masks\IMG002888.png,2520,3032,0,0,0,False,0
IMG002889.jpeg,0,data\raw\images\IMG002889.jpeg,,data\processed\masks\IMG002889.png,2520,3032,0,0,0,False,0
IMG002890.jpeg,0,data\raw\images\IMG002890.jpeg,,data\processed\masks\IMG002890.png,1811,2011,0,0,0,False,0
IMG002891.jpeg,0,data\raw\images\IMG002891.jpeg,,data\processed\masks\IMG002891.png,1589,2037,0,0,0,False,0
IMG002892.jpeg,0,data\raw\images\IMG002892.jpeg,,data\processed\masks\IMG002892.png,1775,3032,0,0,0,False,0
IMG002893.jpeg,0,data\raw\images\IMG002893.jpeg,,data\processed\masks\IMG002893.png,2176,3032,0,0,0,False,0
IMG002894.jpeg,0,data\raw\images\IMG002894.jpeg,,data\processed\masks\IMG002894.png,1410,2657,0,0,0,False,0
IMG002895.jpeg,0,data\raw\images\IMG002895.jpeg,,data\processed\masks\IMG002895.png,1714,2668,0,0,0,False,0
IMG002896.jpeg,0,data\raw\images\IMG002896.jpeg,,data\processed\masks\IMG002896.png,1452,2606,0,0,0,False,0
IMG002897.jpeg,0,data\raw\images\IMG002897.jpeg,,data\processed\masks\IMG002897.png,1455,2494,0,0,0,False,0
IMG002898.jpeg,0,data\raw\images\IMG002898.jpeg,,data\processed\masks\IMG002898.png,2279,3032,0,0,0,False,0
IMG002899.jpeg,0,data\raw\images\IMG002899.jpeg,,data\processed\masks\IMG002899.png,1040,2735,0,0,0,False,0
IMG002900.jpeg,0,data\raw\images\IMG002900.jpeg,,data\processed\masks\IMG002900.png,1541,3032,0,0,0,False,0
IMG002901.jpeg,0,data\raw\images\IMG002901.jpeg,,data\processed\masks\IMG002901.png,1134,2682,0,0,0,False,0
IMG002902.jpeg,0,data\raw\images\IMG002902.jpeg,,data\processed\masks\IMG002902.png,2284,3032,0,0,0,False,0
IMG002903.jpeg,0,data\raw\images\IMG002903.jpeg,,data\processed\masks\IMG002903.png,1651,3032,0,0,0,False,0
IMG002904.jpeg,0,data\raw\images\IMG002904.jpeg,,data\processed\masks\IMG002904.png,2284,3032,0,0,0,False,0
IMG002905.jpeg,0,data\raw\images\IMG002905.jpeg,,data\processed\masks\IMG002905.png,1525,3022,0,0,0,False,0
IMG002906.jpeg,0,data\raw\images\IMG002906.jpeg,,data\processed\masks\IMG002906.png,1554,3032,0,0,0,False,0
IMG002907.jpeg,0,data\raw\images\IMG002907.jpeg,,data\processed\masks\IMG002907.png,1119,1304,0,0,0,False,0
IMG002908.jpeg,0,data\raw\images\IMG002908.jpeg,,data\processed\masks\IMG002908.png,1640,3032,0,0,0,False,0
IMG002909.jpeg,0,data\raw\images\IMG002909.jpeg,,data\processed\masks\IMG002909.png,1601,1973,0,0,0,False,0
IMG002910.jpeg,0,data\raw\images\IMG002910.jpeg,,data\processed\masks\IMG002910.png,1668,3032,0,0,0,False,0
IMG002911.jpeg,0,data\raw\images\IMG002911.jpeg,,data\processed\masks\IMG002911.png,800,1496,0,0,0,False,0
IMG002912.jpeg,0,data\raw\images\IMG002912.jpeg,,data\processed\masks\IMG002912.png,1620,3032,0,0,0,False,0
IMG002913.jpeg,0,data\raw\images\IMG002913.jpeg,,data\processed\masks\IMG002913.png,2084,2764,0,0,0,False,0
IMG002914.jpeg,0,data\raw\images\IMG002914.jpeg,,data\processed\masks\IMG002914.png,1676,3032,0,0,0,False,0
IMG002915.jpeg,0,data\raw\images\IMG002915.jpeg,,data\processed\masks\IMG002915.png,1636,2924,0,0,0,False,0
IMG002916.jpeg,0,data\raw\images\IMG002916.jpeg,,data\processed\masks\IMG002916.png,1664,3032,0,0,0,False,0
IMG002917.jpeg,0,data\raw\images\IMG002917.jpeg,,data\processed\masks\IMG002917.png,2309,3032,0,0,0,False,0
IMG002918.jpeg,0,data\raw\images\IMG002918.jpeg,,data\processed\masks\IMG002918.png,1816,3032,0,0,0,False,0
IMG002919.jpeg,0,data\raw\images\IMG002919.jpeg,,data\processed\masks\IMG002919.png,1320,2037,0,0,0,False,0
IMG002920.jpeg,0,data\raw\images\IMG002920.jpeg,,data\processed\masks\IMG002920.png,1800,3032,0,0,0,False,0
IMG002921.jpeg,0,data\raw\images\IMG002921.jpeg,,data\processed\masks\IMG002921.png,1459,2355,0,0,0,False,0
IMG002922.jpeg,0,data\raw\images\IMG002922.jpeg,,data\processed\masks\IMG002922.png,1800,3032,0,0,0,False,0
IMG002923.jpeg,0,data\raw\images\IMG002923.jpeg,,data\processed\masks\IMG002923.png,1113,1539,0,0,0,False,0
IMG002924.jpeg,0,data\raw\images\IMG002924.jpeg,,data\processed\masks\IMG002924.png,2128,2768,0,0,0,False,0
IMG002925.jpeg,0,data\raw\images\IMG002925.jpeg,,data\processed\masks\IMG002925.png,1256,2842,0,0,0,False,0
IMG002926.jpeg,0,data\raw\images\IMG002926.jpeg,,data\processed\masks\IMG002926.png,1856,2896,0,0,0,False,0
IMG002927.jpeg,0,data\raw\images\IMG002927.jpeg,,data\processed\masks\IMG002927.png,1432,2067,0,0,0,False,0
IMG002928.jpeg,0,data\raw\images\IMG002928.jpeg,,data\processed\masks\IMG002928.png,2089,3032,0,0,0,False,0
IMG002929.jpeg,0,data\raw\images\IMG002929.jpeg,,data\processed\masks\IMG002929.png,1725,1758,0,0,0,False,0
IMG002930.jpeg,0,data\raw\images\IMG002930.jpeg,,data\processed\masks\IMG002930.png,1656,3032,0,0,0,False,0
IMG002931.jpeg,0,data\raw\images\IMG002931.jpeg,,data\processed\masks\IMG002931.png,1743,3032,0,0,0,False,0
IMG002932.jpeg,0,data\raw\images\IMG002932.jpeg,,data\processed\masks\IMG002932.png,1771,3032,0,0,0,False,0
IMG002933.jpeg,0,data\raw\images\IMG002933.jpeg,,data\processed\masks\IMG002933.png,1699,3032,0,0,0,False,0
IMG002934.jpeg,0,data\raw\images\IMG002934.jpeg,,data\processed\masks\IMG002934.png,1592,2452,0,0,0,False,0
IMG002935.jpeg,0,data\raw\images\IMG002935.jpeg,,data\processed\masks\IMG002935.png,1116,1418,0,0,0,False,0
IMG002936.jpeg,0,data\raw\images\IMG002936.jpeg,,data\processed\masks\IMG002936.png,598,1573,0,0,0,False,0
IMG002937.jpeg,0,data\raw\images\IMG002937.jpeg,,data\processed\masks\IMG002937.png,1168,835,0,0,0,False,0
IMG002938.jpeg,0,data\raw\images\IMG002938.jpeg,,data\processed\masks\IMG002938.png,1359,2355,0,0,0,False,0
IMG002939.jpeg,0,data\raw\images\IMG002939.jpeg,,data\processed\masks\IMG002939.png,1463,1566,0,0,0,False,0
IMG002940.jpeg,0,data\raw\images\IMG002940.jpeg,,data\processed\masks\IMG002940.png,1769,2175,0,0,0,False,0
IMG002941.jpeg,0,data\raw\images\IMG002941.jpeg,,data\processed\masks\IMG002941.png,1832,2468,0,0,0,False,0
IMG002942.jpeg,0,data\raw\images\IMG002942.jpeg,,data\processed\masks\IMG002942.png,1660,2400,0,0,0,False,0
IMG002943.jpeg,0,data\raw\images\IMG002943.jpeg,,data\processed\masks\IMG002943.png,1564,3032,0,0,0,False,0
IMG002944.jpeg,0,data\raw\images\IMG002944.jpeg,,data\processed\masks\IMG002944.png,1522,2950,0,0,0,False,0
IMG002945.jpeg,0,data\raw\images\IMG002945.jpeg,,data\processed\masks\IMG002945.png,634,1480,0,0,0,False,0
IMG002946.jpeg,0,data\raw\images\IMG002946.jpeg,,data\processed\masks\IMG002946.png,979,1407,0,0,0,False,0
IMG002947.jpeg,0,data\raw\images\IMG002947.jpeg,,data\processed\masks\IMG002947.png,1100,894,0,0,0,False,0
IMG002948.jpeg,0,data\raw\images\IMG002948.jpeg,,data\processed\masks\IMG002948.png,1603,2291,0,0,0,False,0
IMG002949.jpeg,0,data\raw\images\IMG002949.jpeg,,data\processed\masks\IMG002949.png,1250,1972,0,0,0,False,0
IMG002950.jpeg,0,data\raw\images\IMG002950.jpeg,,data\processed\masks\IMG002950.png,1797,1623,0,0,0,False,0
IMG002951.jpeg,0,data\raw\images\IMG002951.jpeg,,data\processed\masks\IMG002951.png,1497,2104,0,0,0,False,0
IMG002952.jpeg,0,data\raw\images\IMG002952.jpeg,,data\processed\masks\IMG002952.png,1307,3223,0,0,0,False,0
IMG002953.jpeg,0,data\raw\images\IMG002953.jpeg,,data\processed\masks\IMG002953.png,2520,2365,0,0,0,False,0
IMG002954.jpeg,0,data\raw\images\IMG002954.jpeg,,data\processed\masks\IMG002954.png,1541,3032,0,0,0,False,0
IMG002955.jpeg,0,data\raw\images\IMG002955.jpeg,,data\processed\masks\IMG002955.png,1812,3032,0,0,0,False,0
IMG002956.jpeg,0,data\raw\images\IMG002956.jpeg,,data\processed\masks\IMG002956.png,1576,3408,0,0,0,False,0
IMG002957.jpeg,0,data\raw\images\IMG002957.jpeg,,data\processed\masks\IMG002957.png,1976,2851,0,0,0,False,0
IMG002958.jpeg,0,data\raw\images\IMG002958.jpeg,,data\processed\masks\IMG002958.png,1885,2426,0,0,0,False,0
IMG002959.jpeg,0,data\raw\images\IMG002959.jpeg,,data\processed\masks\IMG002959.png,1780,3408,0,0,0,False,0
IMG002960.jpeg,0,data\raw\images\IMG002960.jpeg,,data\processed\masks\IMG002960.png,1329,3408,0,0,0,False,0
IMG002961.jpeg,0,data\raw\images\IMG002961.jpeg,,data\processed\masks\IMG002961.png,1616,3408,0,0,0,False,0
IMG002962.jpeg,0,data\raw\images\IMG002962.jpeg,,data\processed\masks\IMG002962.png,2520,2044,0,0,0,False,0
IMG002963.jpeg,0,data\raw\images\IMG002963.jpeg,,data\processed\masks\IMG002963.png,1559,3032,0,0,0,False,0
IMG002964.jpeg,0,data\raw\images\IMG002964.jpeg,,data\processed\masks\IMG002964.png,1620,2423,0,0,0,False,0
IMG002965.jpeg,0,data\raw\images\IMG002965.jpeg,,data\processed\masks\IMG002965.png,1332,2073,0,0,0,False,0
IMG002966.jpeg,0,data\raw\images\IMG002966.jpeg,,data\processed\masks\IMG002966.png,2520,2071,0,0,0,False,0
IMG002967.jpeg,0,data\raw\images\IMG002967.jpeg,,data\processed\masks\IMG002967.png,1715,2545,0,0,0,False,0
IMG002968.jpeg,0,data\raw\images\IMG002968.jpeg,,data\processed\masks\IMG002968.png,2041,2792,0,0,0,False,0
IMG002969.jpeg,0,data\raw\images\IMG002969.jpeg,,data\processed\masks\IMG002969.png,1809,2253,0,0,0,False,0
IMG002970.jpeg,0,data\raw\images\IMG002970.jpeg,,data\processed\masks\IMG002970.png,1535,2102,0,0,0,False,0
IMG002971.jpeg,0,data\raw\images\IMG002971.jpeg,,data\processed\masks\IMG002971.png,2084,3032,0,0,0,False,0
IMG002972.jpeg,0,data\raw\images\IMG002972.jpeg,,data\processed\masks\IMG002972.png,1636,3032,0,0,0,False,0
IMG002973.jpeg,0,data\raw\images\IMG002973.jpeg,,data\processed\masks\IMG002973.png,2030,3032,0,0,0,False,0
IMG002974.jpeg,0,data\raw\images\IMG002974.jpeg,,data\processed\masks\IMG002974.png,1804,3032,0,0,0,False,0
IMG002975.jpeg,0,data\raw\images\IMG002975.jpeg,,data\processed\masks\IMG002975.png,1901,3032,0,0,0,False,0
IMG002976.jpeg,0,data\raw\images\IMG002976.jpeg,,data\processed\masks\IMG002976.png,1993,2408,0,0,0,False,0
IMG002977.jpeg,0,data\raw\images\IMG002977.jpeg,,data\processed\masks\IMG002977.png,1628,3032,0,0,0,False,0
IMG002978.jpeg,0,data\raw\images\IMG002978.jpeg,,data\processed\masks\IMG002978.png,2120,3032,0,0,0,False,0
IMG002979.jpeg,0,data\raw\images\IMG002979.jpeg,,data\processed\masks\IMG002979.png,2526,2401,0,0,0,False,0
IMG002980.jpeg,0,data\raw\images\IMG002980.jpeg,,data\processed\masks\IMG002980.png,1636,3032,0,0,0,False,0
IMG002981.jpeg,0,data\raw\images\IMG002981.jpeg,,data\processed\masks\IMG002981.png,1942,3032,0,0,0,False,0
IMG002982.jpeg,0,data\raw\images\IMG002982.jpeg,,data\processed\masks\IMG002982.png,1952,2311,0,0,0,False,0
IMG002983.jpeg,0,data\raw\images\IMG002983.jpeg,,data\processed\masks\IMG002983.png,1160,1760,0,0,0,False,0
IMG002984.jpeg,0,data\raw\images\IMG002984.jpeg,,data\processed\masks\IMG002984.png,1734,3032,0,0,0,False,0
IMG002985.jpeg,0,data\raw\images\IMG002985.jpeg,,data\processed\masks\IMG002985.png,2024,2040,0,0,0,False,0
IMG002986.jpeg,0,data\raw\images\IMG002986.jpeg,,data\processed\masks\IMG002986.png,1732,3032,0,0,0,False,0
IMG002987.jpeg,0,data\raw\images\IMG002987.jpeg,,data\processed\masks\IMG002987.png,2024,2040,0,0,0,False,0
IMG002988.jpeg,0,data\raw\images\IMG002988.jpeg,,data\processed\masks\IMG002988.png,832,1352,0,0,0,False,0
IMG002989.jpeg,0,data\raw\images\IMG002989.jpeg,,data\processed\masks\IMG002989.png,1968,3408,0,0,0,False,0
IMG002990.jpeg,0,data\raw\images\IMG002990.jpeg,,data\processed\masks\IMG002990.png,1687,2671,0,0,0,False,0
IMG002991.jpeg,0,data\raw\images\IMG002991.jpeg,,data\processed\masks\IMG002991.png,880,1488,0,0,0,False,0
IMG002992.jpeg,0,data\raw\images\IMG002992.jpeg,,data\processed\masks\IMG002992.png,1992,3408,0,0,0,False,0
IMG002993.jpeg,0,data\raw\images\IMG002993.jpeg,,data\processed\masks\IMG002993.png,1653,3032,0,0,0,False,0
IMG002994.jpeg,0,data\raw\images\IMG002994.jpeg,,data\processed\masks\IMG002994.png,1160,1760,0,0,0,False,0
IMG002995.jpeg,0,data\raw\images\IMG002995.jpeg,,data\processed\masks\IMG002995.png,1829,3032,0,0,0,False,0
IMG002996.jpeg,0,data\raw\images\IMG002996.jpeg,,data\processed\masks\IMG002996.png,2520,2984,0,0,0,False,0
IMG002997.jpeg,0,data\raw\images\IMG002997.jpeg,,data\processed\masks\IMG002997.png,1824,2745,0,0,0,False,0
IMG002998.jpeg,0,data\raw\images\IMG002998.jpeg,,data\processed\masks\IMG002998.png,1843,3408,0,0,0,False,0
IMG002999.jpeg,0,data\raw\images\IMG002999.jpeg,,data\processed\masks\IMG002999.png,2520,2984,0,0,0,False,0
IMG003000.jpeg,0,data\raw\images\IMG003000.jpeg,,data\processed\masks\IMG003000.png,2107,2885,0,0,0,False,0
IMG003001.jpeg,0,data\raw\images\IMG003001.jpeg,,data\processed\masks\IMG003001.png,1976,3408,0,0,0,False,0
IMG003002.jpeg,0,data\raw\images\IMG003002.jpeg,,data\processed\masks\IMG003002.png,1815,2899,0,0,0,False,0
IMG003003.jpeg,0,data\raw\images\IMG003003.jpeg,,data\processed\masks\IMG003003.png,2026,3032,0,0,0,False,0
IMG003004.jpeg,0,data\raw\images\IMG003004.jpeg,,data\processed\masks\IMG003004.png,1250,2306,0,0,0,False,0
IMG003005.jpeg,0,data\raw\images\IMG003005.jpeg,,data\processed\masks\IMG003005.png,2008,3032,0,0,0,False,0
IMG003006.jpeg,0,data\raw\images\IMG003006.jpeg,,data\processed\masks\IMG003006.png,2023,3032,0,0,0,False,0
IMG003007.jpeg,0,data\raw\images\IMG003007.jpeg,,data\processed\masks\IMG003007.png,1968,2252,0,0,0,False,0
IMG003008.jpeg,0,data\raw\images\IMG003008.jpeg,,data\processed\masks\IMG003008.png,1964,2628,0,0,0,False,0
IMG003009.jpeg,0,data\raw\images\IMG003009.jpeg,,data\processed\masks\IMG003009.png,1904,3032,0,0,0,False,0
IMG003010.jpeg,0,data\raw\images\IMG003010.jpeg,,data\processed\masks\IMG003010.png,1988,2803,0,0,0,False,0
IMG003011.jpeg,0,data\raw\images\IMG003011.jpeg,,data\processed\masks\IMG003011.png,2512,2624,0,0,0,False,0
IMG003012.jpeg,0,data\raw\images\IMG003012.jpeg,,data\processed\masks\IMG003012.png,2520,3032,0,0,0,False,0
IMG003013.jpeg,0,data\raw\images\IMG003013.jpeg,,data\processed\masks\IMG003013.png,1761,2224,0,0,0,False,0
IMG003014.jpeg,0,data\raw\images\IMG003014.jpeg,,data\processed\masks\IMG003014.png,2496,2632,0,0,0,False,0
IMG003015.jpeg,0,data\raw\images\IMG003015.jpeg,,data\processed\masks\IMG003015.png,2278,1580,0,0,0,False,0
IMG003016.jpeg,0,data\raw\images\IMG003016.jpeg,,data\processed\masks\IMG003016.png,1869,2821,0,0,0,False,0
IMG003017.jpeg,0,data\raw\images\IMG003017.jpeg,,data\processed\masks\IMG003017.png,1880,3032,0,0,0,False,0
IMG003018.jpeg,0,data\raw\images\IMG003018.jpeg,,data\processed\masks\IMG003018.png,2520,3032,0,0,0,False,0
IMG003019.jpeg,0,data\raw\images\IMG003019.jpeg,,data\processed\masks\IMG003019.png,1963,2469,0,0,0,False,0
IMG003020.jpeg,0,data\raw\images\IMG003020.jpeg,,data\processed\masks\IMG003020.png,2328,3032,0,0,0,False,0
IMG003021.jpeg,0,data\raw\images\IMG003021.jpeg,,data\processed\masks\IMG003021.png,1622,3408,0,0,0,False,0
IMG003022.jpeg,0,data\raw\images\IMG003022.jpeg,,data\processed\masks\IMG003022.png,1882,1690,0,0,0,False,0
IMG003023.jpeg,0,data\raw\images\IMG003023.jpeg,,data\processed\masks\IMG003023.png,1320,1817,0,0,0,False,0
IMG003024.jpeg,0,data\raw\images\IMG003024.jpeg,,data\processed\masks\IMG003024.png,1544,1733,0,0,0,False,0
IMG003025.jpeg,0,data\raw\images\IMG003025.jpeg,,data\processed\masks\IMG003025.png,1613,3408,0,0,0,False,0
IMG003026.jpeg,0,data\raw\images\IMG003026.jpeg,,data\processed\masks\IMG003026.png,2520,2513,0,0,0,False,0
IMG003027.jpeg,0,data\raw\images\IMG003027.jpeg,,data\processed\masks\IMG003027.png,1691,2606,0,0,0,False,0
IMG003028.jpeg,0,data\raw\images\IMG003028.jpeg,,data\processed\masks\IMG003028.png,2630,3309,0,0,0,False,0
IMG003029.jpeg,0,data\raw\images\IMG003029.jpeg,,data\processed\masks\IMG003029.png,2056,2743,0,0,0,False,0
IMG003030.jpeg,0,data\raw\images\IMG003030.jpeg,,data\processed\masks\IMG003030.png,2136,3032,0,0,0,False,0
IMG003031.jpeg,0,data\raw\images\IMG003031.jpeg,,data\processed\masks\IMG003031.png,2800,3408,0,0,0,False,0
IMG003032.jpeg,0,data\raw\images\IMG003032.jpeg,,data\processed\masks\IMG003032.png,1554,2256,0,0,0,False,0
IMG003033.jpeg,0,data\raw\images\IMG003033.jpeg,,data\processed\masks\IMG003033.png,1871,2702,0,0,0,False,0
IMG003034.jpeg,0,data\raw\images\IMG003034.jpeg,,data\processed\masks\IMG003034.png,1687,2487,0,0,0,False,0
IMG003035.jpeg,0,data\raw\images\IMG003035.jpeg,,data\processed\masks\IMG003035.png,1496,2392,0,0,0,False,0
IMG003036.jpeg,0,data\raw\images\IMG003036.jpeg,,data\processed\masks\IMG003036.png,1587,2290,0,0,0,False,0
IMG003037.jpeg,0,data\raw\images\IMG003037.jpeg,,data\processed\masks\IMG003037.png,2310,2854,0,0,0,False,0
IMG003038.jpeg,0,data\raw\images\IMG003038.jpeg,,data\processed\masks\IMG003038.png,1514,1699,0,0,0,False,0
IMG003039.jpeg,0,data\raw\images\IMG003039.jpeg,,data\processed\masks\IMG003039.png,1433,1584,0,0,0,False,0
IMG003040.jpeg,0,data\raw\images\IMG003040.jpeg,,data\processed\masks\IMG003040.png,1014,1417,0,0,0,False,0
IMG003041.jpeg,0,data\raw\images\IMG003041.jpeg,,data\processed\masks\IMG003041.png,770,1318,0,0,0,False,0
IMG003042.jpeg,0,data\raw\images\IMG003042.jpeg,,data\processed\masks\IMG003042.png,2385,1760,0,0,0,False,0
IMG003043.jpeg,0,data\raw\images\IMG003043.jpeg,,data\processed\masks\IMG003043.png,1752,3032,0,0,0,False,0
IMG003044.jpeg,0,data\raw\images\IMG003044.jpeg,,data\processed\masks\IMG003044.png,1932,2835,0,0,0,False,0
IMG003045.jpeg,0,data\raw\images\IMG003045.jpeg,,data\processed\masks\IMG003045.png,1261,1329,0,0,0,False,0
IMG003046.jpeg,0,data\raw\images\IMG003046.jpeg,,data\processed\masks\IMG003046.png,1311,3032,0,0,0,False,0
IMG003047.jpeg,0,data\raw\images\IMG003047.jpeg,,data\processed\masks\IMG003047.png,1795,3032,0,0,0,False,0
IMG003048.jpeg,0,data\raw\images\IMG003048.jpeg,,data\processed\masks\IMG003048.png,3137,3337,0,0,0,False,0
IMG003049.jpeg,0,data\raw\images\IMG003049.jpeg,,data\processed\masks\IMG003049.png,1626,2387,0,0,0,False,0
IMG003050.jpeg,0,data\raw\images\IMG003050.jpeg,,data\processed\masks\IMG003050.png,1626,2359,0,0,0,False,0
IMG003051.jpeg,0,data\raw\images\IMG003051.jpeg,,data\processed\masks\IMG003051.png,1826,2032,0,0,0,False,0
IMG003052.jpeg,0,data\raw\images\IMG003052.jpeg,,data\processed\masks\IMG003052.png,1109,1598,0,0,0,False,0
IMG003053.jpeg,0,data\raw\images\IMG003053.jpeg,,data\processed\masks\IMG003053.png,1180,1156,0,0,0,False,0
IMG003054.jpeg,0,data\raw\images\IMG003054.jpeg,,data\processed\masks\IMG003054.png,2412,3032,0,0,0,False,0
IMG003055.jpeg,0,data\raw\images\IMG003055.jpeg,,data\processed\masks\IMG003055.png,1654,2682,0,0,0,False,0
IMG003056.jpeg,0,data\raw\images\IMG003056.jpeg,,data\processed\masks\IMG003056.png,2415,2710,0,0,0,False,0
IMG003057.jpeg,0,data\raw\images\IMG003057.jpeg,,data\processed\masks\IMG003057.png,1972,2368,0,0,0,False,0
IMG003058.jpeg,0,data\raw\images\IMG003058.jpeg,,data\processed\masks\IMG003058.png,2400,3032,0,0,0,False,0
IMG003059.jpeg,0,data\raw\images\IMG003059.jpeg,,data\processed\masks\IMG003059.png,2424,3032,0,0,0,False,0
IMG003060.jpeg,0,data\raw\images\IMG003060.jpeg,,data\processed\masks\IMG003060.png,3320,2939,0,0,0,False,0
IMG003061.jpeg,0,data\raw\images\IMG003061.jpeg,,data\processed\masks\IMG003061.png,603,1454,0,0,0,False,0
IMG003062.jpeg,0,data\raw\images\IMG003062.jpeg,,data\processed\masks\IMG003062.png,585,1350,0,0,0,False,0
IMG003063.jpeg,0,data\raw\images\IMG003063.jpeg,,data\processed\masks\IMG003063.png,573,1517,0,0,0,False,0
IMG003064.jpeg,0,data\raw\images\IMG003064.jpeg,,data\processed\masks\IMG003064.png,1112,752,0,0,0,False,0
IMG003065.jpeg,0,data\raw\images\IMG003065.jpeg,,data\processed\masks\IMG003065.png,2128,3032,0,0,0,False,0
IMG003066.jpeg,0,data\raw\images\IMG003066.jpeg,,data\processed\masks\IMG003066.png,1630,3032,0,0,0,False,0
IMG003067.jpeg,0,data\raw\images\IMG003067.jpeg,,data\processed\masks\IMG003067.png,2136,3032,0,0,0,False,0
IMG003068.jpeg,0,data\raw\images\IMG003068.jpeg,,data\processed\masks\IMG003068.png,1533,3032,0,0,0,False,0
IMG003069.jpeg,0,data\raw\images\IMG003069.jpeg,,data\processed\masks\IMG003069.png,1996,3408,0,0,0,False,0
IMG003070.jpeg,0,data\raw\images\IMG003070.jpeg,,data\processed\masks\IMG003070.png,2475,3408,0,0,0,False,0
IMG003071.jpeg,0,data\raw\images\IMG003071.jpeg,,data\processed\masks\IMG003071.png,2101,3408,0,0,0,False,0
IMG003072.jpeg,0,data\raw\images\IMG003072.jpeg,,data\processed\masks\IMG003072.png,2534,2520,0,0,0,False,0
IMG003073.jpeg,0,data\raw\images\IMG003073.jpeg,,data\processed\masks\IMG003073.png,1675,3408,0,0,0,False,0
IMG003074.jpeg,0,data\raw\images\IMG003074.jpeg,,data\processed\masks\IMG003074.png,1925,3408,0,0,0,False,0
IMG003075.jpeg,0,data\raw\images\IMG003075.jpeg,,data\processed\masks\IMG003075.png,1941,2227,0,0,0,False,0
IMG003076.jpeg,0,data\raw\images\IMG003076.jpeg,,data\processed\masks\IMG003076.png,2394,2289,0,0,0,False,0
IMG003077.jpeg,0,data\raw\images\IMG003077.jpeg,,data\processed\masks\IMG003077.png,1978,3408,0,0,0,False,0
IMG003078.jpeg,0,data\raw\images\IMG003078.jpeg,,data\processed\masks\IMG003078.png,1860,2225,0,0,0,False,0
IMG003079.jpeg,0,data\raw\images\IMG003079.jpeg,,data\processed\masks\IMG003079.png,1484,3032,0,0,0,False,0
IMG003080.jpeg,0,data\raw\images\IMG003080.jpeg,,data\processed\masks\IMG003080.png,2240,2731,0,0,0,False,0
IMG003081.jpeg,0,data\raw\images\IMG003081.jpeg,,data\processed\masks\IMG003081.png,2520,3032,0,0,0,False,0
IMG003082.jpeg,0,data\raw\images\IMG003082.jpeg,,data\processed\masks\IMG003082.png,1926,3032,0,0,0,False,0
IMG003083.jpeg,0,data\raw\images\IMG003083.jpeg,,data\processed\masks\IMG003083.png,2064,2896,0,0,0,False,0
IMG003084.jpeg,0,data\raw\images\IMG003084.jpeg,,data\processed\masks\IMG003084.png,2416,3032,0,0,0,False,0
IMG003085.jpeg,0,data\raw\images\IMG003085.jpeg,,data\processed\masks\IMG003085.png,2416,3032,0,0,0,False,0
IMG003086.jpeg,0,data\raw\images\IMG003086.jpeg,,data\processed\masks\IMG003086.png,921,1051,0,0,0,False,0
IMG003087.jpeg,0,data\raw\images\IMG003087.jpeg,,data\processed\masks\IMG003087.png,822,878,0,0,0,False,0
IMG003088.jpeg,0,data\raw\images\IMG003088.jpeg,,data\processed\masks\IMG003088.png,1332,1162,0,0,0,False,0
IMG003089.jpeg,0,data\raw\images\IMG003089.jpeg,,data\processed\masks\IMG003089.png,940,2219,0,0,0,False,0
IMG003090.jpeg,0,data\raw\images\IMG003090.jpeg,,data\processed\masks\IMG003090.png,1249,1014,0,0,0,False,0
IMG003091.jpeg,0,data\raw\images\IMG003091.jpeg,,data\processed\masks\IMG003091.png,1097,1981,0,0,0,False,0
IMG003092.jpeg,0,data\raw\images\IMG003092.jpeg,,data\processed\masks\IMG003092.png,2520,2290,0,0,0,False,0
IMG003093.jpeg,0,data\raw\images\IMG003093.jpeg,,data\processed\masks\IMG003093.png,1547,2561,0,0,0,False,0
IMG003094.jpeg,0,data\raw\images\IMG003094.jpeg,,data\processed\masks\IMG003094.png,1383,2615,0,0,0,False,0
IMG003095.jpeg,0,data\raw\images\IMG003095.jpeg,,data\processed\masks\IMG003095.png,1549,2791,0,0,0,False,0
IMG003096.jpeg,0,data\raw\images\IMG003096.jpeg,,data\processed\masks\IMG003096.png,1603,3032,0,0,0,False,0
IMG003097.jpeg,0,data\raw\images\IMG003097.jpeg,,data\processed\masks\IMG003097.png,1619,3032,0,0,0,False,0
IMG003098.jpeg,0,data\raw\images\IMG003098.jpeg,,data\processed\masks\IMG003098.png,1853,2975,0,0,0,False,0
IMG003099.jpeg,0,data\raw\images\IMG003099.jpeg,,data\processed\masks\IMG003099.png,1530,3405,0,0,0,False,0
IMG003100.jpeg,0,data\raw\images\IMG003100.jpeg,,data\processed\masks\IMG003100.png,1496,3408,0,0,0,False,0
IMG003101.jpeg,0,data\raw\images\IMG003101.jpeg,,data\processed\masks\IMG003101.png,3032,2447,0,0,0,False,0
IMG003102.jpeg,0,data\raw\images\IMG003102.jpeg,,data\processed\masks\IMG003102.png,1505,3408,0,0,0,False,0
IMG003103.jpeg,0,data\raw\images\IMG003103.jpeg,,data\processed\masks\IMG003103.png,3032,2520,0,0,0,False,0
IMG003104.jpeg,0,data\raw\images\IMG003104.jpeg,,data\processed\masks\IMG003104.png,1916,3032,0,0,0,False,0
IMG003105.jpeg,0,data\raw\images\IMG003105.jpeg,,data\processed\masks\IMG003105.png,2156,3032,0,0,0,False,0
IMG003106.jpeg,0,data\raw\images\IMG003106.jpeg,,data\processed\masks\IMG003106.png,1826,2174,0,0,0,False,0
IMG003107.jpeg,0,data\raw\images\IMG003107.jpeg,,data\processed\masks\IMG003107.png,1915,2153,0,0,0,False,0
IMG003108.jpeg,0,data\raw\images\IMG003108.jpeg,,data\processed\masks\IMG003108.png,1626,2032,0,0,0,False,0
IMG003109.jpeg,0,data\raw\images\IMG003109.jpeg,,data\processed\masks\IMG003109.png,2800,3408,0,0,0,False,0
IMG003110.jpeg,0,data\raw\images\IMG003110.jpeg,,data\processed\masks\IMG003110.png,1462,3408,0,0,0,False,0
IMG003111.jpeg,0,data\raw\images\IMG003111.jpeg,,data\processed\masks\IMG003111.png,1626,2032,0,0,0,False,0
IMG003112.jpeg,0,data\raw\images\IMG003112.jpeg,,data\processed\masks\IMG003112.png,1802,3408,0,0,0,False,0
IMG003113.jpeg,0,data\raw\images\IMG003113.jpeg,,data\processed\masks\IMG003113.png,1960,3384,0,0,0,False,0
IMG003114.jpeg,0,data\raw\images\IMG003114.jpeg,,data\processed\masks\IMG003114.png,2800,2120,0,0,0,False,0
IMG003115.jpeg,0,data\raw\images\IMG003115.jpeg,,data\processed\masks\IMG003115.png,2126,2617,0,0,0,False,0
IMG003116.jpeg,0,data\raw\images\IMG003116.jpeg,,data\processed\masks\IMG003116.png,1452,3408,0,0,0,False,0
IMG003117.jpeg,0,data\raw\images\IMG003117.jpeg,,data\processed\masks\IMG003117.png,1919,2745,0,0,0,False,0
IMG003118.jpeg,0,data\raw\images\IMG003118.jpeg,,data\processed\masks\IMG003118.png,1715,3408,0,0,0,False,0
IMG003119.jpeg,0,data\raw\images\IMG003119.jpeg,,data\processed\masks\IMG003119.png,1478,3032,0,0,0,False,0
IMG003120.jpeg,0,data\raw\images\IMG003120.jpeg,,data\processed\masks\IMG003120.png,1458,3032,0,0,0,False,0
IMG003121.jpeg,0,data\raw\images\IMG003121.jpeg,,data\processed\masks\IMG003121.png,1612,1944,0,0,0,False,0
IMG003122.jpeg,0,data\raw\images\IMG003122.jpeg,,data\processed\masks\IMG003122.png,1482,1864,0,0,0,False,0
IMG003123.jpeg,0,data\raw\images\IMG003123.jpeg,,data\processed\masks\IMG003123.png,1952,3032,0,0,0,False,0
IMG003124.jpeg,0,data\raw\images\IMG003124.jpeg,,data\processed\masks\IMG003124.png,1545,3408,0,0,0,False,0
IMG003125.jpeg,0,data\raw\images\IMG003125.jpeg,,data\processed\masks\IMG003125.png,1990,3408,0,0,0,False,0
IMG003126.jpeg,0,data\raw\images\IMG003126.jpeg,,data\processed\masks\IMG003126.png,2385,3032,0,0,0,False,0
IMG003127.jpeg,0,data\raw\images\IMG003127.jpeg,,data\processed\masks\IMG003127.png,2869,1964,0,0,0,False,0
IMG003128.jpeg,0,data\raw\images\IMG003128.jpeg,,data\processed\masks\IMG003128.png,1596,3032,0,0,0,False,0
IMG003129.jpeg,0,data\raw\images\IMG003129.jpeg,,data\processed\masks\IMG003129.png,2146,3032,0,0,0,False,0
IMG003130.jpeg,0,data\raw\images\IMG003130.jpeg,,data\processed\masks\IMG003130.png,2520,2320,0,0,0,False,0
IMG003131.jpeg,0,data\raw\images\IMG003131.jpeg,,data\processed\masks\IMG003131.png,2520,2320,0,0,0,False,0
IMG003132.jpeg,0,data\raw\images\IMG003132.jpeg,,data\processed\masks\IMG003132.png,1544,3032,0,0,0,False,0
IMG003133.jpeg,0,data\raw\images\IMG003133.jpeg,,data\processed\masks\IMG003133.png,1192,2144,0,0,0,False,0
IMG003134.jpeg,0,data\raw\images\IMG003134.jpeg,,data\processed\masks\IMG003134.png,1153,1949,0,0,0,False,0
IMG003135.jpeg,0,data\raw\images\IMG003135.jpeg,,data\processed\masks\IMG003135.png,1639,3032,0,0,0,False,0
IMG003136.jpeg,0,data\raw\images\IMG003136.jpeg,,data\processed\masks\IMG003136.png,2168,3408,0,0,0,False,0
IMG003137.jpeg,0,data\raw\images\IMG003137.jpeg,,data\processed\masks\IMG003137.png,2136,3032,0,0,0,False,0
IMG003138.jpeg,0,data\raw\images\IMG003138.jpeg,,data\processed\masks\IMG003138.png,2076,2313,0,0,0,False,0
IMG003139.jpeg,0,data\raw\images\IMG003139.jpeg,,data\processed\masks\IMG003139.png,1410,2044,0,0,0,False,0
IMG003140.jpeg,0,data\raw\images\IMG003140.jpeg,,data\processed\masks\IMG003140.png,2168,3408,0,0,0,False,0
IMG003141.jpeg,0,data\raw\images\IMG003141.jpeg,,data\processed\masks\IMG003141.png,1469,1914,0,0,0,False,0
IMG003142.jpeg,0,data\raw\images\IMG003142.jpeg,,data\processed\masks\IMG003142.png,1648,2080,0,0,0,False,0
IMG003143.jpeg,0,data\raw\images\IMG003143.jpeg,,data\processed\masks\IMG003143.png,1266,1739,0,0,0,False,0
IMG003144.jpeg,0,data\raw\images\IMG003144.jpeg,,data\processed\masks\IMG003144.png,1763,2898,0,0,0,False,0
IMG003145.jpeg,0,data\raw\images\IMG003145.jpeg,,data\processed\masks\IMG003145.png,1567,3032,0,0,0,False,0
IMG003146.jpeg,0,data\raw\images\IMG003146.jpeg,,data\processed\masks\IMG003146.png,2104,2647,0,0,0,False,0
IMG003147.jpeg,0,data\raw\images\IMG003147.jpeg,,data\processed\masks\IMG003147.png,2013,2908,0,0,0,False,0
IMG003148.jpeg,0,data\raw\images\IMG003148.jpeg,,data\processed\masks\IMG003148.png,2038,3011,0,0,0,False,0
IMG003149.jpeg,0,data\raw\images\IMG003149.jpeg,,data\processed\masks\IMG003149.png,2320,3408,0,0,0,False,0
IMG003150.jpeg,0,data\raw\images\IMG003150.jpeg,,data\processed\masks\IMG003150.png,2344,3408,0,0,0,False,0
IMG003151.jpeg,0,data\raw\images\IMG003151.jpeg,,data\processed\masks\IMG003151.png,2044,2376,0,0,0,False,0
IMG003152.jpeg,0,data\raw\images\IMG003152.jpeg,,data\processed\masks\IMG003152.png,2191,2575,0,0,0,False,0
IMG003153.jpeg,0,data\raw\images\IMG003153.jpeg,,data\processed\masks\IMG003153.png,2253,2657,0,0,0,False,0
IMG003154.jpeg,0,data\raw\images\IMG003154.jpeg,,data\processed\masks\IMG003154.png,2098,2558,0,0,0,False,0
IMG003155.jpeg,0,data\raw\images\IMG003155.jpeg,,data\processed\masks\IMG003155.png,1447,2520,0,0,0,False,0
IMG003156.jpeg,0,data\raw\images\IMG003156.jpeg,,data\processed\masks\IMG003156.png,2800,2055,0,0,0,False,0
IMG003157.jpeg,0,data\raw\images\IMG003157.jpeg,,data\processed\masks\IMG003157.png,1304,2288,0,0,0,False,0
IMG003158.jpeg,0,data\raw\images\IMG003158.jpeg,,data\processed\masks\IMG003158.png,1536,1968,0,0,0,False,0
IMG003159.jpeg,0,data\raw\images\IMG003159.jpeg,,data\processed\masks\IMG003159.png,1019,2685,0,0,0,False,0
IMG003160.jpeg,0,data\raw\images\IMG003160.jpeg,,data\processed\masks\IMG003160.png,1304,1709,0,0,0,False,0
IMG003161.jpeg,0,data\raw\images\IMG003161.jpeg,,data\processed\masks\IMG003161.png,1288,3084,0,0,0,False,0
IMG003162.jpeg,0,data\raw\images\IMG003162.jpeg,,data\processed\masks\IMG003162.png,1664,2376,0,0,0,False,0
IMG003163.jpeg,0,data\raw\images\IMG003163.jpeg,,data\processed\masks\IMG003163.png,854,2190,0,0,0,False,0
IMG003164.jpeg,0,data\raw\images\IMG003164.jpeg,,data\processed\masks\IMG003164.png,1476,2332,0,0,0,False,0
IMG003165.jpeg,0,data\raw\images\IMG003165.jpeg,,data\processed\masks\IMG003165.png,2004,738,0,0,0,False,0
IMG003166.jpeg,0,data\raw\images\IMG003166.jpeg,,data\processed\masks\IMG003166.png,2204,3032,0,0,0,False,0
IMG003167.jpeg,0,data\raw\images\IMG003167.jpeg,,data\processed\masks\IMG003167.png,2192,3032,0,0,0,False,0
IMG003168.jpeg,0,data\raw\images\IMG003168.jpeg,,data\processed\masks\IMG003168.png,1488,3032,0,0,0,False,0
IMG003169.jpeg,0,data\raw\images\IMG003169.jpeg,,data\processed\masks\IMG003169.png,2508,3032,0,0,0,False,0
IMG003170.jpeg,0,data\raw\images\IMG003170.jpeg,,data\processed\masks\IMG003170.png,2015,2206,0,0,0,False,0
IMG003171.jpeg,0,data\raw\images\IMG003171.jpeg,,data\processed\masks\IMG003171.png,2520,3032,0,0,0,False,0
IMG003172.jpeg,0,data\raw\images\IMG003172.jpeg,,data\processed\masks\IMG003172.png,2064,2549,0,0,0,False,0
IMG003173.jpeg,0,data\raw\images\IMG003173.jpeg,,data\processed\masks\IMG003173.png,1616,3032,0,0,0,False,0
IMG003174.jpeg,0,data\raw\images\IMG003174.jpeg,,data\processed\masks\IMG003174.png,1478,3032,0,0,0,False,0
IMG003175.jpeg,0,data\raw\images\IMG003175.jpeg,,data\processed\masks\IMG003175.png,1863,3032,0,0,0,False,0
IMG003176.jpeg,0,data\raw\images\IMG003176.jpeg,,data\processed\masks\IMG003176.png,2018,2994,0,0,0,False,0
IMG003177.jpeg,0,data\raw\images\IMG003177.jpeg,,data\processed\masks\IMG003177.png,1638,2818,0,0,0,False,0
IMG003178.jpeg,0,data\raw\images\IMG003178.jpeg,,data\processed\masks\IMG003178.png,1981,2449,0,0,0,False,0
IMG003179.jpeg,0,data\raw\images\IMG003179.jpeg,,data\processed\masks\IMG003179.png,2328,3032,0,0,0,False,0
IMG003180.jpeg,0,data\raw\images\IMG003180.jpeg,,data\processed\masks\IMG003180.png,1697,2089,0,0,0,False,0
IMG003181.jpeg,0,data\raw\images\IMG003181.jpeg,,data\processed\masks\IMG003181.png,1882,2648,0,0,0,False,0
IMG003182.jpeg,0,data\raw\images\IMG003182.jpeg,,data\processed\masks\IMG003182.png,1992,2373,0,0,0,False,0
IMG003183.jpeg,0,data\raw\images\IMG003183.jpeg,,data\processed\masks\IMG003183.png,1931,3408,0,0,0,False,0
IMG003184.jpeg,0,data\raw\images\IMG003184.jpeg,,data\processed\masks\IMG003184.png,1820,2543,0,0,0,False,0
IMG003185.jpeg,0,data\raw\images\IMG003185.jpeg,,data\processed\masks\IMG003185.png,1758,3408,0,0,0,False,0
IMG003186.jpeg,0,data\raw\images\IMG003186.jpeg,,data\processed\masks\IMG003186.png,2444,3118,0,0,0,False,0
IMG003187.jpeg,0,data\raw\images\IMG003187.jpeg,,data\processed\masks\IMG003187.png,2160,2968,0,0,0,False,0
IMG003188.jpeg,0,data\raw\images\IMG003188.jpeg,,data\processed\masks\IMG003188.png,1539,2262,0,0,0,False,0
IMG003189.jpeg,0,data\raw\images\IMG003189.jpeg,,data\processed\masks\IMG003189.png,1147,1752,0,0,0,False,0
IMG003190.jpeg,0,data\raw\images\IMG003190.jpeg,,data\processed\masks\IMG003190.png,1449,1774,0,0,0,False,0
IMG003191.jpeg,0,data\raw\images\IMG003191.jpeg,,data\processed\masks\IMG003191.png,1285,2145,0,0,0,False,0
IMG003192.jpeg,0,data\raw\images\IMG003192.jpeg,,data\processed\masks\IMG003192.png,1097,1854,0,0,0,False,0
IMG003193.jpeg,0,data\raw\images\IMG003193.jpeg,,data\processed\masks\IMG003193.png,1460,1268,0,0,0,False,0
IMG003194.jpeg,0,data\raw\images\IMG003194.jpeg,,data\processed\masks\IMG003194.png,3032,2520,0,0,0,False,0
IMG003195.jpeg,0,data\raw\images\IMG003195.jpeg,,data\processed\masks\IMG003195.png,1465,2813,0,0,0,False,0
IMG003196.jpeg,0,data\raw\images\IMG003196.jpeg,,data\processed\masks\IMG003196.png,2520,3032,0,0,0,False,0
IMG003197.jpeg,0,data\raw\images\IMG003197.jpeg,,data\processed\masks\IMG003197.png,1730,2511,0,0,0,False,0
IMG003198.jpeg,0,data\raw\images\IMG003198.jpeg,,data\processed\masks\IMG003198.png,2195,3032,0,0,0,False,0
IMG003199.jpeg,0,data\raw\images\IMG003199.jpeg,,data\processed\masks\IMG003199.png,2056,3032,0,0,0,False,0
IMG003200.jpeg,0,data\raw\images\IMG003200.jpeg,,data\processed\masks\IMG003200.png,2032,3032,0,0,0,False,0
IMG003201.jpeg,0,data\raw\images\IMG003201.jpeg,,data\processed\masks\IMG003201.png,1114,1272,0,0,0,False,0
IMG003202.jpeg,0,data\raw\images\IMG003202.jpeg,,data\processed\masks\IMG003202.png,2340,2976,0,0,0,False,0
IMG003203.jpeg,0,data\raw\images\IMG003203.jpeg,,data\processed\masks\IMG003203.png,2520,2192,0,0,0,False,0
IMG003204.jpeg,0,data\raw\images\IMG003204.jpeg,,data\processed\masks\IMG003204.png,2348,2587,0,0,0,False,0
IMG003205.jpeg,0,data\raw\images\IMG003205.jpeg,,data\processed\masks\IMG003205.png,1493,3400,0,0,0,False,0
IMG003206.jpeg,0,data\raw\images\IMG003206.jpeg,,data\processed\masks\IMG003206.png,1805,2509,0,0,0,False,0
IMG003207.jpeg,0,data\raw\images\IMG003207.jpeg,,data\processed\masks\IMG003207.png,559,1425,0,0,0,False,0
IMG003208.jpeg,0,data\raw\images\IMG003208.jpeg,,data\processed\masks\IMG003208.png,1300,2397,0,0,0,False,0
IMG003209.jpeg,0,data\raw\images\IMG003209.jpeg,,data\processed\masks\IMG003209.png,3032,2292,0,0,0,False,0
IMG003210.jpeg,0,data\raw\images\IMG003210.jpeg,,data\processed\masks\IMG003210.png,2520,3032,0,0,0,False,0
IMG003211.jpeg,0,data\raw\images\IMG003211.jpeg,,data\processed\masks\IMG003211.png,2520,3032,0,0,0,False,0
IMG003212.jpeg,0,data\raw\images\IMG003212.jpeg,,data\processed\masks\IMG003212.png,1756,3032,0,0,0,False,0
IMG003213.jpeg,0,data\raw\images\IMG003213.jpeg,,data\processed\masks\IMG003213.png,1368,3032,0,0,0,False,0
IMG003214.jpeg,0,data\raw\images\IMG003214.jpeg,,data\processed\masks\IMG003214.png,2302,3032,0,0,0,False,0
IMG003215.jpeg,0,data\raw\images\IMG003215.jpeg,,data\processed\masks\IMG003215.png,2520,3032,0,0,0,False,0
IMG003216.jpeg,0,data\raw\images\IMG003216.jpeg,,data\processed\masks\IMG003216.png,484,1478,0,0,0,False,0
IMG003217.jpeg,0,data\raw\images\IMG003217.jpeg,,data\processed\masks\IMG003217.png,2800,2642,0,0,0,False,0
IMG003218.jpeg,0,data\raw\images\IMG003218.jpeg,,data\processed\masks\IMG003218.png,1250,2831,0,0,0,False,0
IMG003219.jpeg,0,data\raw\images\IMG003219.jpeg,,data\processed\masks\IMG003219.png,1250,2718,0,0,0,False,0
IMG003220.jpeg,0,data\raw\images\IMG003220.jpeg,,data\processed\masks\IMG003220.png,1612,3020,0,0,0,False,0
IMG003221.jpeg,0,data\raw\images\IMG003221.jpeg,,data\processed\masks\IMG003221.png,1574,2994,0,0,0,False,0
IMG003222.jpeg,0,data\raw\images\IMG003222.jpeg,,data\processed\masks\IMG003222.png,1706,3032,0,0,0,False,0
IMG003223.jpeg,0,data\raw\images\IMG003223.jpeg,,data\processed\masks\IMG003223.png,2695,2503,0,0,0,False,0
IMG003224.jpeg,0,data\raw\images\IMG003224.jpeg,,data\processed\masks\IMG003224.png,1792,2328,0,0,0,False,0
IMG003225.jpeg,0,data\raw\images\IMG003225.jpeg,,data\processed\masks\IMG003225.png,1693,3408,0,0,0,False,0
IMG003226.jpeg,0,data\raw\images\IMG003226.jpeg,,data\processed\masks\IMG003226.png,1540,1972,0,0,0,False,0
IMG003227.jpeg,0,data\raw\images\IMG003227.jpeg,,data\processed\masks\IMG003227.png,1681,1250,0,0,0,False,0
IMG003228.jpeg,0,data\raw\images\IMG003228.jpeg,,data\processed\masks\IMG003228.png,1286,3408,0,0,0,False,0
IMG003229.jpeg,0,data\raw\images\IMG003229.jpeg,,data\processed\masks\IMG003229.png,1896,3408,0,0,0,False,0
IMG003230.jpeg,0,data\raw\images\IMG003230.jpeg,,data\processed\masks\IMG003230.png,2487,3408,0,0,0,False,0
IMG003231.jpeg,0,data\raw\images\IMG003231.jpeg,,data\processed\masks\IMG003231.png,1434,3408,0,0,0,False,0
IMG003232.jpeg,0,data\raw\images\IMG003232.jpeg,,data\processed\masks\IMG003232.png,1901,3032,0,0,0,False,0
IMG003233.jpeg,0,data\raw\images\IMG003233.jpeg,,data\processed\masks\IMG003233.png,2368,3032,0,0,0,False,0
IMG003234.jpeg,0,data\raw\images\IMG003234.jpeg,,data\processed\masks\IMG003234.png,2175,3032,0,0,0,False,0
IMG003235.jpeg,0,data\raw\images\IMG003235.jpeg,,data\processed\masks\IMG003235.png,2004,3032,0,0,0,False,0
IMG003236.jpeg,0,data\raw\images\IMG003236.jpeg,,data\processed\masks\IMG003236.png,1737,3032,0,0,0,False,0
IMG003237.jpeg,0,data\raw\images\IMG003237.jpeg,,data\processed\masks\IMG003237.png,2082,3032,0,0,0,False,0
IMG003238.jpeg,0,data\raw\images\IMG003238.jpeg,,data\processed\masks\IMG003238.png,1788,3032,0,0,0,False,0
IMG003239.jpeg,0,data\raw\images\IMG003239.jpeg,,data\processed\masks\IMG003239.png,1800,3032,0,0,0,False,0
IMG003240.jpeg,0,data\raw\images\IMG003240.jpeg,,data\processed\masks\IMG003240.png,1215,2416,0,0,0,False,0
IMG003241.jpeg,0,data\raw\images\IMG003241.jpeg,,data\processed\masks\IMG003241.png,1332,2308,0,0,0,False,0
IMG003242.jpeg,0,data\raw\images\IMG003242.jpeg,,data\processed\masks\IMG003242.png,1452,2472,0,0,0,False,0
IMG003243.jpeg,0,data\raw\images\IMG003243.jpeg,,data\processed\masks\IMG003243.png,1350,1681,0,0,0,False,0
IMG003244.jpeg,0,data\raw\images\IMG003244.jpeg,,data\processed\masks\IMG003244.png,1350,1740,0,0,0,False,0
IMG003245.jpeg,0,data\raw\images\IMG003245.jpeg,,data\processed\masks\IMG003245.png,1276,1656,0,0,0,False,0
IMG003246.jpeg,0,data\raw\images\IMG003246.jpeg,,data\processed\masks\IMG003246.png,967,1462,0,0,0,False,0
IMG003247.jpeg,0,data\raw\images\IMG003247.jpeg,,data\processed\masks\IMG003247.png,2520,2672,0,0,0,False,0
IMG003248.jpeg,0,data\raw\images\IMG003248.jpeg,,data\processed\masks\IMG003248.png,2520,3032,0,0,0,False,0
IMG003249.jpeg,0,data\raw\images\IMG003249.jpeg,,data\processed\masks\IMG003249.png,1574,2933,0,0,0,False,0
IMG003250.jpeg,0,data\raw\images\IMG003250.jpeg,,data\processed\masks\IMG003250.png,3032,2520,0,0,0,False,0
IMG003251.jpeg,0,data\raw\images\IMG003251.jpeg,,data\processed\masks\IMG003251.png,967,1153,0,0,0,False,0
IMG003252.jpeg,0,data\raw\images\IMG003252.jpeg,,data\processed\masks\IMG003252.png,884,1239,0,0,0,False,0
IMG003253.jpeg,0,data\raw\images\IMG003253.jpeg,,data\processed\masks\IMG003253.png,1620,3032,0,0,0,False,0
IMG003254.jpeg,0,data\raw\images\IMG003254.jpeg,,data\processed\masks\IMG003254.png,1395,3032,0,0,0,False,0
IMG003255.jpeg,0,data\raw\images\IMG003255.jpeg,,data\processed\masks\IMG003255.png,1620,3032,0,0,0,False,0
IMG003256.jpeg,0,data\raw\images\IMG003256.jpeg,,data\processed\masks\IMG003256.png,1503,3032,0,0,0,False,0
IMG003257.jpeg,0,data\raw\images\IMG003257.jpeg,,data\processed\masks\IMG003257.png,1398,2491,0,0,0,False,0
IMG003258.jpeg,0,data\raw\images\IMG003258.jpeg,,data\processed\masks\IMG003258.png,1272,2343,0,0,0,False,0
IMG003259.jpeg,0,data\raw\images\IMG003259.jpeg,,data\processed\masks\IMG003259.png,1165,1130,0,0,0,False,0
IMG003260.jpeg,0,data\raw\images\IMG003260.jpeg,,data\processed\masks\IMG003260.png,2164,2220,0,0,0,False,0
IMG003261.jpeg,0,data\raw\images\IMG003261.jpeg,,data\processed\masks\IMG003261.png,1250,1430,0,0,0,False,0
IMG003262.jpeg,0,data\raw\images\IMG003262.jpeg,,data\processed\masks\IMG003262.png,1252,2411,0,0,0,False,0
IMG003263.jpeg,0,data\raw\images\IMG003263.jpeg,,data\processed\masks\IMG003263.png,1608,2408,0,0,0,False,0
IMG003264.jpeg,0,data\raw\images\IMG003264.jpeg,,data\processed\masks\IMG003264.png,541,1259,0,0,0,False,0
IMG003265.jpeg,0,data\raw\images\IMG003265.jpeg,,data\processed\masks\IMG003265.png,526,1477,0,0,0,False,0
IMG003266.jpeg,0,data\raw\images\IMG003266.jpeg,,data\processed\masks\IMG003266.png,1772,1973,0,0,0,False,0
IMG003267.jpeg,0,data\raw\images\IMG003267.jpeg,,data\processed\masks\IMG003267.png,1295,1952,0,0,0,False,0
IMG003268.jpeg,0,data\raw\images\IMG003268.jpeg,,data\processed\masks\IMG003268.png,1443,2781,0,0,0,False,0
IMG003269.jpeg,0,data\raw\images\IMG003269.jpeg,,data\processed\masks\IMG003269.png,1925,2169,0,0,0,False,0
IMG003270.jpeg,0,data\raw\images\IMG003270.jpeg,,data\processed\masks\IMG003270.png,1941,3032,0,0,0,False,0
IMG003271.jpeg,0,data\raw\images\IMG003271.jpeg,,data\processed\masks\IMG003271.png,2357,3032,0,0,0,False,0
IMG003272.jpeg,0,data\raw\images\IMG003272.jpeg,,data\processed\masks\IMG003272.png,1885,3032,0,0,0,False,0
IMG003273.jpeg,0,data\raw\images\IMG003273.jpeg,,data\processed\masks\IMG003273.png,1412,2833,0,0,0,False,0
IMG003274.jpeg,0,data\raw\images\IMG003274.jpeg,,data\processed\masks\IMG003274.png,601,1454,0,0,0,False,0
IMG003275.jpeg,0,data\raw\images\IMG003275.jpeg,,data\processed\masks\IMG003275.png,1152,809,0,0,0,False,0
IMG003276.jpeg,0,data\raw\images\IMG003276.jpeg,,data\processed\masks\IMG003276.png,1471,3084,0,0,0,False,0
IMG003277.jpeg,0,data\raw\images\IMG003277.jpeg,,data\processed\masks\IMG003277.png,3130,2270,0,0,0,False,0
IMG003278.jpeg,0,data\raw\images\IMG003278.jpeg,,data\processed\masks\IMG003278.png,2720,3328,0,0,0,False,0
IMG003279.jpeg,0,data\raw\images\IMG003279.jpeg,,data\processed\masks\IMG003279.png,2720,2957,0,0,0,False,0
IMG003280.jpeg,0,data\raw\images\IMG003280.jpeg,,data\processed\masks\IMG003280.png,2245,3025,0,0,0,False,0
IMG003281.jpeg,0,data\raw\images\IMG003281.jpeg,,data\processed\masks\IMG003281.png,1847,3408,0,0,0,False,0
IMG003282.jpeg,0,data\raw\images\IMG003282.jpeg,,data\processed\masks\IMG003282.png,1226,1424,0,0,0,False,0
IMG003283.jpeg,0,data\raw\images\IMG003283.jpeg,,data\processed\masks\IMG003283.png,1732,1783,0,0,0,False,0
IMG003284.jpeg,0,data\raw\images\IMG003284.jpeg,,data\processed\masks\IMG003284.png,1810,1887,0,0,0,False,0
IMG003285.jpeg,0,data\raw\images\IMG003285.jpeg,,data\processed\masks\IMG003285.png,1619,2046,0,0,0,False,0
IMG003286.jpeg,0,data\raw\images\IMG003286.jpeg,,data\processed\masks\IMG003286.png,1735,1988,0,0,0,False,0
IMG003287.jpeg,0,data\raw\images\IMG003287.jpeg,,data\processed\masks\IMG003287.png,1838,2656,0,0,0,False,0
IMG003288.jpeg,0,data\raw\images\IMG003288.jpeg,,data\processed\masks\IMG003288.png,1626,1743,0,0,0,False,0
IMG003289.jpeg,0,data\raw\images\IMG003289.jpeg,,data\processed\masks\IMG003289.png,1456,1715,0,0,0,False,0
IMG003290.jpeg,0,data\raw\images\IMG003290.jpeg,,data\processed\masks\IMG003290.png,1079,1278,0,0,0,False,0
IMG003291.jpeg,0,data\raw\images\IMG003291.jpeg,,data\processed\masks\IMG003291.png,1642,1724,0,0,0,False,0
IMG003292.jpeg,0,data\raw\images\IMG003292.jpeg,,data\processed\masks\IMG003292.png,1642,1616,0,0,0,False,0
IMG003293.jpeg,0,data\raw\images\IMG003293.jpeg,,data\processed\masks\IMG003293.png,1854,3195,0,0,0,False,0
IMG003294.jpeg,0,data\raw\images\IMG003294.jpeg,,data\processed\masks\IMG003294.png,1381,3062,0,0,0,False,0
IMG003295.jpeg,0,data\raw\images\IMG003295.jpeg,,data\processed\masks\IMG003295.png,1320,1363,0,0,0,False,0
IMG003296.jpeg,0,data\raw\images\IMG003296.jpeg,,data\processed\masks\IMG003296.png,1302,1293,0,0,0,False,0
IMG003297.jpeg,0,data\raw\images\IMG003297.jpeg,,data\processed\masks\IMG003297.png,1518,1896,0,0,0,False,0
IMG003298.jpeg,0,data\raw\images\IMG003298.jpeg,,data\processed\masks\IMG003298.png,1784,2305,0,0,0,False,0
IMG003299.jpeg,0,data\raw\images\IMG003299.jpeg,,data\processed\masks\IMG003299.png,1722,2197,0,0,0,False,0
IMG003300.jpeg,0,data\raw\images\IMG003300.jpeg,,data\processed\masks\IMG003300.png,1344,2306,0,0,0,False,0
IMG003301.jpeg,0,data\raw\images\IMG003301.jpeg,,data\processed\masks\IMG003301.png,810,2260,0,0,0,False,0
IMG003302.jpeg,0,data\raw\images\IMG003302.jpeg,,data\processed\masks\IMG003302.png,1255,3228,0,0,0,False,0
IMG003303.jpeg,0,data\raw\images\IMG003303.jpeg,,data\processed\masks\IMG003303.png,1809,3104,0,0,0,False,0
IMG003304.jpeg,0,data\raw\images\IMG003304.jpeg,,data\processed\masks\IMG003304.png,2072,3096,0,0,0,False,0
IMG003305.jpeg,0,data\raw\images\IMG003305.jpeg,,data\processed\masks\IMG003305.png,2352,3000,0,0,0,False,0
IMG003306.jpeg,0,data\raw\images\IMG003306.jpeg,,data\processed\masks\IMG003306.png,2438,2869,0,0,0,False,0
IMG003307.jpeg,0,data\raw\images\IMG003307.jpeg,,data\processed\masks\IMG003307.png,3032,2520,0,0,0,False,0
IMG003308.jpeg,0,data\raw\images\IMG003308.jpeg,,data\processed\masks\IMG003308.png,1856,2473,0,0,0,False,0
IMG003309.jpeg,0,data\raw\images\IMG003309.jpeg,,data\processed\masks\IMG003309.png,2128,2483,0,0,0,False,0
IMG003310.jpeg,0,data\raw\images\IMG003310.jpeg,,data\processed\masks\IMG003310.png,1715,2449,0,0,0,False,0
IMG003311.jpeg,0,data\raw\images\IMG003311.jpeg,,data\processed\masks\IMG003311.png,704,1514,0,0,0,False,0
IMG003312.jpeg,0,data\raw\images\IMG003312.jpeg,,data\processed\masks\IMG003312.png,548,1724,0,0,0,False,0
IMG003313.jpeg,0,data\raw\images\IMG003313.jpeg,,data\processed\masks\IMG003313.png,635,1729,0,0,0,False,0
IMG003314.jpeg,0,data\raw\images\IMG003314.jpeg,,data\processed\masks\IMG003314.png,1443,2042,0,0,0,False,0
IMG003315.jpeg,0,data\raw\images\IMG003315.jpeg,,data\processed\masks\IMG003315.png,1103,1393,0,0,0,False,0
IMG003316.jpeg,0,data\raw\images\IMG003316.jpeg,,data\processed\masks\IMG003316.png,1672,1496,0,0,0,False,0
IMG003317.jpeg,0,data\raw\images\IMG003317.jpeg,,data\processed\masks\IMG003317.png,992,1255,0,0,0,False,0
IMG003318.jpeg,0,data\raw\images\IMG003318.jpeg,,data\processed\masks\IMG003318.png,1300,1278,0,0,0,False,0
IMG003319.jpeg,0,data\raw\images\IMG003319.jpeg,,data\processed\masks\IMG003319.png,2074,2555,0,0,0,False,0
IMG003320.jpeg,0,data\raw\images\IMG003320.jpeg,,data\processed\masks\IMG003320.png,2544,3056,0,0,0,False,0
IMG003321.jpeg,0,data\raw\images\IMG003321.jpeg,,data\processed\masks\IMG003321.png,2544,3056,0,0,0,False,0
IMG003322.jpeg,0,data\raw\images\IMG003322.jpeg,,data\processed\masks\IMG003322.png,2544,3056,0,0,0,False,0
IMG003323.jpeg,0,data\raw\images\IMG003323.jpeg,,data\processed\masks\IMG003323.png,2544,3056,0,0,0,False,0
IMG003324.jpeg,0,data\raw\images\IMG003324.jpeg,,data\processed\masks\IMG003324.png,1724,2800,0,0,0,False,0
IMG003325.jpeg,0,data\raw\images\IMG003325.jpeg,,data\processed\masks\IMG003325.png,2178,2421,0,0,0,False,0
IMG003326.jpeg,0,data\raw\images\IMG003326.jpeg,,data\processed\masks\IMG003326.png,581,1729,0,0,0,False,0
IMG003327.jpeg,0,data\raw\images\IMG003327.jpeg,,data\processed\masks\IMG003327.png,1088,760,0,0,0,False,0
IMG003328.jpeg,0,data\raw\images\IMG003328.jpeg,,data\processed\masks\IMG003328.png,2504,2680,0,0,0,False,0
IMG003329.jpeg,0,data\raw\images\IMG003329.jpeg,,data\processed\masks\IMG003329.png,2512,2696,0,0,0,False,0
IMG003330.jpeg,0,data\raw\images\IMG003330.jpeg,,data\processed\masks\IMG003330.png,1893,3032,0,0,0,False,0
IMG003331.jpeg,0,data\raw\images\IMG003331.jpeg,,data\processed\masks\IMG003331.png,2504,3032,0,0,0,False,0
IMG003332.jpeg,0,data\raw\images\IMG003332.jpeg,,data\processed\masks\IMG003332.png,2520,3032,0,0,0,False,0
IMG003333.jpeg,0,data\raw\images\IMG003333.jpeg,,data\processed\masks\IMG003333.png,1784,2318,0,0,0,False,0
IMG003334.jpeg,0,data\raw\images\IMG003334.jpeg,,data\processed\masks\IMG003334.png,1808,2616,0,0,0,False,0
IMG003335.jpeg,0,data\raw\images\IMG003335.jpeg,,data\processed\masks\IMG003335.png,2944,2304,0,0,0,False,0
IMG003336.jpeg,0,data\raw\images\IMG003336.jpeg,,data\processed\masks\IMG003336.png,2816,2305,0,0,0,False,0
IMG003337.jpeg,0,data\raw\images\IMG003337.jpeg,,data\processed\masks\IMG003337.png,3008,2274,0,0,0,False,0
IMG003338.jpeg,0,data\raw\images\IMG003338.jpeg,,data\processed\masks\IMG003338.png,3032,2092,0,0,0,False,0
IMG003339.jpeg,0,data\raw\images\IMG003339.jpeg,,data\processed\masks\IMG003339.png,2174,2617,0,0,0,False,0
IMG003340.jpeg,0,data\raw\images\IMG003340.jpeg,,data\processed\masks\IMG003340.png,2008,2800,0,0,0,False,0
IMG003341.jpeg,0,data\raw\images\IMG003341.jpeg,,data\processed\masks\IMG003341.png,2408,2800,0,0,0,False,0
IMG003342.jpeg,0,data\raw\images\IMG003342.jpeg,,data\processed\masks\IMG003342.png,1250,1424,0,0,0,False,0
IMG003343.jpeg,0,data\raw\images\IMG003343.jpeg,,data\processed\masks\IMG003343.png,2296,1671,0,0,0,False,0
IMG003344.jpeg,0,data\raw\images\IMG003344.jpeg,,data\processed\masks\IMG003344.png,1250,1596,0,0,0,False,0
IMG003345.jpeg,0,data\raw\images\IMG003345.jpeg,,data\processed\masks\IMG003345.png,1250,2251,0,0,0,False,0
IMG003346.jpeg,0,data\raw\images\IMG003346.jpeg,,data\processed\masks\IMG003346.png,1387,2374,0,0,0,False,0
IMG003347.jpeg,0,data\raw\images\IMG003347.jpeg,,data\processed\masks\IMG003347.png,2860,2064,0,0,0,False,0
IMG003348.jpeg,0,data\raw\images\IMG003348.jpeg,,data\processed\masks\IMG003348.png,1998,2301,0,0,0,False,0
IMG003349.jpeg,0,data\raw\images\IMG003349.jpeg,,data\processed\masks\IMG003349.png,1572,2042,0,0,0,False,0
IMG003350.jpeg,0,data\raw\images\IMG003350.jpeg,,data\processed\masks\IMG003350.png,1454,1837,0,0,0,False,0
IMG003351.jpeg,0,data\raw\images\IMG003351.jpeg,,data\processed\masks\IMG003351.png,2240,2052,0,0,0,False,0
IMG003352.jpeg,0,data\raw\images\IMG003352.jpeg,,data\processed\masks\IMG003352.png,3236,2267,0,0,0,False,0
IMG003353.jpeg,0,data\raw\images\IMG003353.jpeg,,data\processed\masks\IMG003353.png,1817,1832,0,0,0,False,0
IMG003354.jpeg,0,data\raw\images\IMG003354.jpeg,,data\processed\masks\IMG003354.png,1826,2219,0,0,0,False,0
IMG003355.jpeg,0,data\raw\images\IMG003355.jpeg,,data\processed\masks\IMG003355.png,2404,1588,0,0,0,False,0
IMG003356.jpeg,0,data\raw\images\IMG003356.jpeg,,data\processed\masks\IMG003356.png,2364,1548,0,0,0,False,0
IMG003357.jpeg,0,data\raw\images\IMG003357.jpeg,,data\processed\masks\IMG003357.png,2856,2301,0,0,0,False,0
IMG003358.jpeg,0,data\raw\images\IMG003358.jpeg,,data\processed\masks\IMG003358.png,2944,2308,0,0,0,False,0
IMG003359.jpeg,0,data\raw\images\IMG003359.jpeg,,data\processed\masks\IMG003359.png,1546,2331,0,0,0,False,0
IMG003360.jpeg,0,data\raw\images\IMG003360.jpeg,,data\processed\masks\IMG003360.png,1453,2342,0,0,0,False,0
IMG003361.jpeg,0,data\raw\images\IMG003361.jpeg,,data\processed\masks\IMG003361.png,1935,2534,0,0,0,False,0
IMG003362.jpeg,0,data\raw\images\IMG003362.jpeg,,data\processed\masks\IMG003362.png,1901,2558,0,0,0,False,0
IMG003363.jpeg,0,data\raw\images\IMG003363.jpeg,,data\processed\masks\IMG003363.png,1756,2803,0,0,0,False,0
IMG003364.jpeg,0,data\raw\images\IMG003364.jpeg,,data\processed\masks\IMG003364.png,1919,2330,0,0,0,False,0
IMG003365.jpeg,0,data\raw\images\IMG003365.jpeg,,data\processed\masks\IMG003365.png,1885,2463,0,0,0,False,0
IMG003366.jpeg,0,data\raw\images\IMG003366.jpeg,,data\processed\masks\IMG003366.png,2338,1811,0,0,0,False,0
IMG003367.jpeg,0,data\raw\images\IMG003367.jpeg,,data\processed\masks\IMG003367.png,2184,3396,0,0,0,False,0
IMG003368.jpeg,0,data\raw\images\IMG003368.jpeg,,data\processed\masks\IMG003368.png,2176,2724,0,0,0,False,0
IMG003369.jpeg,0,data\raw\images\IMG003369.jpeg,,data\processed\masks\IMG003369.png,1656,2304,0,0,0,False,0
IMG003370.jpeg,0,data\raw\images\IMG003370.jpeg,,data\processed\masks\IMG003370.png,1761,2508,0,0,0,False,0
IMG003371.jpeg,0,data\raw\images\IMG003371.jpeg,,data\processed\masks\IMG003371.png,2920,1805,0,0,0,False,0
IMG003372.jpeg,0,data\raw\images\IMG003372.jpeg,,data\processed\masks\IMG003372.png,2036,2941,0,0,0,False,0
IMG003373.jpeg,0,data\raw\images\IMG003373.jpeg,,data\processed\masks\IMG003373.png,2036,2941,0,0,0,False,0
IMG003374.jpeg,0,data\raw\images\IMG003374.jpeg,,data\processed\masks\IMG003374.png,1808,1832,0,0,0,False,0
IMG003375.jpeg,0,data\raw\images\IMG003375.jpeg,,data\processed\masks\IMG003375.png,1496,1743,0,0,0,False,0
IMG003376.jpeg,0,data\raw\images\IMG003376.jpeg,,data\processed\masks\IMG003376.png,1316,1641,0,0,0,False,0
IMG003377.jpeg,0,data\raw\images\IMG003377.jpeg,,data\processed\masks\IMG003377.png,1716,2589,0,0,0,False,0
IMG003378.jpeg,0,data\raw\images\IMG003378.jpeg,,data\processed\masks\IMG003378.png,1561,2580,0,0,0,False,0
IMG003379.jpeg,0,data\raw\images\IMG003379.jpeg,,data\processed\masks\IMG003379.png,2368,3032,0,0,0,False,0
IMG003380.jpeg,0,data\raw\images\IMG003380.jpeg,,data\processed\masks\IMG003380.png,2148,2428,0,0,0,False,0
IMG003381.jpeg,0,data\raw\images\IMG003381.jpeg,,data\processed\masks\IMG003381.png,2488,2552,0,0,0,False,0
IMG003382.jpeg,0,data\raw\images\IMG003382.jpeg,,data\processed\masks\IMG003382.png,1250,1404,0,0,0,False,0
IMG003383.jpeg,0,data\raw\images\IMG003383.jpeg,,data\processed\masks\IMG003383.png,1250,1916,0,0,0,False,0
IMG003384.jpeg,0,data\raw\images\IMG003384.jpeg,,data\processed\masks\IMG003384.png,1468,1887,0,0,0,False,0
IMG003385.jpeg,0,data\raw\images\IMG003385.jpeg,,data\processed\masks\IMG003385.png,1250,1690,0,0,0,False,0
IMG003386.jpeg,0,data\raw\images\IMG003386.jpeg,,data\processed\masks\IMG003386.png,1250,1571,0,0,0,False,0
IMG003387.jpeg,0,data\raw\images\IMG003387.jpeg,,data\processed\masks\IMG003387.png,1468,1887,0,0,0,False,0
IMG003388.jpeg,0,data\raw\images\IMG003388.jpeg,,data\processed\masks\IMG003388.png,1608,2305,0,0,0,False,0
IMG003389.jpeg,0,data\raw\images\IMG003389.jpeg,,data\processed\masks\IMG003389.png,1608,2305,0,0,0,False,0
IMG003390.jpeg,0,data\raw\images\IMG003390.jpeg,,data\processed\masks\IMG003390.png,2968,2043,0,0,0,False,0
IMG003391.jpeg,0,data\raw\images\IMG003391.jpeg,,data\processed\masks\IMG003391.png,2320,2252,0,0,0,False,0
IMG003392.jpeg,0,data\raw\images\IMG003392.jpeg,,data\processed\masks\IMG003392.png,2064,2048,0,0,0,False,0
IMG003393.jpeg,0,data\raw\images\IMG003393.jpeg,,data\processed\masks\IMG003393.png,1541,2198,0,0,0,False,0
IMG003394.jpeg,0,data\raw\images\IMG003394.jpeg,,data\processed\masks\IMG003394.png,1790,2075,0,0,0,False,0
IMG003395.jpeg,0,data\raw\images\IMG003395.jpeg,,data\processed\masks\IMG003395.png,1957,2521,0,0,0,False,0
IMG003396.jpeg,0,data\raw\images\IMG003396.jpeg,,data\processed\masks\IMG003396.png,2104,2536,0,0,0,False,0
IMG003397.jpeg,0,data\raw\images\IMG003397.jpeg,,data\processed\masks\IMG003397.png,2247,3032,0,0,0,False,0
IMG003398.jpeg,0,data\raw\images\IMG003398.jpeg,,data\processed\masks\IMG003398.png,1105,1864,0,0,0,False,0
IMG003399.jpeg,0,data\raw\images\IMG003399.jpeg,,data\processed\masks\IMG003399.png,2026,2027,0,0,0,False,0
IMG003400.jpeg,0,data\raw\images\IMG003400.jpeg,,data\processed\masks\IMG003400.png,2026,2027,0,0,0,False,0
IMG003401.jpeg,0,data\raw\images\IMG003401.jpeg,,data\processed\masks\IMG003401.png,2630,2314,0,0,0,False,0
IMG003402.jpeg,0,data\raw\images\IMG003402.jpeg,,data\processed\masks\IMG003402.png,2024,2188,0,0,0,False,0
IMG003403.jpeg,0,data\raw\images\IMG003403.jpeg,,data\processed\masks\IMG003403.png,2300,1870,0,0,0,False,0
IMG003404.jpeg,0,data\raw\images\IMG003404.jpeg,,data\processed\masks\IMG003404.png,1332,2943,0,0,0,False,0
IMG003405.jpeg,0,data\raw\images\IMG003405.jpeg,,data\processed\masks\IMG003405.png,1332,2943,0,0,0,False,0
IMG003406.jpeg,0,data\raw\images\IMG003406.jpeg,,data\processed\masks\IMG003406.png,1608,2855,0,0,0,False,0
IMG003407.jpeg,0,data\raw\images\IMG003407.jpeg,,data\processed\masks\IMG003407.png,1608,2301,0,0,0,False,0
IMG003408.jpeg,0,data\raw\images\IMG003408.jpeg,,data\processed\masks\IMG003408.png,1608,2855,0,0,0,False,0
IMG003409.jpeg,0,data\raw\images\IMG003409.jpeg,,data\processed\masks\IMG003409.png,2306,2943,0,0,0,False,0
IMG003410.jpeg,0,data\raw\images\IMG003410.jpeg,,data\processed\masks\IMG003410.png,1470,1885,0,0,0,False,0
IMG003411.jpeg,0,data\raw\images\IMG003411.jpeg,,data\processed\masks\IMG003411.png,1608,2855,0,0,0,False,0
IMG003412.jpeg,0,data\raw\images\IMG003412.jpeg,,data\processed\masks\IMG003412.png,1608,2301,0,0,0,False,0
IMG003413.jpeg,0,data\raw\images\IMG003413.jpeg,,data\processed\masks\IMG003413.png,1352,1993,0,0,0,False,0
IMG003414.jpeg,0,data\raw\images\IMG003414.jpeg,,data\processed\masks\IMG003414.png,2032,1887,0,0,0,False,0
IMG003415.jpeg,0,data\raw\images\IMG003415.jpeg,,data\processed\masks\IMG003415.png,1586,1887,0,0,0,False,0
IMG003416.jpeg,0,data\raw\images\IMG003416.jpeg,,data\processed\masks\IMG003416.png,1586,1887,0,0,0,False,0
IMG003417.jpeg,0,data\raw\images\IMG003417.jpeg,,data\processed\masks\IMG003417.png,2860,2303,0,0,0,False,0
IMG003418.jpeg,0,data\raw\images\IMG003418.jpeg,,data\processed\masks\IMG003418.png,3032,2339,0,0,0,False,0
IMG003419.jpeg,0,data\raw\images\IMG003419.jpeg,,data\processed\masks\IMG003419.png,1852,2944,0,0,0,False,0
IMG003420.jpeg,0,data\raw\images\IMG003420.jpeg,,data\processed\masks\IMG003420.png,2039,3032,0,0,0,False,0
IMG003421.jpeg,0,data\raw\images\IMG003421.jpeg,,data\processed\masks\IMG003421.png,1834,3032,0,0,0,False,0
IMG003422.jpeg,0,data\raw\images\IMG003422.jpeg,,data\processed\masks\IMG003422.png,2520,3032,0,0,0,False,0
IMG003423.jpeg,0,data\raw\images\IMG003423.jpeg,,data\processed\masks\IMG003423.png,2012,3032,0,0,0,False,0
IMG003424.jpeg,0,data\raw\images\IMG003424.jpeg,,data\processed\masks\IMG003424.png,2850,1817,0,0,0,False,0
IMG003425.jpeg,0,data\raw\images\IMG003425.jpeg,,data\processed\masks\IMG003425.png,1748,2305,0,0,0,False,0
IMG003426.jpeg,0,data\raw\images\IMG003426.jpeg,,data\processed\masks\IMG003426.png,2544,3056,0,0,0,False,0
IMG003427.jpeg,0,data\raw\images\IMG003427.jpeg,,data\processed\masks\IMG003427.png,2544,3056,0,0,0,False,0
IMG003428.jpeg,0,data\raw\images\IMG003428.jpeg,,data\processed\masks\IMG003428.png,2429,2670,0,0,0,False,0
IMG003429.jpeg,0,data\raw\images\IMG003429.jpeg,,data\processed\masks\IMG003429.png,1414,1876,0,0,0,False,0
IMG003430.jpeg,0,data\raw\images\IMG003430.jpeg,,data\processed\masks\IMG003430.png,1387,1852,0,0,0,False,0
IMG003431.jpeg,0,data\raw\images\IMG003431.jpeg,,data\processed\masks\IMG003431.png,1536,2171,0,0,0,False,0
IMG003432.jpeg,0,data\raw\images\IMG003432.jpeg,,data\processed\masks\IMG003432.png,1536,2171,0,0,0,False,0
IMG003433.jpeg,0,data\raw\images\IMG003433.jpeg,,data\processed\masks\IMG003433.png,2942,2303,0,0,0,False,0
IMG003434.jpeg,0,data\raw\images\IMG003434.jpeg,,data\processed\masks\IMG003434.png,1608,2303,0,0,0,False,0
IMG003435.jpeg,0,data\raw\images\IMG003435.jpeg,,data\processed\masks\IMG003435.png,2559,2292,0,0,0,False,0
IMG003436.jpeg,0,data\raw\images\IMG003436.jpeg,,data\processed\masks\IMG003436.png,1264,2941,0,0,0,False,0
IMG003437.jpeg,0,data\raw\images\IMG003437.jpeg,,data\processed\masks\IMG003437.png,1264,2941,0,0,0,False,0
IMG003438.jpeg,0,data\raw\images\IMG003438.jpeg,,data\processed\masks\IMG003438.png,1824,2252,0,0,0,False,0
IMG003439.jpeg,0,data\raw\images\IMG003439.jpeg,,data\processed\masks\IMG003439.png,2000,2364,0,0,0,False,0
IMG003440.jpeg,0,data\raw\images\IMG003440.jpeg,,data\processed\masks\IMG003440.png,1968,2360,0,0,0,False,0
IMG003441.jpeg,0,data\raw\images\IMG003441.jpeg,,data\processed\masks\IMG003441.png,1680,2348,0,0,0,False,0
IMG003442.jpeg,0,data\raw\images\IMG003442.jpeg,,data\processed\masks\IMG003442.png,1608,2303,0,0,0,False,0
IMG003443.jpeg,0,data\raw\images\IMG003443.jpeg,,data\processed\masks\IMG003443.png,1470,1887,0,0,0,False,0
IMG003444.jpeg,0,data\raw\images\IMG003444.jpeg,,data\processed\masks\IMG003444.png,1470,1887,0,0,0,False,0
IMG003445.jpeg,0,data\raw\images\IMG003445.jpeg,,data\processed\masks\IMG003445.png,1622,2102,0,0,0,False,0
IMG003446.jpeg,0,data\raw\images\IMG003446.jpeg,,data\processed\masks\IMG003446.png,1470,1887,0,0,0,False,0
IMG003447.jpeg,0,data\raw\images\IMG003447.jpeg,,data\processed\masks\IMG003447.png,1357,1952,0,0,0,False,0
IMG003448.jpeg,0,data\raw\images\IMG003448.jpeg,,data\processed\masks\IMG003448.png,1659,1707,0,0,0,False,0
IMG003449.jpeg,0,data\raw\images\IMG003449.jpeg,,data\processed\masks\IMG003449.png,521,1276,0,0,0,False,0
IMG003450.jpeg,0,data\raw\images\IMG003450.jpeg,,data\processed\masks\IMG003450.png,590,1541,0,0,0,False,0
IMG003451.jpeg,0,data\raw\images\IMG003451.jpeg,,data\processed\masks\IMG003451.png,2009,2792,0,0,0,False,0
IMG003452.jpeg,0,data\raw\images\IMG003452.jpeg,,data\processed\masks\IMG003452.png,2183,3032,0,0,0,False,0
IMG003453.jpeg,0,data\raw\images\IMG003453.jpeg,,data\processed\masks\IMG003453.png,1252,1504,0,0,0,False,0
IMG003454.jpeg,0,data\raw\images\IMG003454.jpeg,,data\processed\masks\IMG003454.png,1250,1450,0,0,0,False,0
IMG003455.jpeg,0,data\raw\images\IMG003455.jpeg,,data\processed\masks\IMG003455.png,1768,3408,0,0,0,False,0
IMG003456.jpeg,0,data\raw\images\IMG003456.jpeg,,data\processed\masks\IMG003456.png,1823,3408,0,0,0,False,0
IMG003457.jpeg,0,data\raw\images\IMG003457.jpeg,,data\processed\masks\IMG003457.png,1894,3408,0,0,0,False,0
IMG003458.jpeg,0,data\raw\images\IMG003458.jpeg,,data\processed\masks\IMG003458.png,1721,3408,0,0,0,False,0
IMG003459.jpeg,0,data\raw\images\IMG003459.jpeg,,data\processed\masks\IMG003459.png,1251,2353,0,0,0,False,0
IMG003460.jpeg,0,data\raw\images\IMG003460.jpeg,,data\processed\masks\IMG003460.png,2183,2052,0,0,0,False,0
IMG003461.jpeg,0,data\raw\images\IMG003461.jpeg,,data\processed\masks\IMG003461.png,405,433,0,0,0,False,0
IMG003462.jpeg,0,data\raw\images\IMG003462.jpeg,,data\processed\masks\IMG003462.png,994,877,0,0,0,False,0
IMG003463.jpeg,0,data\raw\images\IMG003463.jpeg,,data\processed\masks\IMG003463.png,790,843,0,0,0,False,0
IMG003464.jpeg,0,data\raw\images\IMG003464.jpeg,,data\processed\masks\IMG003464.png,843,812,0,0,0,False,0
IMG003465.jpeg,0,data\raw\images\IMG003465.jpeg,,data\processed\masks\IMG003465.png,1504,1844,0,0,0,False,0
IMG003466.jpeg,0,data\raw\images\IMG003466.jpeg,,data\processed\masks\IMG003466.png,1504,1844,0,0,0,False,0
IMG003467.jpeg,0,data\raw\images\IMG003467.jpeg,,data\processed\masks\IMG003467.png,2569,1753,0,0,0,False,0
IMG003468.jpeg,0,data\raw\images\IMG003468.jpeg,,data\processed\masks\IMG003468.png,1385,2689,0,0,0,False,0
IMG003469.jpeg,0,data\raw\images\IMG003469.jpeg,,data\processed\masks\IMG003469.png,710,761,0,0,0,False,0
IMG003470.jpeg,0,data\raw\images\IMG003470.jpeg,,data\processed\masks\IMG003470.png,577,775,0,0,0,False,0
IMG003471.jpeg,0,data\raw\images\IMG003471.jpeg,,data\processed\masks\IMG003471.png,335,486,0,0,0,False,0
IMG003472.jpeg,0,data\raw\images\IMG003472.jpeg,,data\processed\masks\IMG003472.png,1069,2213,0,0,0,False,0
IMG003473.jpeg,0,data\raw\images\IMG003473.jpeg,,data\processed\masks\IMG003473.png,1593,2134,0,0,0,False,0
IMG003474.jpeg,0,data\raw\images\IMG003474.jpeg,,data\processed\masks\IMG003474.png,2346,2531,0,0,0,False,0
IMG003475.jpeg,0,data\raw\images\IMG003475.jpeg,,data\processed\masks\IMG003475.png,1492,2049,0,0,0,False,0
IMG003476.jpeg,0,data\raw\images\IMG003476.jpeg,,data\processed\masks\IMG003476.png,2232,2464,0,0,0,False,0
IMG003477.jpeg,0,data\raw\images\IMG003477.jpeg,,data\processed\masks\IMG003477.png,1636,2106,0,0,0,False,0
IMG003478.jpeg,0,data\raw\images\IMG003478.jpeg,,data\processed\masks\IMG003478.png,779,445,0,0,0,False,0
IMG003479.jpeg,0,data\raw\images\IMG003479.jpeg,,data\processed\masks\IMG003479.png,2040,2570,0,0,0,False,0
IMG003480.jpeg,0,data\raw\images\IMG003480.jpeg,,data\processed\masks\IMG003480.png,1435,1572,0,0,0,False,0
IMG003481.jpeg,0,data\raw\images\IMG003481.jpeg,,data\processed\masks\IMG003481.png,1344,1219,0,0,0,False,0
IMG003482.jpeg,0,data\raw\images\IMG003482.jpeg,,data\processed\masks\IMG003482.png,1309,1902,0,0,0,False,0
IMG003483.jpeg,0,data\raw\images\IMG003483.jpeg,,data\processed\masks\IMG003483.png,1656,1762,0,0,0,False,0
IMG003484.jpeg,0,data\raw\images\IMG003484.jpeg,,data\processed\masks\IMG003484.png,1366,3269,0,0,0,False,0
IMG003485.jpeg,0,data\raw\images\IMG003485.jpeg,,data\processed\masks\IMG003485.png,2500,2048,0,0,0,False,0
IMG003486.jpeg,0,data\raw\images\IMG003486.jpeg,,data\processed\masks\IMG003486.png,1462,1242,0,0,0,False,0
IMG003487.jpeg,0,data\raw\images\IMG003487.jpeg,,data\processed\masks\IMG003487.png,1453,1398,0,0,0,False,0
IMG003488.jpeg,0,data\raw\images\IMG003488.jpeg,,data\processed\masks\IMG003488.png,2369,1929,0,0,0,False,0
IMG003489.jpeg,0,data\raw\images\IMG003489.jpeg,,data\processed\masks\IMG003489.png,2021,1452,0,0,0,False,0
IMG003490.jpeg,0,data\raw\images\IMG003490.jpeg,,data\processed\masks\IMG003490.png,1243,1633,0,0,0,False,0
IMG003491.jpeg,0,data\raw\images\IMG003491.jpeg,,data\processed\masks\IMG003491.png,1110,1704,0,0,0,False,0
IMG003492.jpeg,0,data\raw\images\IMG003492.jpeg,,data\processed\masks\IMG003492.png,1227,1625,0,0,0,False,0
IMG003493.jpeg,0,data\raw\images\IMG003493.jpeg,,data\processed\masks\IMG003493.png,1644,1118,0,0,0,False,0
IMG003494.jpeg,0,data\raw\images\IMG003494.jpeg,,data\processed\masks\IMG003494.png,1294,1802,0,0,0,False,0
IMG003495.jpeg,0,data\raw\images\IMG003495.jpeg,,data\processed\masks\IMG003495.png,1187,1627,0,0,0,False,0
IMG003496.jpeg,0,data\raw\images\IMG003496.jpeg,,data\processed\masks\IMG003496.png,1409,1810,0,0,0,False,0
IMG003497.jpeg,0,data\raw\images\IMG003497.jpeg,,data\processed\masks\IMG003497.png,1445,2583,0,0,0,False,0
IMG003498.jpeg,0,data\raw\images\IMG003498.jpeg,,data\processed\masks\IMG003498.png,1782,2461,0,0,0,False,0
IMG003499.jpeg,0,data\raw\images\IMG003499.jpeg,,data\processed\masks\IMG003499.png,521,1017,0,0,0,False,0
IMG003500.jpeg,0,data\raw\images\IMG003500.jpeg,,data\processed\masks\IMG003500.png,748,1426,0,0,0,False,0
IMG003501.jpeg,0,data\raw\images\IMG003501.jpeg,,data\processed\masks\IMG003501.png,2149,951,0,0,0,False,0
IMG003502.jpeg,0,data\raw\images\IMG003502.jpeg,,data\processed\masks\IMG003502.png,725,1443,0,0,0,False,0
IMG003503.jpeg,0,data\raw\images\IMG003503.jpeg,,data\processed\masks\IMG003503.png,1365,1365,0,0,0,False,0
IMG003504.jpeg,0,data\raw\images\IMG003504.jpeg,,data\processed\masks\IMG003504.png,1365,1365,0,0,0,False,0
IMG003505.jpeg,0,data\raw\images\IMG003505.jpeg,,data\processed\masks\IMG003505.png,1365,1365,0,0,0,False,0
IMG003506.jpeg,0,data\raw\images\IMG003506.jpeg,,data\processed\masks\IMG003506.png,2526,2044,0,0,0,False,0
IMG003507.jpeg,0,data\raw\images\IMG003507.jpeg,,data\processed\masks\IMG003507.png,1876,1146,0,0,0,False,0
IMG003508.jpeg,0,data\raw\images\IMG003508.jpeg,,data\processed\masks\IMG003508.png,1385,1546,0,0,0,False,0
IMG003509.jpeg,0,data\raw\images\IMG003509.jpeg,,data\processed\masks\IMG003509.png,1011,1284,0,0,0,False,0
IMG003510.jpeg,0,data\raw\images\IMG003510.jpeg,,data\processed\masks\IMG003510.png,1401,1541,0,0,0,False,0
IMG003511.jpeg,0,data\raw\images\IMG003511.jpeg,,data\processed\masks\IMG003511.png,2064,1615,0,0,0,False,0
IMG003512.jpeg,0,data\raw\images\IMG003512.jpeg,,data\processed\masks\IMG003512.png,1260,1812,0,0,0,False,0
IMG003513.jpeg,0,data\raw\images\IMG003513.jpeg,,data\processed\masks\IMG003513.png,1592,1912,0,0,0,False,0
IMG003514.jpeg,0,data\raw\images\IMG003514.jpeg,,data\processed\masks\IMG003514.png,1570,1927,0,0,0,False,0
IMG003515.jpeg,0,data\raw\images\IMG003515.jpeg,,data\processed\masks\IMG003515.png,1567,1656,0,0,0,False,0
IMG003516.jpeg,0,data\raw\images\IMG003516.jpeg,,data\processed\masks\IMG003516.png,637,1034,0,0,0,False,0
IMG003517.jpeg,0,data\raw\images\IMG003517.jpeg,,data\processed\masks\IMG003517.png,640,876,0,0,0,False,0
IMG003518.jpeg,0,data\raw\images\IMG003518.jpeg,,data\processed\masks\IMG003518.png,1641,1643,0,0,0,False,0
IMG003519.jpeg,0,data\raw\images\IMG003519.jpeg,,data\processed\masks\IMG003519.png,1607,1609,0,0,0,False,0
IMG003520.jpeg,0,data\raw\images\IMG003520.jpeg,,data\processed\masks\IMG003520.png,562,769,0,0,0,False,0
IMG003521.jpeg,0,data\raw\images\IMG003521.jpeg,,data\processed\masks\IMG003521.png,472,818,0,0,0,False,0
IMG003522.jpeg,0,data\raw\images\IMG003522.jpeg,,data\processed\masks\IMG003522.png,1675,1105,0,0,0,False,0
IMG003523.jpeg,0,data\raw\images\IMG003523.jpeg,,data\processed\masks\IMG003523.png,1217,2073,0,0,0,False,0
IMG003524.jpeg,0,data\raw\images\IMG003524.jpeg,,data\processed\masks\IMG003524.png,878,351,0,0,0,False,0
IMG003525.jpeg,0,data\raw\images\IMG003525.jpeg,,data\processed\masks\IMG003525.png,2010,2869,0,0,0,False,0
IMG003526.jpeg,0,data\raw\images\IMG003526.jpeg,,data\processed\masks\IMG003526.png,1230,2825,0,0,0,False,0
IMG003527.jpeg,0,data\raw\images\IMG003527.jpeg,,data\processed\masks\IMG003527.png,655,806,0,0,0,False,0
IMG003528.jpeg,0,data\raw\images\IMG003528.jpeg,,data\processed\masks\IMG003528.png,661,806,0,0,0,False,0
IMG003529.jpeg,0,data\raw\images\IMG003529.jpeg,,data\processed\masks\IMG003529.png,1940,1544,0,0,0,False,0
IMG003530.jpeg,0,data\raw\images\IMG003530.jpeg,,data\processed\masks\IMG003530.png,1419,1779,0,0,0,False,0
IMG003531.jpeg,0,data\raw\images\IMG003531.jpeg,,data\processed\masks\IMG003531.png,1681,1325,0,0,0,False,0
IMG003532.jpeg,0,data\raw\images\IMG003532.jpeg,,data\processed\masks\IMG003532.png,1213,1549,0,0,0,False,0
IMG003533.jpeg,0,data\raw\images\IMG003533.jpeg,,data\processed\masks\IMG003533.png,3006,2601,0,0,0,False,0
IMG003534.jpeg,0,data\raw\images\IMG003534.jpeg,,data\processed\masks\IMG003534.png,2670,2725,0,0,0,False,0
IMG003535.jpeg,0,data\raw\images\IMG003535.jpeg,,data\processed\masks\IMG003535.png,2926,2991,0,0,0,False,0
IMG003536.jpeg,0,data\raw\images\IMG003536.jpeg,,data\processed\masks\IMG003536.png,2898,2295,0,0,0,False,0
IMG003537.jpeg,0,data\raw\images\IMG003537.jpeg,,data\processed\masks\IMG003537.png,1039,1829,0,0,0,False,0
IMG003538.jpeg,0,data\raw\images\IMG003538.jpeg,,data\processed\masks\IMG003538.png,1766,1641,0,0,0,False,0
IMG003539.jpeg,0,data\raw\images\IMG003539.jpeg,,data\processed\masks\IMG003539.png,751,1379,0,0,0,False,0
IMG003540.jpeg,0,data\raw\images\IMG003540.jpeg,,data\processed\masks\IMG003540.png,651,1258,0,0,0,False,0
IMG003541.jpeg,0,data\raw\images\IMG003541.jpeg,,data\processed\masks\IMG003541.png,916,1352,0,0,0,False,0
IMG003542.jpeg,0,data\raw\images\IMG003542.jpeg,,data\processed\masks\IMG003542.png,734,1178,0,0,0,False,0
IMG003543.jpeg,0,data\raw\images\IMG003543.jpeg,,data\processed\masks\IMG003543.png,734,1364,0,0,0,False,0
IMG003544.jpeg,0,data\raw\images\IMG003544.jpeg,,data\processed\masks\IMG003544.png,416,799,0,0,0,False,0
IMG003545.jpeg,0,data\raw\images\IMG003545.jpeg,,data\processed\masks\IMG003545.png,567,767,0,0,0,False,0
IMG003546.jpeg,0,data\raw\images\IMG003546.jpeg,,data\processed\masks\IMG003546.png,381,830,0,0,0,False,0
IMG003547.jpeg,0,data\raw\images\IMG003547.jpeg,,data\processed\masks\IMG003547.png,824,2758,0,0,0,False,0
IMG003548.jpeg,0,data\raw\images\IMG003548.jpeg,,data\processed\masks\IMG003548.png,822,2661,0,0,0,False,0
IMG003549.jpeg,0,data\raw\images\IMG003549.jpeg,,data\processed\masks\IMG003549.png,1328,1518,0,0,0,False,0
IMG003550.jpeg,0,data\raw\images\IMG003550.jpeg,,data\processed\masks\IMG003550.png,658,811,0,0,0,False,0
IMG003551.jpeg,0,data\raw\images\IMG003551.jpeg,,data\processed\masks\IMG003551.png,585,811,0,0,0,False,0
IMG003552.jpeg,0,data\raw\images\IMG003552.jpeg,,data\processed\masks\IMG003552.png,386,945,0,0,0,False,0
IMG003553.jpeg,0,data\raw\images\IMG003553.jpeg,,data\processed\masks\IMG003553.png,816,1516,0,0,0,False,0
IMG003554.jpeg,0,data\raw\images\IMG003554.jpeg,,data\processed\masks\IMG003554.png,792,1206,0,0,0,False,0
IMG003555.jpeg,0,data\raw\images\IMG003555.jpeg,,data\processed\masks\IMG003555.png,1789,1652,0,0,0,False,0
IMG003556.jpeg,0,data\raw\images\IMG003556.jpeg,,data\processed\masks\IMG003556.png,911,794,0,0,0,False,0
IMG003557.jpeg,0,data\raw\images\IMG003557.jpeg,,data\processed\masks\IMG003557.png,874,2050,0,0,0,False,0
IMG003558.jpeg,0,data\raw\images\IMG003558.jpeg,,data\processed\masks\IMG003558.png,757,1577,0,0,0,False,0
IMG003559.jpeg,0,data\raw\images\IMG003559.jpeg,,data\processed\masks\IMG003559.png,854,1798,0,0,0,False,0
IMG003560.jpeg,0,data\raw\images\IMG003560.jpeg,,data\processed\masks\IMG003560.png,386,788,0,0,0,False,0
IMG003561.jpeg,0,data\raw\images\IMG003561.jpeg,,data\processed\masks\IMG003561.png,811,785,0,0,0,False,0
IMG003562.jpeg,0,data\raw\images\IMG003562.jpeg,,data\processed\masks\IMG003562.png,2012,2012,0,0,0,False,0
IMG003563.jpeg,0,data\raw\images\IMG003563.jpeg,,data\processed\masks\IMG003563.png,1519,1414,0,0,0,False,0
IMG003564.jpeg,0,data\raw\images\IMG003564.jpeg,,data\processed\masks\IMG003564.png,1478,1373,0,0,0,False,0
IMG003565.jpeg,0,data\raw\images\IMG003565.jpeg,,data\processed\masks\IMG003565.png,1038,1692,0,0,0,False,0
IMG003566.jpeg,0,data\raw\images\IMG003566.jpeg,,data\processed\masks\IMG003566.png,1626,1375,0,0,0,False,0
IMG003567.jpeg,0,data\raw\images\IMG003567.jpeg,,data\processed\masks\IMG003567.png,409,645,0,0,0,False,0
IMG003568.jpeg,0,data\raw\images\IMG003568.jpeg,,data\processed\masks\IMG003568.png,448,647,0,0,0,False,0
IMG003569.jpeg,0,data\raw\images\IMG003569.jpeg,,data\processed\masks\IMG003569.png,672,1498,0,0,0,False,0
IMG003570.jpeg,0,data\raw\images\IMG003570.jpeg,,data\processed\masks\IMG003570.png,608,1496,0,0,0,False,0
IMG003571.jpeg,0,data\raw\images\IMG003571.jpeg,,data\processed\masks\IMG003571.png,1198,2466,0,0,0,False,0
IMG003572.jpeg,0,data\raw\images\IMG003572.jpeg,,data\processed\masks\IMG003572.png,1042,2496,0,0,0,False,0
IMG003573.jpeg,0,data\raw\images\IMG003573.jpeg,,data\processed\masks\IMG003573.png,1354,1767,0,0,0,False,0
IMG003574.jpeg,0,data\raw\images\IMG003574.jpeg,,data\processed\masks\IMG003574.png,996,2060,0,0,0,False,0
IMG003575.jpeg,0,data\raw\images\IMG003575.jpeg,,data\processed\masks\IMG003575.png,1253,1891,0,0,0,False,0
IMG003576.jpeg,0,data\raw\images\IMG003576.jpeg,,data\processed\masks\IMG003576.png,573,811,0,0,0,False,0
IMG003577.jpeg,0,data\raw\images\IMG003577.jpeg,,data\processed\masks\IMG003577.png,768,999,0,0,0,False,0
IMG003578.jpeg,0,data\raw\images\IMG003578.jpeg,,data\processed\masks\IMG003578.png,756,1048,0,0,0,False,0
IMG003579.jpeg,0,data\raw\images\IMG003579.jpeg,,data\processed\masks\IMG003579.png,775,1065,0,0,0,False,0
IMG003580.jpeg,0,data\raw\images\IMG003580.jpeg,,data\processed\masks\IMG003580.png,2144,2968,0,0,0,False,0
IMG003581.jpeg,0,data\raw\images\IMG003581.jpeg,,data\processed\masks\IMG003581.png,2510,2411,0,0,0,False,0
IMG003582.jpeg,0,data\raw\images\IMG003582.jpeg,,data\processed\masks\IMG003582.png,1264,1052,0,0,0,False,0
IMG003583.jpeg,0,data\raw\images\IMG003583.jpeg,,data\processed\masks\IMG003583.png,583,619,0,0,0,False,0
IMG003584.jpeg,0,data\raw\images\IMG003584.jpeg,,data\processed\masks\IMG003584.png,662,525,0,0,0,False,0
IMG003585.jpeg,0,data\raw\images\IMG003585.jpeg,,data\processed\masks\IMG003585.png,2523,1466,0,0,0,False,0
IMG003586.jpeg,0,data\raw\images\IMG003586.jpeg,,data\processed\masks\IMG003586.png,2724,1658,0,0,0,False,0
IMG003587.jpeg,0,data\raw\images\IMG003587.jpeg,,data\processed\masks\IMG003587.png,2862,1696,0,0,0,False,0
IMG003588.jpeg,0,data\raw\images\IMG003588.jpeg,,data\processed\masks\IMG003588.png,2745,1596,0,0,0,False,0
IMG003589.jpeg,0,data\raw\images\IMG003589.jpeg,,data\processed\masks\IMG003589.png,1028,1629,0,0,0,False,0
IMG003590.jpeg,0,data\raw\images\IMG003590.jpeg,,data\processed\masks\IMG003590.png,1036,1629,0,0,0,False,0
IMG003591.jpeg,0,data\raw\images\IMG003591.jpeg,,data\processed\masks\IMG003591.png,576,847,0,0,0,False,0
IMG003592.jpeg,0,data\raw\images\IMG003592.jpeg,,data\processed\masks\IMG003592.png,1700,1700,0,0,0,False,0
IMG003593.jpeg,0,data\raw\images\IMG003593.jpeg,,data\processed\masks\IMG003593.png,1700,1700,0,0,0,False,0
IMG003594.jpeg,0,data\raw\images\IMG003594.jpeg,,data\processed\masks\IMG003594.png,591,875,0,0,0,False,0
IMG003595.jpeg,0,data\raw\images\IMG003595.jpeg,,data\processed\masks\IMG003595.png,955,1599,0,0,0,False,0
IMG003596.jpeg,0,data\raw\images\IMG003596.jpeg,,data\processed\masks\IMG003596.png,1046,1110,0,0,0,False,0
IMG003597.jpeg,0,data\raw\images\IMG003597.jpeg,,data\processed\masks\IMG003597.png,1012,2224,0,0,0,False,0
IMG003598.jpeg,0,data\raw\images\IMG003598.jpeg,,data\processed\masks\IMG003598.png,2146,1564,0,0,0,False,0
IMG003599.jpeg,0,data\raw\images\IMG003599.jpeg,,data\processed\masks\IMG003599.png,931,2028,0,0,0,False,0
IMG003600.jpeg,0,data\raw\images\IMG003600.jpeg,,data\processed\masks\IMG003600.png,2224,1262,0,0,0,False,0
IMG003601.jpeg,0,data\raw\images\IMG003601.jpeg,,data\processed\masks\IMG003601.png,1197,1574,0,0,0,False,0
IMG003602.jpeg,0,data\raw\images\IMG003602.jpeg,,data\processed\masks\IMG003602.png,2971,2572,0,0,0,False,0
IMG003603.jpeg,0,data\raw\images\IMG003603.jpeg,,data\processed\masks\IMG003603.png,1568,1226,0,0,0,False,0
IMG003604.jpeg,0,data\raw\images\IMG003604.jpeg,,data\processed\masks\IMG003604.png,2652,2644,0,0,0,False,0
IMG003605.jpeg,0,data\raw\images\IMG003605.jpeg,,data\processed\masks\IMG003605.png,1047,1539,0,0,0,False,0
IMG003606.jpeg,0,data\raw\images\IMG003606.jpeg,,data\processed\masks\IMG003606.png,980,1504,0,0,0,False,0
IMG003607.jpeg,0,data\raw\images\IMG003607.jpeg,,data\processed\masks\IMG003607.png,1468,1798,0,0,0,False,0
IMG003608.jpeg,0,data\raw\images\IMG003608.jpeg,,data\processed\masks\IMG003608.png,1088,1733,0,0,0,False,0
IMG003609.jpeg,0,data\raw\images\IMG003609.jpeg,,data\processed\masks\IMG003609.png,896,1768,0,0,0,False,0
IMG003610.jpeg,0,data\raw\images\IMG003610.jpeg,,data\processed\masks\IMG003610.png,1360,1856,0,0,0,False,0
IMG003611.jpeg,0,data\raw\images\IMG003611.jpeg,,data\processed\masks\IMG003611.png,1506,1440,0,0,0,False,0
IMG003612.jpeg,0,data\raw\images\IMG003612.jpeg,,data\processed\masks\IMG003612.png,494,1807,0,0,0,False,0
IMG003613.jpeg,0,data\raw\images\IMG003613.jpeg,,data\processed\masks\IMG003613.png,153,476,0,0,0,False,0
IMG003614.jpeg,0,data\raw\images\IMG003614.jpeg,,data\processed\masks\IMG003614.png,1244,1912,0,0,0,False,0
IMG003615.jpeg,0,data\raw\images\IMG003615.jpeg,,data\processed\masks\IMG003615.png,1244,1868,0,0,0,False,0
IMG003616.jpeg,0,data\raw\images\IMG003616.jpeg,,data\processed\masks\IMG003616.png,890,1644,0,0,0,False,0
IMG003617.jpeg,0,data\raw\images\IMG003617.jpeg,,data\processed\masks\IMG003617.png,1064,1758,0,0,0,False,0
IMG003618.jpeg,0,data\raw\images\IMG003618.jpeg,,data\processed\masks\IMG003618.png,1304,1711,0,0,0,False,0
IMG003619.jpeg,0,data\raw\images\IMG003619.jpeg,,data\processed\masks\IMG003619.png,2226,1393,0,0,0,False,0
IMG003620.jpeg,0,data\raw\images\IMG003620.jpeg,,data\processed\masks\IMG003620.png,922,1334,0,0,0,False,0
IMG003621.jpeg,0,data\raw\images\IMG003621.jpeg,,data\processed\masks\IMG003621.png,2494,2048,0,0,0,False,0
IMG003622.jpeg,0,data\raw\images\IMG003622.jpeg,,data\processed\masks\IMG003622.png,1020,2172,0,0,0,False,0
IMG003623.jpeg,0,data\raw\images\IMG003623.jpeg,,data\processed\masks\IMG003623.png,1712,648,0,0,0,False,0
IMG003624.jpeg,0,data\raw\images\IMG003624.jpeg,,data\processed\masks\IMG003624.png,642,814,0,0,0,False,0
IMG003625.jpeg,0,data\raw\images\IMG003625.jpeg,,data\processed\masks\IMG003625.png,619,810,0,0,0,False,0
IMG003626.jpeg,0,data\raw\images\IMG003626.jpeg,,data\processed\masks\IMG003626.png,1133,1241,0,0,0,False,0
IMG003627.jpeg,0,data\raw\images\IMG003627.jpeg,,data\processed\masks\IMG003627.png,1024,1024,0,0,0,False,0
IMG003628.jpeg,0,data\raw\images\IMG003628.jpeg,,data\processed\masks\IMG003628.png,1024,1024,0,0,0,False,0
IMG003629.jpeg,0,data\raw\images\IMG003629.jpeg,,data\processed\masks\IMG003629.png,634,748,0,0,0,False,0
IMG003630.jpeg,0,data\raw\images\IMG003630.jpeg,,data\processed\masks\IMG003630.png,632,682,0,0,0,False,0
IMG003631.jpeg,0,data\raw\images\IMG003631.jpeg,,data\processed\masks\IMG003631.png,1206,1824,0,0,0,False,0
IMG003632.jpeg,0,data\raw\images\IMG003632.jpeg,,data\processed\masks\IMG003632.png,1404,1814,0,0,0,False,0
IMG003633.jpeg,0,data\raw\images\IMG003633.jpeg,,data\processed\masks\IMG003633.png,1660,1798,0,0,0,False,0
IMG003634.jpeg,0,data\raw\images\IMG003634.jpeg,,data\processed\masks\IMG003634.png,1214,1864,0,0,0,False,0
IMG003635.jpeg,0,data\raw\images\IMG003635.jpeg,,data\processed\masks\IMG003635.png,1478,2735,0,0,0,False,0
IMG003636.jpeg,0,data\raw\images\IMG003636.jpeg,,data\processed\masks\IMG003636.png,2902,2908,0,0,0,False,0
IMG003637.jpeg,0,data\raw\images\IMG003637.jpeg,,data\processed\masks\IMG003637.png,2398,2907,0,0,0,False,0
IMG003638.jpeg,0,data\raw\images\IMG003638.jpeg,,data\processed\masks\IMG003638.png,1514,2917,0,0,0,False,0
IMG003639.jpeg,0,data\raw\images\IMG003639.jpeg,,data\processed\masks\IMG003639.png,2492,2915,0,0,0,False,0
IMG003640.jpeg,0,data\raw\images\IMG003640.jpeg,,data\processed\masks\IMG003640.png,1666,2905,0,0,0,False,0
IMG003641.jpeg,0,data\raw\images\IMG003641.jpeg,,data\processed\masks\IMG003641.png,1478,2734,0,0,0,False,0
IMG003642.jpeg,0,data\raw\images\IMG003642.jpeg,,data\processed\masks\IMG003642.png,2195,2094,0,0,0,False,0
IMG003643.jpeg,0,data\raw\images\IMG003643.jpeg,,data\processed\masks\IMG003643.png,2619,1985,0,0,0,False,0
IMG003644.jpeg,0,data\raw\images\IMG003644.jpeg,,data\processed\masks\IMG003644.png,2408,2301,0,0,0,False,0
IMG003645.jpeg,0,data\raw\images\IMG003645.jpeg,,data\processed\masks\IMG003645.png,1508,1524,0,0,0,False,0
IMG003646.jpeg,0,data\raw\images\IMG003646.jpeg,,data\processed\masks\IMG003646.png,1524,1524,0,0,0,False,0
IMG003647.jpeg,0,data\raw\images\IMG003647.jpeg,,data\processed\masks\IMG003647.png,713,778,0,0,0,False,0
IMG003648.jpeg,0,data\raw\images\IMG003648.jpeg,,data\processed\masks\IMG003648.png,523,779,0,0,0,False,0
IMG003649.jpeg,0,data\raw\images\IMG003649.jpeg,,data\processed\masks\IMG003649.png,2342,1905,0,0,0,False,0
IMG003650.jpeg,0,data\raw\images\IMG003650.jpeg,,data\processed\masks\IMG003650.png,728,1367,0,0,0,False,0
IMG003651.jpeg,0,data\raw\images\IMG003651.jpeg,,data\processed\masks\IMG003651.png,1139,1969,0,0,0,False,0
IMG003652.jpeg,0,data\raw\images\IMG003652.jpeg,,data\processed\masks\IMG003652.png,1045,819,0,0,0,False,0
IMG003653.jpeg,0,data\raw\images\IMG003653.jpeg,,data\processed\masks\IMG003653.png,1773,1001,0,0,0,False,0
IMG003654.jpeg,0,data\raw\images\IMG003654.jpeg,,data\processed\masks\IMG003654.png,1165,1549,0,0,0,False,0
IMG003655.jpeg,0,data\raw\images\IMG003655.jpeg,,data\processed\masks\IMG003655.png,2517,2920,0,0,0,False,0
IMG003656.jpeg,0,data\raw\images\IMG003656.jpeg,,data\processed\masks\IMG003656.png,2517,2913,0,0,0,False,0
IMG003657.jpeg,0,data\raw\images\IMG003657.jpeg,,data\processed\masks\IMG003657.png,3028,2517,0,0,0,False,0
IMG003658.jpeg,0,data\raw\images\IMG003658.jpeg,,data\processed\masks\IMG003658.png,1248,1624,0,0,0,False,0
IMG003659.jpeg,0,data\raw\images\IMG003659.jpeg,,data\processed\masks\IMG003659.png,1184,860,0,0,0,False,0
IMG003660.jpeg,0,data\raw\images\IMG003660.jpeg,,data\processed\masks\IMG003660.png,1248,912,0,0,0,False,0
IMG003661.jpeg,0,data\raw\images\IMG003661.jpeg,,data\processed\masks\IMG003661.png,1084,1704,0,0,0,False,0
IMG003662.jpeg,0,data\raw\images\IMG003662.jpeg,,data\processed\masks\IMG003662.png,757,1612,0,0,0,False,0
IMG003663.jpeg,0,data\raw\images\IMG003663.jpeg,,data\processed\masks\IMG003663.png,1060,1832,0,0,0,False,0
IMG003664.jpeg,0,data\raw\images\IMG003664.jpeg,,data\processed\masks\IMG003664.png,817,817,0,0,0,False,0
IMG003665.jpeg,0,data\raw\images\IMG003665.jpeg,,data\processed\masks\IMG003665.png,780,780,0,0,0,False,0
IMG003666.jpeg,0,data\raw\images\IMG003666.jpeg,,data\processed\masks\IMG003666.png,1177,1682,0,0,0,False,0
IMG003667.jpeg,0,data\raw\images\IMG003667.jpeg,,data\processed\masks\IMG003667.png,1027,1631,0,0,0,False,0
IMG003668.jpeg,0,data\raw\images\IMG003668.jpeg,,data\processed\masks\IMG003668.png,1251,1704,0,0,0,False,0
IMG003669.jpeg,0,data\raw\images\IMG003669.jpeg,,data\processed\masks\IMG003669.png,1299,1597,0,0,0,False,0
IMG003670.jpeg,0,data\raw\images\IMG003670.jpeg,,data\processed\masks\IMG003670.png,342,811,0,0,0,False,0
IMG003671.jpeg,0,data\raw\images\IMG003671.jpeg,,data\processed\masks\IMG003671.png,319,810,0,0,0,False,0
IMG003672.jpeg,0,data\raw\images\IMG003672.jpeg,,data\processed\masks\IMG003672.png,1032,2086,0,0,0,False,0
IMG003673.jpeg,0,data\raw\images\IMG003673.jpeg,,data\processed\masks\IMG003673.png,456,2088,0,0,0,False,0
IMG003674.jpeg,0,data\raw\images\IMG003674.jpeg,,data\processed\masks\IMG003674.png,875,784,0,0,0,False,0
IMG003675.jpeg,0,data\raw\images\IMG003675.jpeg,,data\processed\masks\IMG003675.png,558,798,0,0,0,False,0
IMG003676.jpeg,0,data\raw\images\IMG003676.jpeg,,data\processed\masks\IMG003676.png,532,694,0,0,0,False,0
IMG003677.jpeg,0,data\raw\images\IMG003677.jpeg,,data\processed\masks\IMG003677.png,768,663,0,0,0,False,0
IMG003678.jpeg,0,data\raw\images\IMG003678.jpeg,,data\processed\masks\IMG003678.png,538,751,0,0,0,False,0
IMG003679.jpeg,0,data\raw\images\IMG003679.jpeg,,data\processed\masks\IMG003679.png,1782,1528,0,0,0,False,0
IMG003680.jpeg,0,data\raw\images\IMG003680.jpeg,,data\processed\masks\IMG003680.png,1406,1848,0,0,0,False,0
IMG003681.jpeg,0,data\raw\images\IMG003681.jpeg,,data\processed\masks\IMG003681.png,1112,1930,0,0,0,False,0
IMG003682.jpeg,0,data\raw\images\IMG003682.jpeg,,data\processed\masks\IMG003682.png,2192,2461,0,0,0,False,0
IMG003683.jpeg,0,data\raw\images\IMG003683.jpeg,,data\processed\masks\IMG003683.png,1826,2371,0,0,0,False,0
IMG003684.jpeg,0,data\raw\images\IMG003684.jpeg,,data\processed\masks\IMG003684.png,2840,2808,0,0,0,False,0
IMG003685.jpeg,0,data\raw\images\IMG003685.jpeg,,data\processed\masks\IMG003685.png,1299,1597,0,0,0,False,0
IMG003686.jpeg,0,data\raw\images\IMG003686.jpeg,,data\processed\masks\IMG003686.png,1251,1704,0,0,0,False,0
IMG003687.jpeg,0,data\raw\images\IMG003687.jpeg,,data\processed\masks\IMG003687.png,1693,1850,0,0,0,False,0
IMG003688.jpeg,0,data\raw\images\IMG003688.jpeg,,data\processed\masks\IMG003688.png,2057,2025,0,0,0,False,0
IMG003689.jpeg,0,data\raw\images\IMG003689.jpeg,,data\processed\masks\IMG003689.png,2057,1169,0,0,0,False,0
IMG003690.jpeg,0,data\raw\images\IMG003690.jpeg,,data\processed\masks\IMG003690.png,1844,1556,0,0,0,False,0
IMG003691.jpeg,0,data\raw\images\IMG003691.jpeg,,data\processed\masks\IMG003691.png,2330,2570,0,0,0,False,0
IMG003692.jpeg,0,data\raw\images\IMG003692.jpeg,,data\processed\masks\IMG003692.png,1653,2068,0,0,0,False,0
IMG003693.jpeg,0,data\raw\images\IMG003693.jpeg,,data\processed\masks\IMG003693.png,2292,2606,0,0,0,False,0
IMG003694.jpeg,0,data\raw\images\IMG003694.jpeg,,data\processed\masks\IMG003694.png,1639,1969,0,0,0,False,0
IMG003695.jpeg,0,data\raw\images\IMG003695.jpeg,,data\processed\masks\IMG003695.png,1491,1924,0,0,0,False,0
IMG003696.jpeg,0,data\raw\images\IMG003696.jpeg,,data\processed\masks\IMG003696.png,1423,1831,0,0,0,False,0
IMG003697.jpeg,0,data\raw\images\IMG003697.jpeg,,data\processed\masks\IMG003697.png,1334,1789,0,0,0,False,0
IMG003698.jpeg,0,data\raw\images\IMG003698.jpeg,,data\processed\masks\IMG003698.png,1264,1740,0,0,0,False,0
IMG003699.jpeg,0,data\raw\images\IMG003699.jpeg,,data\processed\masks\IMG003699.png,773,1466,0,0,0,False,0
IMG003700.jpeg,0,data\raw\images\IMG003700.jpeg,,data\processed\masks\IMG003700.png,969,1426,0,0,0,False,0
IMG003701.jpeg,0,data\raw\images\IMG003701.jpeg,,data\processed\masks\IMG003701.png,233,455,0,0,0,False,0
IMG003702.jpeg,0,data\raw\images\IMG003702.jpeg,,data\processed\masks\IMG003702.png,1016,2488,0,0,0,False,0
IMG003703.jpeg,0,data\raw\images\IMG003703.jpeg,,data\processed\masks\IMG003703.png,1504,1844,0,0,0,False,0
IMG003704.jpeg,0,data\raw\images\IMG003704.jpeg,,data\processed\masks\IMG003704.png,2633,2089,0,0,0,False,0
IMG003705.jpeg,0,data\raw\images\IMG003705.jpeg,,data\processed\masks\IMG003705.png,1324,1800,0,0,0,False,0
IMG003706.jpeg,0,data\raw\images\IMG003706.jpeg,,data\processed\masks\IMG003706.png,1547,2029,0,0,0,False,0
IMG003707.jpeg,0,data\raw\images\IMG003707.jpeg,,data\processed\masks\IMG003707.png,2392,3001,0,0,0,False,0
IMG003708.jpeg,0,data\raw\images\IMG003708.jpeg,,data\processed\masks\IMG003708.png,1559,2504,0,0,0,False,0
IMG003709.jpeg,0,data\raw\images\IMG003709.jpeg,,data\processed\masks\IMG003709.png,1200,1585,0,0,0,False,0
IMG003710.jpeg,0,data\raw\images\IMG003710.jpeg,,data\processed\masks\IMG003710.png,977,1555,0,0,0,False,0
IMG003711.jpeg,0,data\raw\images\IMG003711.jpeg,,data\processed\masks\IMG003711.png,1348,1701,0,0,0,False,0
IMG003712.jpeg,0,data\raw\images\IMG003712.jpeg,,data\processed\masks\IMG003712.png,764,920,0,0,0,False,0
IMG003713.jpeg,0,data\raw\images\IMG003713.jpeg,,data\processed\masks\IMG003713.png,764,920,0,0,0,False,0
IMG003714.jpeg,0,data\raw\images\IMG003714.jpeg,,data\processed\masks\IMG003714.png,3049,3265,0,0,0,False,0
IMG003715.jpeg,0,data\raw\images\IMG003715.jpeg,,data\processed\masks\IMG003715.png,1288,1808,0,0,0,False,0
IMG003716.jpeg,0,data\raw\images\IMG003716.jpeg,,data\processed\masks\IMG003716.png,1481,1705,0,0,0,False,0
IMG003717.jpeg,0,data\raw\images\IMG003717.jpeg,,data\processed\masks\IMG003717.png,2280,1833,0,0,0,False,0
IMG003718.jpeg,0,data\raw\images\IMG003718.jpeg,,data\processed\masks\IMG003718.png,2440,2080,0,0,0,False,0
IMG003719.jpeg,0,data\raw\images\IMG003719.jpeg,,data\processed\masks\IMG003719.png,2360,2036,0,0,0,False,0
IMG003720.jpg,0,data\raw\images\IMG003720.jpg,,data\processed\masks\IMG003720.png,410,466,0,0,0,False,0
IMG003721.jpg,0,data\raw\images\IMG003721.jpg,,data\processed\masks\IMG003721.png,800,975,0,0,0,False,0
IMG003722.jpg,0,data\raw\images\IMG003722.jpg,,data\processed\masks\IMG003722.png,788,975,0,0,0,False,0
IMG003723.jpg,0,data\raw\images\IMG003723.jpg,,data\processed\masks\IMG003723.png,524,480,0,0,0,False,0
IMG003724.jpg,0,data\raw\images\IMG003724.jpg,,data\processed\masks\IMG003724.png,1024,1309,0,0,0,False,0
IMG003725.jpg,0,data\raw\images\IMG003725.jpg,,data\processed\masks\IMG003725.png,1019,1252,0,0,0,False,0
IMG003726.jpg,0,data\raw\images\IMG003726.jpg,,data\processed\masks\IMG003726.png,1024,1292,0,0,0,False,0
IMG003727.jpg,0,data\raw\images\IMG003727.jpg,,data\processed\masks\IMG003727.png,637,1105,0,0,0,False,0
IMG003728.jpg,0,data\raw\images\IMG003728.jpg,,data\processed\masks\IMG003728.png,1024,1286,0,0,0,False,0
IMG003729.jpg,0,data\raw\images\IMG003729.jpg,,data\processed\masks\IMG003729.png,584,480,0,0,0,False,0
IMG003730.jpg,0,data\raw\images\IMG003730.jpg,,data\processed\masks\IMG003730.png,1024,1230,0,0,0,False,0
IMG003731.jpg,0,data\raw\images\IMG003731.jpg,,data\processed\masks\IMG003731.png,1024,1286,0,0,0,False,0
IMG003732.jpg,0,data\raw\images\IMG003732.jpg,,data\processed\masks\IMG003732.png,1024,1286,0,0,0,False,0
IMG003733.jpg,0,data\raw\images\IMG003733.jpg,,data\processed\masks\IMG003733.png,1024,1286,0,0,0,False,0
IMG003734.jpg,0,data\raw\images\IMG003734.jpg,,data\processed\masks\IMG003734.png,1024,1286,0,0,0,False,0
IMG003735.jpg,0,data\raw\images\IMG003735.jpg,,data\processed\masks\IMG003735.png,953,1200,0,0,0,False,0
IMG003736.jpg,0,data\raw\images\IMG003736.jpg,,data\processed\masks\IMG003736.png,775,906,0,0,0,False,0
IMG003737.jpg,0,data\raw\images\IMG003737.jpg,,data\processed\masks\IMG003737.png,1024,1286,0,0,0,False,0
IMG003738.jpg,0,data\raw\images\IMG003738.jpg,,data\processed\masks\IMG003738.png,512,480,0,0,0,False,0
IMG003739.jpg,0,data\raw\images\IMG003739.jpg,,data\processed\masks\IMG003739.png,512,480,0,0,0,False,0
IMG003740.jpg,0,data\raw\images\IMG003740.jpg,,data\processed\masks\IMG003740.png,960,1200,0,0,0,False,0
IMG003741.jpg,0,data\raw\images\IMG003741.jpg,,data\processed\masks\IMG003741.png,480,626,0,0,0,False,0
IMG003742.jpg,0,data\raw\images\IMG003742.jpg,,data\processed\masks\IMG003742.png,480,630,0,0,0,False,0
IMG003743.jpg,0,data\raw\images\IMG003743.jpg,,data\processed\masks\IMG003743.png,471,640,0,0,0,False,0
IMG003744.jpg,0,data\raw\images\IMG003744.jpg,,data\processed\masks\IMG003744.png,480,591,0,0,0,False,0
IMG003745.jpg,0,data\raw\images\IMG003745.jpg,,data\processed\masks\IMG003745.png,1013,1175,0,0,0,False,0
IMG003746.jpg,0,data\raw\images\IMG003746.jpg,,data\processed\masks\IMG003746.png,1024,865,0,0,0,False,0
